Sum of active_region,Year,Quarter,Month,Day,class_type,Year,Quarter,Month,Day,Sum of day,Year,Quarter,Month,Day,event_id,event_type,Sum of hour,instruments,Sum of month,note,Year,Quarter,Month,Day,source_location,Sum of year
13372,2023,Qtr 3,July,11,M1.0,2023,Qtr 3,July,11,11,2023,Qtr 3,July,11,2023-07-11T16:25:00-Flr-001,Solar Flare,16,GOES-P: EXIS 1.0-8.0,7,No Note,2023,Qtr 3,July,11,N25E89,2023
13372,2023,Qtr 3,July,11,M1.1,2023,Qtr 3,July,11,11,2023,Qtr 3,July,11,2023-07-11T16:02:00-Flr-001,Solar Flare,16,GOES-P: EXIS 1.0-8.0,7,No Note,2023,Qtr 3,July,11,N25E89,2023
13379,2023,Qtr 3,July,11,M2.0,2023,Qtr 3,July,11,11,2023,Qtr 3,July,11,2023-07-11T14:19:00-Flr-001,Solar Flare,14,GOES-P: EXIS 1.0-8.0,7,No Note,2023,Qtr 3,July,11,N25E90,2023
13372,2023,Qtr 3,July,11,M6.8,2023,Qtr 3,July,11,11,2023,Qtr 3,July,11,2023-07-11T17:51:00-Flr-001,Solar Flare,17,GOES-P: EXIS 1.0-8.0,7,No Note,2023,Qtr 3,July,11,N25E88,2023
13372,2023,Qtr 3,July,12,M1.0,2023,Qtr 3,July,11,11,2023,Qtr 3,July,12,2023-07-11T19:20:00-Flr-001,Solar Flare,19,GOES-P: EXIS 1.0-8.0,7,Simultaneous Brightening South Of Ar3363.,2023,Qtr 3,July,12,N25E88,2023
13368,2023,Qtr 3,July,12,M1.2,2023,Qtr 3,July,11,11,2023,Qtr 3,July,12,2023-07-11T23:34:00-Flr-001,Solar Flare,23,GOES-P: EXIS 1.0-8.0,7,No Note,2023,Qtr 3,July,12,S19W59,2023
13372,2023,Qtr 3,July,12,M1.3,2023,Qtr 3,July,12,12,2023,Qtr 3,July,12,2023-07-12T04:31:00-Flr-001,Solar Flare,4,GOES-P: EXIS 1.0-8.0,7,No Note,2023,Qtr 3,July,12,N25E88,2023
13361,2023,Qtr 3,July,12,M1.3,2023,Qtr 3,July,12,12,2023,Qtr 3,July,12,2023-07-12T05:10:00-Flr-001,Solar Flare,5,GOES-P: EXIS 1.0-8.0,7,No Note,2023,Qtr 3,July,12,N25W54,2023
13366,2023,Qtr 3,July,12,M1.4,2023,Qtr 3,July,12,12,2023,Qtr 3,July,12,2023-07-12T00:21:00-Flr-001,Solar Flare,0,GOES-P: EXIS 1.0-8.0,7,No Note,2023,Qtr 3,July,12,S11W67,2023
13372,2023,Qtr 3,July,12,M5.8,2023,Qtr 3,July,11,11,2023,Qtr 3,July,12,2023-07-11T22:04:00-Flr-001,Solar Flare,22,GOES-P: EXIS 1.0-8.0,7,No Note,2023,Qtr 3,July,12,N26E88,2023
13372,2023,Qtr 3,July,12,M6.9,2023,Qtr 3,July,12,12,2023,Qtr 3,July,12,2023-07-12T08:49:00-Flr-001,Solar Flare,8,GOES-P: EXIS 1.0-8.0,7,No Note,2023,Qtr 3,July,12,N26E86,2023
13370,2023,Qtr 3,July,14,C8.8,2023,Qtr 3,July,14,14,2023,Qtr 3,July,15,2023-07-14T18:27:00-Flr-001,Solar Flare,18,GOES-P: EXIS 1.0-8.0,7,No Note,2023,Qtr 3,July,15,S18E14,2023
13363,2023,Qtr 3,July,14,M1.0,2023,Qtr 3,July,14,14,2023,Qtr 3,July,14,2023-07-14T09:22:00-Flr-001,Solar Flare,9,GOES-P: EXIS 1.0-8.0,7,No Note,2023,Qtr 3,July,14,S23W25,2023
13372,2023,Qtr 3,July,14,M2.1,2023,Qtr 3,July,13,13,2023,Qtr 3,July,14,2023-07-13T18:55:00-Flr-001,Solar Flare,18,GOES-P: EXIS 1.0-8.0,7,"Location: Simultaneous Flaring On Both The Eastern And Western Portions Of The Solar Disk, As Seen In Sdo Aia 131 Imagery. The Brightest (In Terms Of Visual Appearance) Source Is Ar 3372 (N22E60), But The Two Additional Simultaneous Flares Occur On The Western Limb: Ar3361 (N25W75) With Associated Ejecta, And Ar3368 (S17W88) Which Flares Just Beyond The Limb.",2023,Qtr 3,July,14,N22E60,2023
13372,2023,Qtr 3,July,15,M1.0,2023,Qtr 3,July,15,15,2023,Qtr 3,July,15,2023-07-15T09:43:00-Flr-001,Solar Flare,9,GOES-P: EXIS 1.0-8.0,7,No Note,2023,Qtr 3,July,15,N21E42,2023
13372,2023,Qtr 3,July,15,M2.2,2023,Qtr 3,July,15,15,2023,Qtr 3,July,15,2023-07-15T10:05:00-Flr-001,Solar Flare,10,GOES-P: EXIS 1.0-8.0,7,No Note,2023,Qtr 3,July,15,N21E41,2023
13363,2023,Qtr 3,July,15,M2.9,2023,Qtr 3,July,15,15,2023,Qtr 3,July,15,2023-07-15T07:21:00-Flr-001,Solar Flare,7,GOES-P: EXIS 1.0-8.0,7,No Note,2023,Qtr 3,July,15,S25W40,2023
13363,2023,Qtr 3,July,16,C4.7,2023,Qtr 3,July,16,16,2023,Qtr 3,July,16,2023-07-16T08:31:00-Flr-001,Solar Flare,8,GOES-P: EXIS 1.0-8.0,7,No Note,2023,Qtr 3,July,16,S25W50,2023
13363,2023,Qtr 3,July,16,C8.8,2023,Qtr 3,July,15,15,2023,Qtr 3,July,16,2023-07-15T19:50:00-Flr-001,Solar Flare,19,GOES-P: EXIS 1.0-8.0,7,No Note,2023,Qtr 3,July,16,S22W45,2023
13372,2023,Qtr 3,July,16,M1.0,2023,Qtr 3,July,16,16,2023,Qtr 3,July,16,2023-07-16T08:16:00-Flr-001,Solar Flare,8,GOES-P: EXIS 1.0-8.0,7,No Note,2023,Qtr 3,July,16,N20E30,2023
13372,2023,Qtr 3,July,16,M1.7,2023,Qtr 3,July,16,16,2023,Qtr 3,July,16,2023-07-16T14:57:00-Flr-001,Solar Flare,14,GOES-P: EXIS 1.0-8.0,7,No Note,2023,Qtr 3,July,16,N20E25,2023
13363,2023,Qtr 3,July,16,M4.0,2023,Qtr 3,July,16,16,2023,Qtr 3,July,17,2023-07-16T17:36:00-Flr-001,Solar Flare,17,GOES-P: EXIS 1.0-8.0,7,No Note,2023,Qtr 3,July,16,S25W60,2023
13379,2023,Qtr 3,July,18,M1.5,2023,Qtr 3,July,18,18,2023,Qtr 3,July,18,2023-07-18T06:45:00-Flr-001,Solar Flare,6,GOES-P: EXIS 1.0-8.0,7,"At The Time Of This Flare The Active Region Was On Or Just Beyond The Eastern Limb And Was Unnumbered. This Entry Has Been Updated To Include Newly Numbered Active Region 13379, Which Was Most Likely The Region Responsible For This Flare.",2023,Qtr 3,July,18,N12E90,2023
13363,2023,Qtr 3,July,18,M2.7,2023,Qtr 3,July,17,17,2023,Qtr 3,July,18,2023-07-17T22:41:00-Flr-001,Solar Flare,22,GOES-P: EXIS 1.0-8.0,7,No Note,2023,Qtr 3,July,18,S25W72,2023
13363,2023,Qtr 3,July,18,M5.0,2023,Qtr 3,July,17,17,2023,Qtr 3,July,18,2023-07-17T23:18:00-Flr-001,Solar Flare,23,GOES-P: EXIS 1.0-8.0,7,No Note,2023,Qtr 3,July,18,S25W72,2023
13363,2023,Qtr 3,July,18,M5.7,2023,Qtr 3,July,17,17,2023,Qtr 3,July,18,2023-07-17T23:37:00-Flr-001,Solar Flare,23,GOES-P: EXIS 1.0-8.0,7,No Note,2023,Qtr 3,July,18,S25W72,2023
13376,2023,Qtr 3,July,19,M1.3,2023,Qtr 3,July,18,18,2023,Qtr 3,July,19,2023-07-18T19:32:00-Flr-001,Solar Flare,19,GOES-P: EXIS 1.0-8.0,7,No Note,2023,Qtr 3,July,19,N27E35,2023
13376,2023,Qtr 3,July,19,M1.4,2023,Qtr 3,July,18,18,2023,Qtr 3,July,19,2023-07-18T20:00:00-Flr-001,Solar Flare,20,GOES-P: EXIS 1.0-8.0,7,No Note,2023,Qtr 3,July,19,N27E31,2023
13363,2023,Qtr 3,July,19,M1.4,2023,Qtr 3,July,19,19,2023,Qtr 3,July,19,2023-07-19T10:49:00-Flr-001,Solar Flare,10,GOES-P: EXIS 1.0-8.0,7,No Note,2023,Qtr 3,July,19,S25W90,2023
13363,2023,Qtr 3,July,19,M2.1,2023,Qtr 3,July,18,18,2023,Qtr 3,July,19,2023-07-18T20:16:00-Flr-001,Solar Flare,20,GOES-P: EXIS 1.0-8.0,7,No Note,2023,Qtr 3,July,19,S21W87,2023
13363,2023,Qtr 3,July,19,M3.8,2023,Qtr 3,July,19,19,2023,Qtr 3,July,19,2023-07-19T17:04:00-Flr-001,Solar Flare,17,GOES-P: EXIS 1.0-8.0,7,Active Region 13363 Has Rotated Off The Earth-Facing Disk So The Longitude Is Likely Higher Than 90 Degrees.,2023,Qtr 3,July,19,S19W90,2023
13373,2023,Qtr 3,July,22,M1.0,2023,Qtr 3,July,22,22,2023,Qtr 3,July,22,2023-07-22T04:12:00-Flr-001,Solar Flare,4,GOES-P: EXIS 1.0-8.0,7,No Note,2023,Qtr 3,July,22,N07W29,2023
13372,2023,Qtr 3,July,22,M3.1,2023,Qtr 3,July,22,22,2023,Qtr 3,July,22,2023-07-22T03:12:00-Flr-001,Solar Flare,3,GOES-P: EXIS 1.0-8.0,7,No Note,2023,Qtr 3,July,22,N25W50,2023
13376,2023,Qtr 3,July,23,C5.2,2023,Qtr 3,July,23,23,2023,Qtr 3,July,23,2023-07-23T14:47:00-Flr-001,Solar Flare,14,GOES-P: EXIS 1.0-8.0,7,No Note,2023,Qtr 3,July,23,N28W25,2023
13376,2023,Qtr 3,July,25,M1.5,2023,Qtr 3,July,25,25,2023,Qtr 3,July,25,2023-07-25T01:36:00-Flr-001,Solar Flare,1,GOES-P: EXIS 1.0-8.0,7,No Note,2023,Qtr 3,July,25,N25W52,2023
13376,2023,Qtr 3,July,26,M1.1,2023,Qtr 3,July,26,26,2023,Qtr 3,July,26,2023-07-26T16:10:00-Flr-001,Solar Flare,16,GOES-P: EXIS 1.0-8.0,7,No Note,2023,Qtr 3,July,26,N23W77,2023
13376,2023,Qtr 3,July,26,M1.2,2023,Qtr 3,July,26,26,2023,Qtr 3,July,26,2023-07-26T04:21:00-Flr-001,Solar Flare,4,GOES-P: EXIS 1.0-8.0,7,No Note,2023,Qtr 3,July,26,N23W68,2023
13380,2023,Qtr 3,July,26,M1.6,2023,Qtr 3,July,25,25,2023,Qtr 3,July,26,2023-07-25T21:08:00-Flr-001,Solar Flare,21,GOES-P: EXIS 1.0-8.0,7,No Note,2023,Qtr 3,July,26,S11E41,2023
13376,2023,Qtr 3,July,26,M2.0,2023,Qtr 3,July,26,26,2023,Qtr 3,July,26,2023-07-26T15:50:00-Flr-001,Solar Flare,15,GOES-P: EXIS 1.0-8.0,7,No Note,2023,Qtr 3,July,26,N23W77,2023
13376,2023,Qtr 3,July,26,M4.6,2023,Qtr 3,July,26,26,2023,Qtr 3,July,26,2023-07-26T10:17:00-Flr-001,Solar Flare,10,GOES-P: EXIS 1.0-8.0,7,No Note,2023,Qtr 3,July,26,N23W74,2023
13376,2023,Qtr 3,July,27,M1.9,2023,Qtr 3,July,27,27,2023,Qtr 3,July,27,2023-07-27T09:44:00-Flr-001,Solar Flare,9,GOES-P: EXIS 1.0-8.0,7,No Note,2023,Qtr 3,July,27,N23W90,2023
13388,2023,Qtr 3,July,28,M1.7,2023,Qtr 3,July,27,27,2023,Qtr 3,July,28,2023-07-27T22:04:00-Flr-001,Solar Flare,22,GOES-P: EXIS 1.0-8.0,7,No Note,2023,Qtr 3,July,28,S25E75,2023
13376,2023,Qtr 3,July,28,M4.1,2023,Qtr 3,July,28,28,2023,Qtr 3,July,28,2023-07-28T15:39:00-Flr-001,Solar Flare,15,GOES-P: EXIS 1.0-8.0,7,"Associated With A Beautiful Bright Filament Eruption Seen Rising Right Behind The Nw Limb In Aia 131/304/193 At ~2023-07-28T15:44Z. This Is An Occulted Flare, Likely From Ar 13376 Which Had Rotated Behind The Limb To N25W99. Associated With A Type Ii Radio Burst.",2023,Qtr 3,July,28,N25W99,2023
0,2023,Qtr 3,July,29,C6.7,2023,Qtr 3,July,29,29,2023,Qtr 3,July,29,2023-07-29T06:55:00-Flr-001,Solar Flare,6,GOES-P: EXIS 1.0-8.0,7,"Flare Magnitude May Be Impacted By Foreshortening Due To Location Of Flare On The East Limb. Due To A Data Gap From 2023-07-29T06:46Z-07:51Z, Most Of This Flare Is Not Visible In Sdo Aia Imagery.",2023,Qtr 3,July,29,N15E88,2023
13380,2023,Qtr 3,July,29,M1.4,2023,Qtr 3,July,29,29,2023,Qtr 3,July,29,2023-07-29T16:11:00-Flr-001,Solar Flare,16,GOES-P: EXIS 1.0-8.0,7,Eruption Best Seen As Dimming In Sdo Aia 193 Was Observed Following This Flare.,2023,Qtr 3,July,29,S10W10,2023
13390,2023,Qtr 3,July,30,M1.8,2023,Qtr 3,July,30,30,2023,Qtr 3,July,30,2023-07-30T08:01:00-Flr-001,Solar Flare,8,GOES-P: EXIS 1.0-8.0,7,No Note,2023,Qtr 3,July,30,S18E57,2023
13390,2023,Qtr 3,July,30,M1.8,2023,Qtr 3,July,30,30,2023,Qtr 3,July,30,2023-07-30T08:18:00-Flr-001,Solar Flare,8,GOES-P: EXIS 1.0-8.0,7,No Note,2023,Qtr 3,July,30,S18E57,2023
13390,2023,Qtr 3,July,31,M1.6,2023,Qtr 3,July,31,31,2023,Qtr 3,July,31,2023-07-31T08:42:00-Flr-001,Solar Flare,8,GOES-P: EXIS 1.0-8.0,7,No Note,2023,Qtr 3,July,31,S20E43,2023
13380,2023,Qtr 3,August,1,M1.0,2023,Qtr 3,August,1,1,2023,Qtr 3,August,1,2023-08-01T01:38:00-Flr-001,Solar Flare,1,GOES-P: EXIS 1.0-8.0,8,No Note,2023,Qtr 3,August,1,S10W40,2023
13380,2023,Qtr 3,August,1,M1.2,2023,Qtr 3,August,1,1,2023,Qtr 3,August,1,2023-08-01T01:58:00-Flr-001,Solar Flare,1,GOES-P: EXIS 1.0-8.0,8,No Note,2023,Qtr 3,August,1,S10W40,2023
13380,2023,Qtr 3,August,1,M1.3,2023,Qtr 3,August,1,1,2023,Qtr 3,August,1,2023-08-01T05:30:00-Flr-001,Solar Flare,5,GOES-P: EXIS 1.0-8.0,8,No Note,2023,Qtr 3,August,1,S10W45,2023
13380,2023,Qtr 3,August,1,M1.4,2023,Qtr 3,August,1,1,2023,Qtr 3,August,1,2023-08-01T14:03:00-Flr-001,Solar Flare,14,GOES-P: EXIS 1.0-8.0,8,Peak Occurs At End Of Data Gap Due To Eclipse Of Goes Spacecraft.,2023,Qtr 3,August,1,S10W47,2023
13380,2023,Qtr 3,August,1,M1.5,2023,Qtr 3,August,1,1,2023,Qtr 3,August,1,2023-08-01T09:03:00-Flr-001,Solar Flare,9,GOES-P: EXIS 1.0-8.0,8,No Note,2023,Qtr 3,August,1,S08W42,2023
13380,2023,Qtr 3,August,1,M2.2,2023,Qtr 3,August,1,1,2023,Qtr 3,August,1,2023-08-01T04:27:00-Flr-001,Solar Flare,4,GOES-P: EXIS 1.0-8.0,8,No Note,2023,Qtr 3,August,1,S10W45,2023
13380,2023,Qtr 3,August,1,M3.6,2023,Qtr 3,August,1,1,2023,Qtr 3,August,1,2023-08-01T06:28:00-Flr-001,Solar Flare,6,GOES-P: EXIS 1.0-8.0,8,No Note,2023,Qtr 3,August,1,S10W47,2023
0,2023,Qtr 3,August,2,C5.2,2023,Qtr 3,August,1,1,2023,Qtr 3,August,2,2023-08-01T19:48:00-Flr-001,Solar Flare,19,GOES-P: EXIS 1.0-8.0,8,Currently Unnumbered Region.,2023,Qtr 3,August,2,N17E60,2023
13380,2023,Qtr 3,August,2,M1.0,2023,Qtr 3,August,1,1,2023,Qtr 3,August,2,2023-08-01T21:39:00-Flr-001,Solar Flare,21,GOES-P: EXIS 1.0-8.0,8,No Note,2023,Qtr 3,August,2,S10W51,2023
13380,2023,Qtr 3,August,2,M1.2,2023,Qtr 3,August,2,2,2023,Qtr 3,August,2,2023-08-02T10:44:00-Flr-001,Solar Flare,10,GOES-P: EXIS 1.0-8.0,8,No Note,2023,Qtr 3,August,2,S10W61,2023
13386,2023,Qtr 3,August,2,M1.3,2023,Qtr 3,August,2,2,2023,Qtr 3,August,2,2023-08-02T08:03:00-Flr-001,Solar Flare,8,GOES-P: EXIS 1.0-8.0,8,There Was Also A Simultaneous Flare From Active Region 3380 At The Time As Seen In Sdo Aia Imagery.,2023,Qtr 3,August,2,N11W22,2023
13380,2023,Qtr 3,August,2,M1.3,2023,Qtr 3,August,2,2,2023,Qtr 3,August,2,2023-08-02T16:13:00-Flr-001,Solar Flare,16,GOES-P: EXIS 1.0-8.0,8,No Note,2023,Qtr 3,August,2,S10W63,2023
13380,2023,Qtr 3,August,2,M1.7,2023,Qtr 3,August,2,2,2023,Qtr 3,August,2,2023-08-02T14:46:00-Flr-001,Solar Flare,14,GOES-P: EXIS 1.0-8.0,8,No Note,2023,Qtr 3,August,2,S10W63,2023
13380,2023,Qtr 3,August,3,M1.1,2023,Qtr 3,August,2,2,2023,Qtr 3,August,3,2023-08-02T19:09:00-Flr-001,Solar Flare,19,GOES-P: EXIS 1.0-8.0,8,No Note,2023,Qtr 3,August,3,S10W66,2023
13380,2023,Qtr 3,August,3,M2.0,2023,Qtr 3,August,3,3,2023,Qtr 3,August,3,2023-08-03T11:47:00-Flr-001,Solar Flare,11,GOES-P: EXIS 1.0-8.0,8,No Note,2023,Qtr 3,August,3,S10W72,2023
13386,2023,Qtr 3,August,4,M1.9,2023,Qtr 3,August,4,4,2023,Qtr 3,August,4,2023-08-04T03:38:00-Flr-001,Solar Flare,3,GOES-P: EXIS 1.0-8.0,8,Long-Duration Flare.,2023,Qtr 3,August,4,N12W47,2023
13386,2023,Qtr 3,August,5,M1.6,2023,Qtr 3,August,5,5,2023,Qtr 3,August,5,2023-08-05T06:18:00-Flr-001,Solar Flare,6,GOES-P: EXIS 1.0-8.0,8,Long-Duration Flare.,2023,Qtr 3,August,5,N11W65,2023
13380,2023,Qtr 3,August,5,M2.1,2023,Qtr 3,August,5,5,2023,Qtr 3,August,5,2023-08-05T09:23:00-Flr-001,Solar Flare,9,GOES-P: EXIS 1.0-8.0,8,No Note,2023,Qtr 3,August,5,S11W98,2023
13386,2023,Qtr 3,August,6,M5.5,2023,Qtr 3,August,6,6,2023,Qtr 3,August,7,2023-08-06T18:20:00-Flr-001,Solar Flare,18,GOES-P: EXIS 1.0-8.0,8,No Note,2023,Qtr 3,August,7,N11W89,2023
13386,2023,Qtr 3,August,6,X1.6,2023,Qtr 3,August,5,5,2023,Qtr 3,August,6,2023-08-05T21:45:00-Flr-001,Solar Flare,21,GOES-P: EXIS 1.0-8.0,8,No Note,2023,Qtr 3,August,6,N11W74,2023
13387,2023,Qtr 3,August,7,M1.0,2023,Qtr 3,August,7,7,2023,Qtr 3,August,7,2023-08-07T15:30:00-Flr-001,Solar Flare,15,GOES-P: EXIS 1.0-8.0,8,Doubled Peaked M1.0 Flare From Ar 3387.,2023,Qtr 3,August,7,N16W81,2023
13387,2023,Qtr 3,August,7,M1.0,2023,Qtr 3,August,7,7,2023,Qtr 3,August,7,2023-08-07T16:24:00-Flr-001,Solar Flare,16,GOES-P: EXIS 1.0-8.0,8,Double Peaked Flare Likely From Ar 3387 As Seen In Sdo Aia 131 Imagery.,2023,Qtr 3,August,7,N14W87,2023
13386,2023,Qtr 3,August,7,M2.4,2023,Qtr 3,August,7,7,2023,Qtr 3,August,7,2023-08-07T04:29:00-Flr-001,Solar Flare,4,GOES-P: EXIS 1.0-8.0,8,Active Region 3386 Rotated Beyond The West Limb Of The Earth-Facing Disk Early On 2023-08-07.,2023,Qtr 3,August,7,N10W93,2023
13387,2023,Qtr 3,August,8,M1.4,2023,Qtr 3,August,7,7,2023,Qtr 3,August,8,2023-08-07T19:37:00-Flr-001,Solar Flare,19,GOES-P: EXIS 1.0-8.0,8,No Note,2023,Qtr 3,August,8,N19W75,2023
13387,2023,Qtr 3,August,8,M3.6,2023,Qtr 3,August,8,8,2023,Qtr 3,August,8,2023-08-08T09:20:00-Flr-001,Solar Flare,9,GOES-P: EXIS 1.0-8.0,8,No Note,2023,Qtr 3,August,8,N18W78,2023
13386,2023,Qtr 3,August,8,X1.5,2023,Qtr 3,August,7,7,2023,Qtr 3,August,8,2023-08-07T20:30:00-Flr-001,Solar Flare,20,GOES-P: EXIS 1.0-8.0,8,Simultaneous Flaring From Ar13387. Main Flaring Ar Is Beyond Limb.,2023,Qtr 3,August,8,N11W90,2023
13398,2023,Qtr 3,August,10,C5.4,2023,Qtr 3,August,10,10,2023,Qtr 3,August,10,2023-08-10T02:26:00-Flr-001,Solar Flare,2,GOES-P: EXIS 1.0-8.0,8,No Note,2023,Qtr 3,August,10,S22W80,2023
13777,2023,Qtr 3,August,12,M1.0,2023,Qtr 3,August,12,12,2023,Qtr 3,August,12,2023-08-12T08:23:00-Flr-001,Solar Flare,8,GOES-P: EXIS 1.0-8.0,8,No Note,2023,Qtr 3,August,12,S09W65,2023
13405,2023,Qtr 3,August,15,C8.9,2023,Qtr 3,August,14,14,2023,Qtr 3,August,15,2023-08-14T20:30:00-Flr-001,Solar Flare,20,GOES-P: EXIS 1.0-8.0,8,No Note,2023,Qtr 3,August,15,N11E88,2023
13397,2023,Qtr 3,August,17,C2.2,2023,Qtr 3,August,17,17,2023,Qtr 3,August,17,2023-08-17T17:16:00-Flr-001,Solar Flare,17,GOES-P: EXIS 1.0-8.0,8,No Note,2023,Qtr 3,August,17,N16W80,2023
13394,2023,Qtr 3,August,17,C3.6,2023,Qtr 3,August,17,17,2023,Qtr 3,August,17,2023-08-17T02:19:00-Flr-001,Solar Flare,2,GOES-P: EXIS 1.0-8.0,8,"Source Is Believed To Be Ar 3394 Which Rotated Off The Earth-Facing Disk On 2023-08-15. The Exact Source Location Is Uncertain Because It Is Beyond The West Limb, Ar 3394 Is Likely Situated At This Approximate Coordinates. A Type Ii Radio Burst And Cme Were Associated With This Event.",2023,Qtr 3,August,17,S24W110,2023
13397,2023,Qtr 3,August,17,C5.1,2023,Qtr 3,August,17,17,2023,Qtr 3,August,17,2023-08-17T12:14:00-Flr-001,Solar Flare,12,GOES-P: EXIS 1.0-8.0,8,This Flare Is Associated With A Type Ii Radio Burst And Cme.,2023,Qtr 3,August,17,N19W80,2023
13409,2023,Qtr 3,August,18,C1.7,2023,Qtr 3,August,18,18,2023,Qtr 3,August,18,2023-08-18T10:30:00-Flr-001,Solar Flare,10,GOES-P: EXIS 1.0-8.0,8,No Note,2023,Qtr 3,August,18,N20W36,2023
13409,2023,Qtr 3,August,19,C3.0,2023,Qtr 3,August,18,18,2023,Qtr 3,August,19,2023-08-18T21:17:00-Flr-001,Solar Flare,21,GOES-P: EXIS 1.0-8.0,8,No Note,2023,Qtr 3,August,19,N21W42,2023
13409,2023,Qtr 3,August,19,C3.7,2023,Qtr 3,August,18,18,2023,Qtr 3,August,19,2023-08-18T19:09:00-Flr-001,Solar Flare,19,GOES-P: EXIS 1.0-8.0,8,No Note,2023,Qtr 3,August,19,N21W41,2023
13403,2023,Qtr 3,August,21,C3.1,2023,Qtr 3,August,21,21,2023,Qtr 3,August,21,2023-08-21T12:18:00-Flr-001,Solar Flare,12,GOES-P: EXIS 1.0-8.0,8,No Note,2023,Qtr 3,August,21,N27W78,2023
13415,2023,Qtr 3,August,22,C5.7,2023,Qtr 3,August,21,21,2023,Qtr 3,August,22,2023-08-21T23:47:00-Flr-001,Solar Flare,23,GOES-P: EXIS 1.0-8.0,8,"Source Location Of The Flare Is Approximate, As The Active Region Was On/Just Behind The Limb.",2023,Qtr 3,August,22,S09E90,2023
13405,2023,Qtr 3,August,23,M1.1,2023,Qtr 3,August,22,22,2023,Qtr 3,August,23,2023-08-22T22:35:00-Flr-001,Solar Flare,22,GOES-P: EXIS 1.0-8.0,8,No Note,2023,Qtr 3,August,23,N09W28,2023
13405,2023,Qtr 3,August,25,B7.6,2023,Qtr 3,August,25,25,2023,Qtr 3,August,25,2023-08-25T11:04:00-Flr-001,Solar Flare,11,GOES-P: EXIS 1.0-8.0,8,"Small Flare On The Nw Portion Of The Disk Best Seen In Sdo Aia 131/304, Associated With Some Filament Ejecta Seen In Sdo Aia 304.",2023,Qtr 3,August,25,N09W67,2023
13405,2023,Qtr 3,August,25,C1.2,2023,Qtr 3,August,25,25,2023,Qtr 3,August,25,2023-08-25T11:11:00-Flr-001,Solar Flare,11,GOES-P: EXIS 1.0-8.0,8,"Small Flare On The Nw Portion Of The Disk Best Seen In Sdo Aia 131/304, Associated With Some Filament Ejecta Seen In Sdo Aia 304.",2023,Qtr 3,August,25,N09W67,2023
0,2023,Qtr 3,August,25,C1.5,2023,Qtr 3,August,24,24,2023,Qtr 3,August,25,2023-08-24T19:23:00-Flr-001,Solar Flare,19,GOES-P: EXIS 1.0-8.0,8,"Flare Beyond Nw Limb, Likely Associated With Ar13403 (~N26W112).",2023,Qtr 3,August,25,N26W90,2023
0,2023,Qtr 3,August,25,C3.0,2023,Qtr 3,August,24,24,2023,Qtr 3,August,25,2023-08-24T19:39:00-Flr-001,Solar Flare,19,GOES-P: EXIS 1.0-8.0,8,"Flare Beyond Nw Limb, Likely Associated With Ar13403 (~N26W112). This Flare Entry Includes Multiple Minor Fluctuations (<.10) In The X-Ray Flux.",2023,Qtr 3,August,25,N26W90,2023
13415,2023,Qtr 3,August,25,M1.4,2023,Qtr 3,August,25,25,2023,Qtr 3,August,25,2023-08-25T00:56:00-Flr-001,Solar Flare,0,GOES-P: EXIS 1.0-8.0,8,Flare Observed On The Se Portion Of The Earth-Facing Disk.,2023,Qtr 3,August,25,S12E50,2023
13405,2023,Qtr 3,August,26,C1.9,2023,Qtr 3,August,26,26,2023,Qtr 3,August,26,2023-08-26T12:44:00-Flr-001,Solar Flare,12,GOES-P: EXIS 1.0-8.0,8,No Note,2023,Qtr 3,August,26,N10W73,2023
13417,2023,Qtr 3,August,27,M1.1,2023,Qtr 3,August,26,26,2023,Qtr 3,August,27,2023-08-26T22:05:00-Flr-001,Solar Flare,22,GOES-P: EXIS 1.0-8.0,8,"At The Time Of The Flare, The Associated Active Region Was On The East Limb And Therefore Unnumbered. This Region Has Since Been Numbered As Active Region 13417.",2023,Qtr 3,August,27,S05E90,2023
0,2023,Qtr 3,August,31,C2.4,2023,Qtr 3,August,31,31,2023,Qtr 3,August,31,2023-08-31T04:51:00-Flr-001,Solar Flare,4,GOES-P: EXIS 1.0-8.0,8,No Note,2023,Qtr 3,August,31,N17W49,2023
13413,2023,Qtr 3,September,1,M1.2,2023,Qtr 3,September,1,1,2023,Qtr 3,September,1,2023-09-01T03:26:00-Flr-001,Solar Flare,3,GOES-P: EXIS 1.0-8.0,9,No Note,2023,Qtr 3,September,1,N09W70,2023
13413,2023,Qtr 3,September,2,C2.5,2023,Qtr 3,September,1,1,2023,Qtr 3,September,2,2023-09-01T21:48:00-Flr-002,Solar Flare,21,GOES-P: EXIS 1.0-8.0,9,No Note,2023,Qtr 3,September,2,N05W76,2023
13420,2023,Qtr 3,September,2,C7.3,2023,Qtr 3,September,1,1,2023,Qtr 3,September,2,2023-09-01T21:48:00-Flr-001,Solar Flare,21,GOES-P: EXIS 1.0-8.0,9,Ar Was Not Numbered At Time Of Flare.,2023,Qtr 3,September,2,S21E44,2023
13413,2023,Qtr 3,September,2,M3.3,2023,Qtr 3,September,2,2,2023,Qtr 3,September,2,2023-09-02T06:33:00-Flr-001,Solar Flare,6,GOES-P: EXIS 1.0-8.0,9,No Note,2023,Qtr 3,September,2,N06W89,2023
13413,2023,Qtr 3,September,3,C1.8,2023,Qtr 3,September,3,3,2023,Qtr 3,September,3,2023-09-03T04:00:00-Flr-001,Solar Flare,4,GOES-P: EXIS 1.0-8.0,9,Eruption Likely Occurs Beyond Nw Limb Between W90 To W95.,2023,Qtr 3,September,3,N10W90,2023
13413,2023,Qtr 3,September,3,C5.0,2023,Qtr 3,September,3,3,2023,Qtr 3,September,3,2023-09-03T11:31:00-Flr-001,Solar Flare,11,GOES-P: EXIS 1.0-8.0,9,Flare Likely Occurred Beyond The Western Limb (90+ Degrees).,2023,Qtr 3,September,3,N09W90,2023
13413,2023,Qtr 3,September,3,C5.7,2023,Qtr 3,September,3,3,2023,Qtr 3,September,3,2023-09-03T12:03:00-Flr-001,Solar Flare,12,GOES-P: EXIS 1.0-8.0,9,Flare Likely Occurred Beyond The Western Limb (90+ Degrees).,2023,Qtr 3,September,3,N09W90,2023
13413,2023,Qtr 3,September,3,C5.9,2023,Qtr 3,September,3,3,2023,Qtr 3,September,3,2023-09-03T05:18:00-Flr-001,Solar Flare,5,GOES-P: EXIS 1.0-8.0,9,"This Solar Flare Occurs Within Post-Eruptive Arcades Beyond The Western Limb, Likely Associated With Ar13413.",2023,Qtr 3,September,3,N15W90,2023
13413,2023,Qtr 3,September,3,M1.1,2023,Qtr 3,September,3,3,2023,Qtr 3,September,3,2023-09-03T00:14:00-Flr-001,Solar Flare,0,GOES-P: EXIS 1.0-8.0,9,No Note,2023,Qtr 3,September,3,N12W90,2023
13413,2023,Qtr 3,September,3,M6.0,2023,Qtr 3,September,3,3,2023,Qtr 3,September,3,2023-09-03T08:09:00-Flr-001,Solar Flare,8,GOES-P: EXIS 1.0-8.0,9,"Flare Originated Beyond The Western Limb, Likely Around N12W95. Limited Stereoscopic Viewpoints Prevent From Seeing The Foot Point Of The Flaring Region.",2023,Qtr 3,September,3,N12W90,2023
0,2023,Qtr 3,September,4,C2.4,2023,Qtr 3,September,4,4,2023,Qtr 3,September,4,2023-09-04T13:34:00-Flr-001,Solar Flare,13,GOES-P: EXIS 1.0-8.0,9,No Note,2023,Qtr 3,September,4,S22E70,2023
13421,2023,Qtr 3,September,5,M2.0,2023,Qtr 3,September,5,5,2023,Qtr 3,September,5,2023-09-05T08:03:00-Flr-001,Solar Flare,8,GOES-P: EXIS 1.0-8.0,9,No Note,2023,Qtr 3,September,5,N14W02,2023
13421,2023,Qtr 3,September,6,M1.0,2023,Qtr 3,September,5,5,2023,Qtr 3,September,6,2023-09-05T23:21:00-Flr-001,Solar Flare,23,GOES-P: EXIS 1.0-8.0,9,No Note,2023,Qtr 3,September,6,N15W12,2023
13421,2023,Qtr 3,September,6,M1.2,2023,Qtr 3,September,5,5,2023,Qtr 3,September,6,2023-09-05T19:33:00-Flr-001,Solar Flare,19,GOES-P: EXIS 1.0-8.0,9,No Note,2023,Qtr 3,September,6,N15W07,2023
13425,2023,Qtr 3,September,8,M2.1,2023,Qtr 3,September,7,7,2023,Qtr 3,September,8,2023-09-07T18:58:00-Flr-001,Solar Flare,18,GOES-P: EXIS 1.0-8.0,9,"This Flare Is Located On Top Of A Filament, Which Is Between Two Active Regions: Ar 13424 (N17E50) And Ar 13425 (N23E59).",2023,Qtr 3,September,8,N20E55,2023
13431,2023,Qtr 3,September,11,M1.1,2023,Qtr 3,September,11,11,2023,Qtr 3,September,11,2023-09-11T03:58:00-Flr-001,Solar Flare,3,GOES-P: EXIS 1.0-8.0,9,No Note,2023,Qtr 3,September,11,S08E58,2023
13431,2023,Qtr 3,September,11,M1.1,2023,Qtr 3,September,11,11,2023,Qtr 3,September,11,2023-09-11T14:38:00-Flr-001,Solar Flare,14,GOES-P: EXIS 1.0-8.0,9,No Note,2023,Qtr 3,September,11,S07E52,2023
13429,2023,Qtr 3,September,11,M1.3,2023,Qtr 3,September,11,11,2023,Qtr 3,September,11,2023-09-11T01:08:00-Flr-001,Solar Flare,1,GOES-P: EXIS 1.0-8.0,9,No Note,2023,Qtr 3,September,11,N10E63,2023
13425,2023,Qtr 3,September,12,M1.8,2023,Qtr 3,September,12,12,2023,Qtr 3,September,12,2023-09-12T04:31:00-Flr-001,Solar Flare,4,GOES-S: EXIS 1.0-8.0,9,"Second Peak Of Two Back-To-Back Flares From Ar 3425, With The First Peak Of M1.9 Occurring At 2023-09-12T04:26Z. Further Analysis Split These Flares Into Two Separate Ones.",2023,Qtr 3,September,12,N22E02,2023
13425,2023,Qtr 3,September,12,M1.9,2023,Qtr 3,September,12,12,2023,Qtr 3,September,12,2023-09-12T04:18:00-Flr-001,Solar Flare,4,GOES-S: EXIS 1.0-8.0,9,"First Peak Of Two Back-To-Back Flares From Ar 3425, With The Second Peak Of M1.8 Occurring At 2023-09-12T04:42Z. Further Analysis Split These Flares Into Two Separate Ones.",2023,Qtr 3,September,12,N22E02,2023
13423,2023,Qtr 3,September,12,M2.5,2023,Qtr 3,September,12,12,2023,Qtr 3,September,12,2023-09-12T06:47:00-Flr-001,Solar Flare,6,GOES-P: EXIS 1.0-8.0,9,No Note,2023,Qtr 3,September,12,N16W34,2023
13429,2023,Qtr 3,September,14,M1.4,2023,Qtr 3,September,14,14,2023,Qtr 3,September,14,2023-09-14T06:40:00-Flr-001,Solar Flare,6,GOES-P: EXIS 1.0-8.0,9,"Long Duration Flare From A Filament Eruption Located Between Ars 3425 And 3423 Best Seen In Sdo Aia 131. The Filament Spanned Approximately N22W40 -> N26W55 At 2023-09-14T06:33Z When It Erupted, Best Seen In Sdo Aia 304. 

Additional Influence With A Separate Flare From Ar 3429 Pushed The Peak Flux Higher To M1.4.",2023,Qtr 3,September,14,N25W50,2023
13429,2023,Qtr 3,September,15,M1.9,2023,Qtr 3,September,14,14,2023,Qtr 3,September,15,2023-09-14T19:23:00-Flr-001,Solar Flare,19,GOES-P: EXIS 1.0-8.0,9,No Note,2023,Qtr 3,September,15,N10E09,2023
13429,2023,Qtr 3,September,15,M2.5,2023,Qtr 3,September,14,14,2023,Qtr 3,September,15,2023-09-14T21:17:00-Flr-001,Solar Flare,21,GOES-P: EXIS 1.0-8.0,9,No Note,2023,Qtr 3,September,15,N10E06,2023
13429,2023,Qtr 3,September,16,M1.7,2023,Qtr 3,September,15,15,2023,Qtr 3,September,16,2023-09-15T22:19:00-Flr-001,Solar Flare,22,GOES-P: EXIS 1.0-8.0,9,No Note,2023,Qtr 3,September,16,N10W07,2023
13435,2023,Qtr 3,September,16,M2.5,2023,Qtr 3,September,16,16,2023,Qtr 3,September,16,2023-09-16T05:28:00-Flr-001,Solar Flare,5,GOES-P: EXIS 1.0-8.0,9,No Note,2023,Qtr 3,September,16,N11E90,2023
13429,2023,Qtr 3,September,16,M2.9,2023,Qtr 3,September,16,16,2023,Qtr 3,September,16,2023-09-16T00:38:00-Flr-001,Solar Flare,0,GOES-P: EXIS 1.0-8.0,9,No Note,2023,Qtr 3,September,16,N11W09,2023
13429,2023,Qtr 3,September,16,M3.4,2023,Qtr 3,September,16,16,2023,Qtr 3,September,16,2023-09-16T05:34:00-Flr-001,Solar Flare,5,GOES-P: EXIS 1.0-8.0,9,No Note,2023,Qtr 3,September,16,N11W12,2023
13436,2023,Qtr 3,September,19,C4.2,2023,Qtr 3,September,19,19,2023,Qtr 3,September,19,2023-09-19T15:39:00-Flr-001,Solar Flare,15,GOES-P: EXIS 1.0-8.0,9,No Note,2023,Qtr 3,September,19,N20W48,2023
13435,2023,Qtr 3,September,19,M1.1,2023,Qtr 3,September,19,19,2023,Qtr 3,September,19,2023-09-19T03:45:00-Flr-001,Solar Flare,3,GOES-P: EXIS 1.0-8.0,9,No Note,2023,Qtr 3,September,19,N07E54,2023
13435,2023,Qtr 3,September,19,M1.8,2023,Qtr 3,September,19,19,2023,Qtr 3,September,19,2023-09-19T09:23:00-Flr-001,Solar Flare,9,GOES-P: EXIS 1.0-8.0,9,No Note,2023,Qtr 3,September,19,N07E50,2023
13435,2023,Qtr 3,September,20,M4.0,2023,Qtr 3,September,19,19,2023,Qtr 3,September,20,2023-09-19T20:01:00-Flr-001,Solar Flare,20,GOES-P: EXIS 1.0-8.0,9,No Note,2023,Qtr 3,September,20,N07E45,2023
13435,2023,Qtr 3,September,20,M8.2,2023,Qtr 3,September,20,20,2023,Qtr 3,September,20,2023-09-20T14:11:00-Flr-001,Solar Flare,14,GOES-P: EXIS 1.0-8.0,9,No Note,2023,Qtr 3,September,20,N07E35,2023
13435,2023,Qtr 3,September,21,M8.7,2023,Qtr 3,September,21,21,2023,Qtr 3,September,21,2023-09-21T12:42:00-Flr-001,Solar Flare,12,GOES-P: EXIS 1.0-8.0,9,No Note,2023,Qtr 3,September,21,N08E22,2023
13435,2023,Qtr 3,September,22,M1.2,2023,Qtr 3,September,22,22,2023,Qtr 3,September,22,2023-09-22T02:25:00-Flr-001,Solar Flare,2,GOES-P: EXIS 1.0-8.0,9,Flare Location Is Ne Of Labeled Ar.,2023,Qtr 3,September,22,N15E17,2023
13443,2023,Qtr 3,September,22,M1.4,2023,Qtr 3,September,22,22,2023,Qtr 3,September,22,2023-09-22T15:53:00-Flr-001,Solar Flare,15,GOES-P: EXIS 1.0-8.0,9,No Note,2023,Qtr 3,September,22,N27W35,2023
13443,2023,Qtr 3,September,22,M1.5,2023,Qtr 3,September,22,22,2023,Qtr 3,September,22,2023-09-22T17:06:00-Flr-001,Solar Flare,17,GOES-P: EXIS 1.0-8.0,9,No Note,2023,Qtr 3,September,22,N28W40,2023
13435,2023,Qtr 3,September,23,M1.9,2023,Qtr 3,September,22,22,2023,Qtr 3,September,23,2023-09-22T22:25:00-Flr-001,Solar Flare,22,GOES-P: EXIS 1.0-8.0,9,Simultaneous Flaring From Ar13443 (N28W40) And Ar13445 (S17E35).,2023,Qtr 3,September,23,N08E03,2023
13443,2023,Qtr 3,September,24,M1.0,2023,Qtr 3,September,24,24,2023,Qtr 3,September,24,2023-09-24T14:51:00-Flr-001,Solar Flare,14,GOES-P: EXIS 1.0-8.0,9,No Note,2023,Qtr 3,September,24,N28W58,2023
13436,2023,Qtr 3,September,24,M1.5,2023,Qtr 3,September,23,23,2023,Qtr 3,September,24,2023-09-23T20:14:00-Flr-001,Solar Flare,20,GOES-P: EXIS 1.0-8.0,9,"This Flare Occurred Beyond The Nw Limb, Likely Associated With Ar3436 Which Rotated Off Of The Earth-Facing Disk On 2023-09-22.",2023,Qtr 3,September,24,N20W90,2023
13445,2023,Qtr 3,September,24,M4.4,2023,Qtr 3,September,24,24,2023,Qtr 3,September,24,2023-09-24T03:17:00-Flr-001,Solar Flare,3,GOES-P: EXIS 1.0-8.0,9,No Note,2023,Qtr 3,September,24,S14E18,2023
13450,2023,Qtr 3,September,28,M1.2,2023,Qtr 3,September,28,28,2023,Qtr 3,September,28,2023-09-28T08:58:00-Flr-001,Solar Flare,8,GOES-P: EXIS 1.0-8.0,9,No Note,2023,Qtr 3,September,28,S18E63,2023
13451,2023,Qtr 3,September,30,C7.2,2023,Qtr 3,September,30,30,2023,Qtr 3,September,30,2023-09-30T03:57:00-Flr-001,Solar Flare,3,GOES-P: EXIS 1.0-8.0,9,No Note,2023,Qtr 3,September,30,N15E73,2023
13451,2023,Qtr 3,September,30,M1.2,2023,Qtr 3,September,30,30,2023,Qtr 3,September,30,2023-09-30T16:16:00-Flr-001,Solar Flare,16,GOES-P: EXIS 1.0-8.0,9,No Note,2023,Qtr 3,September,30,N11E65,2023
13451,2023,Qtr 4,October,1,M1.6,2023,Qtr 4,October,1,1,2023,Qtr 4,October,1,2023-10-01T01:44:00-Flr-001,Solar Flare,1,GOES-P: EXIS 1.0-8.0,10,No Note,2023,Qtr 4,October,1,N15E59,2023
13452,2023,Qtr 4,October,1,M2.5,2023,Qtr 4,October,1,1,2023,Qtr 4,October,1,2023-10-01T01:10:00-Flr-001,Solar Flare,1,GOES-P: EXIS 1.0-8.0,10,No Note,2023,Qtr 4,October,1,N12E58,2023
13450,2023,Qtr 4,October,2,C2.4,2023,Qtr 4,October,2,2,2023,Qtr 4,October,2,2023-10-02T15:53:00-Flr-001,Solar Flare,15,GOES-P: EXIS 1.0-8.0,10,No Note,2023,Qtr 4,October,2,S17E02,2023
13455,2023,Qtr 4,October,2,M1.9,2023,Qtr 4,October,2,2,2023,Qtr 4,October,2,2023-10-02T12:35:00-Flr-001,Solar Flare,12,GOES-P: EXIS 1.0-8.0,10,No Note,2023,Qtr 4,October,2,N19E68,2023
13457,2023,Qtr 4,October,7,M1.7,2023,Qtr 4,October,7,7,2023,Qtr 4,October,7,2023-10-07T17:57:00-Flr-001,Solar Flare,17,GOES-P: EXIS 1.0-8.0,10,No Note,2023,Qtr 4,October,7,S12E28,2023
13452,2023,Qtr 4,October,10,M1.6,2023,Qtr 4,October,10,10,2023,Qtr 4,October,10,2023-10-10T01:55:00-Flr-001,Solar Flare,1,GOES-P: EXIS 1.0-8.0,10,No Note,2023,Qtr 4,October,10,N14W65,2023
13451,2023,Qtr 4,October,10,M2.3,2023,Qtr 4,October,10,10,2023,Qtr 4,October,10,2023-10-10T12:08:00-Flr-001,Solar Flare,12,GOES-P: EXIS 1.0-8.0,10,"This Flare Occurs Between Active Regions 13451 And 13452, But Is Assigned To Ar 13451.",2023,Qtr 4,October,10,N12W70,2023
13464,2023,Qtr 4,October,12,C2.8,2023,Qtr 4,October,12,12,2023,Qtr 4,October,12,2023-10-12T05:56:00-Flr-001,Solar Flare,5,GOES-P: EXIS 1.0-8.0,10,"Double Peaked Flare, With Second Peak At 2023-10-12T06:04Z.",2023,Qtr 4,October,12,N05E45,2023
13451,2023,Qtr 4,October,12,M1.1,2023,Qtr 4,October,12,12,2023,Qtr 4,October,12,2023-10-12T04:50:00-Flr-001,Solar Flare,4,GOES-S: EXIS 1.0-8.0,10,Ar 3451 Is Seen On The West Limb In Sdo Aia Imagery At The Time Of This Flare. Goes-Primary Not Available Due To Eclipse At The Time Of This Flare.,2023,Qtr 4,October,12,N17W90,2023
13467,2023,Qtr 4,October,16,C7.5,2023,Qtr 4,October,16,16,2023,Qtr 4,October,16,2023-10-16T10:32:00-Flr-001,Solar Flare,10,GOES-P: EXIS 1.0-8.0,10,Shortly Followed By A C4.9 Class Flare From The Same Ar. Associated With An Eruption And Cme With Id 2023-10-16T12:09:00-Cme-001.,2023,Qtr 4,October,16,N13E47,2023
13463,2023,Qtr 4,October,17,C2.2,2023,Qtr 4,October,17,17,2023,Qtr 4,October,17,2023-10-17T04:41:00-Flr-001,Solar Flare,4,GOES-P: EXIS 1.0-8.0,10,No Note,2023,Qtr 4,October,17,S20W32,2023
13474,2023,Qtr 4,October,25,C1.7,2023,Qtr 4,October,25,25,2023,Qtr 4,October,25,2023-10-25T12:55:00-Flr-001,Solar Flare,12,GOES-P: EXIS 1.0-8.0,10,"Likely From Ar 3474, Numbered On 2023-10-27.",2023,Qtr 4,October,25,S17E80,2023
0,2023,Qtr 4,October,26,C1.6,2023,Qtr 4,October,25,25,2023,Qtr 4,October,26,2023-10-25T21:57:00-Flr-001,Solar Flare,21,GOES-P: EXIS 1.0-8.0,10,"Likely In The Range Of N27W100 In Association With The Position Of Old Ar 3469 At This Timestamp, Which Is Over The West Limb But The Flare Is Visible.",2023,Qtr 4,October,26,N27W90,2023
0,2023,Qtr 4,October,27,M1.4,2023,Qtr 4,October,26,26,2023,Qtr 4,October,27,2023-10-26T22:47:00-Flr-001,Solar Flare,22,GOES-P: EXIS 1.0-8.0,10,"Based On Sdo Aia Imagery, This Flare Appears To Be Located Near The East Limb, East Of Ar 3473 Which Was Numbered On 2023-10-26. There Was Some Flaring Near Ar 3473 At The Time Of This Flare.",2023,Qtr 4,October,27,N20E90,2023
13477,2023,Qtr 4,November,1,C3.9,2023,Qtr 4,October,31,31,2023,Qtr 4,November,1,2023-10-31T20:16:00-Flr-001,Solar Flare,20,GOES-P: EXIS 1.0-8.0,10,"Simultaneous Flaring/Brightening Occurs From An Eruption Near The Limb Centered Around S09E90, Which Was Associated With Cme: 2023-10-31T21:12Z.",2023,Qtr 4,November,1,S14E85,2023
13477,2023,Qtr 4,November,1,M1.1,2023,Qtr 4,November,1,1,2023,Qtr 4,November,1,2023-11-01T06:07:00-Flr-001,Solar Flare,6,GOES-P: EXIS 1.0-8.0,11,No Note,2023,Qtr 4,November,1,S15E80,2023
13480,2023,Qtr 4,November,1,M1.4,2023,Qtr 4,November,1,1,2023,Qtr 4,November,1,2023-11-01T11:37:00-Flr-001,Solar Flare,11,GOES-P: EXIS 1.0-8.0,11,This Flare Occurred From A Region Just Beyond The Limb Which Was Unnumbered At The Time. As This Region Rotated Onto The Earth-Facing Disk It Was Likely Numbered As Active Region 13480.,2023,Qtr 4,November,1,S10E90,2023
0,2023,Qtr 4,November,2,C4.9,2023,Qtr 4,November,2,2,2023,Qtr 4,November,2,2023-11-02T05:15:00-Flr-001,Solar Flare,5,GOES-P: EXIS 1.0-8.0,11,This Solar Flare Occurred From An Unnumbered Region Near The Eastern Limb.,2023,Qtr 4,November,2,S10E90,2023
13474,2023,Qtr 4,November,2,M1.6,2023,Qtr 4,November,2,2,2023,Qtr 4,November,2,2023-11-02T12:18:00-Flr-001,Solar Flare,12,GOES-P: EXIS 1.0-8.0,11,Inpulsive (Short Duration) Flare.,2023,Qtr 4,November,2,S18W35,2023
0,2023,Qtr 4,November,3,C3.2,2023,Qtr 4,November,3,3,2023,Qtr 4,November,3,2023-11-03T04:40:00-Flr-001,Solar Flare,4,GOES-P: EXIS 1.0-8.0,11,No Note,2023,Qtr 4,November,3,N30W30,2023
13480,2023,Qtr 4,November,3,M1.0,2023,Qtr 4,November,2,2,2023,Qtr 4,November,3,2023-11-02T19:08:00-Flr-001,Solar Flare,19,GOES-P: EXIS 1.0-8.0,11,No Note,2023,Qtr 4,November,3,S10E85,2023
13480,2023,Qtr 4,November,5,M1.6,2023,Qtr 4,November,5,5,2023,Qtr 4,November,5,2023-11-05T14:24:00-Flr-001,Solar Flare,14,GOES-P: EXIS 1.0-8.0,11,No Note,2023,Qtr 4,November,5,S09E51,2023
13480,2023,Qtr 4,November,5,M1.8,2023,Qtr 4,November,5,5,2023,Qtr 4,November,5,2023-11-05T11:34:00-Flr-001,Solar Flare,11,GOES-P: EXIS 1.0-8.0,11,No Note,2023,Qtr 4,November,5,S09E52,2023
13480,2023,Qtr 4,November,9,C2.6,2023,Qtr 4,November,9,9,2023,Qtr 4,November,9,2023-11-09T10:53:00-Flr-001,Solar Flare,10,GOES-P: EXIS 1.0-8.0,11,Associated With Eruption Characterized By Dimming And Halo Cme.,2023,Qtr 4,November,9,S11W05,2023
13477,2023,Qtr 4,November,11,M1.2,2023,Qtr 4,November,11,11,2023,Qtr 4,November,11,2023-11-11T17:01:00-Flr-001,Solar Flare,17,GOES-P: EXIS 1.0-8.0,11,No Note,2023,Qtr 4,November,11,S17W64,2023
13485,2023,Qtr 4,November,14,C1.8,2023,Qtr 4,November,14,14,2023,Qtr 4,November,14,2023-11-14T03:40:00-Flr-001,Solar Flare,3,GOES-P: EXIS 1.0-8.0,11,No Note,2023,Qtr 4,November,14,S20W65,2023
13485,2023,Qtr 4,November,15,C7.6,2023,Qtr 4,November,15,15,2023,Qtr 4,November,15,2023-11-15T12:05:00-Flr-001,Solar Flare,12,GOES-P: EXIS 1.0-8.0,11,No Note,2023,Qtr 4,November,15,S20W95,2023
13485,2023,Qtr 4,November,15,C8.3,2023,Qtr 4,November,15,15,2023,Qtr 4,November,15,2023-11-15T03:55:00-Flr-001,Solar Flare,3,GOES-P: EXIS 1.0-8.0,11,No Note,2023,Qtr 4,November,15,S20W80,2023
13485,2023,Qtr 4,November,15,M1.0,2023,Qtr 4,November,14,14,2023,Qtr 4,November,15,2023-11-14T22:58:00-Flr-001,Solar Flare,22,GOES-P: EXIS 1.0-8.0,11,No Note,2023,Qtr 4,November,15,S17W75,2023
0,2023,Qtr 4,November,17,C4.8,2023,Qtr 4,November,16,16,2023,Qtr 4,November,17,2023-11-16T20:03:00-Flr-001,Solar Flare,20,GOES-P: EXIS 1.0-8.0,11,No Note,2023,Qtr 4,November,17,S15E88,2023
13490,2023,Qtr 4,November,18,M1.1,2023,Qtr 4,November,18,18,2023,Qtr 4,November,18,2023-11-18T16:34:00-Flr-001,Solar Flare,16,GOES-P: EXIS 1.0-8.0,11,"This Flare Occurred Near The Eastern Limb From A Region That Was Unnumbered At The Time, But Has Since Been Numbered As Active Region 13490.",2023,Qtr 4,November,18,N17E92,2023
13490,2023,Qtr 4,November,18,M1.2,2023,Qtr 4,November,18,18,2023,Qtr 4,November,18,2023-11-18T05:37:00-Flr-001,Solar Flare,5,GOES-P: EXIS 1.0-8.0,11,"This Flare Occurred Near The Eastern Limb From A Region That Was Unnumbered At The Time, But Has Since Been Numbered As Active Region 13490.",2023,Qtr 4,November,18,N21E95,2023
13490,2023,Qtr 4,November,19,M1.0,2023,Qtr 4,November,18,18,2023,Qtr 4,November,19,2023-11-18T22:26:00-Flr-001,Solar Flare,22,GOES-P: EXIS 1.0-8.0,11,"This Flare Occurred Near The Eastern Limb From A Region That Was Unnumbered At The Time, But Has Since Been Numbered As Active Region 13490.",2023,Qtr 4,November,19,N15E90,2023
13492,2023,Qtr 4,November,20,M1.2,2023,Qtr 4,November,20,20,2023,Qtr 4,November,20,2023-11-20T08:54:00-Flr-001,Solar Flare,8,GOES-P: EXIS 1.0-8.0,11,No Note,2023,Qtr 4,November,20,N20E72,2023
13489,2023,Qtr 4,November,23,C4.1,2023,Qtr 4,November,22,22,2023,Qtr 4,November,23,2023-11-22T18:58:00-Flr-001,Solar Flare,18,GOES-P: EXIS 1.0-8.0,11,No Note,2023,Qtr 4,November,23,S15E07,2023
13490,2023,Qtr 4,November,23,M1.0,2023,Qtr 4,November,23,23,2023,Qtr 4,November,23,2023-11-23T14:25:00-Flr-001,Solar Flare,14,GOES-P: EXIS 1.0-8.0,11,No Note,2023,Qtr 4,November,23,N20E16,2023
13503,2023,Qtr 4,November,23,M1.4,2023,Qtr 4,November,23,23,2023,Qtr 4,November,23,2023-11-23T02:59:00-Flr-001,Solar Flare,2,GOES-P: EXIS 1.0-8.0,11,"This Flare Was Due To Post-Eruptive Arcades Seen Beyond The Northeast Limb. Flare Spanned An Apparent Latitude Of About N20-N30, And The Eruption Is Approximated To Be At A Longitude Of About E100-120. This Flare May Be Associated With Ar 3503, Which Was Numbered On 2023-11-25.",2023,Qtr 4,November,23,N25E110,2023
13499,2023,Qtr 4,November,24,M1.1,2023,Qtr 4,November,24,24,2023,Qtr 4,November,24,2023-11-24T09:17:00-Flr-001,Solar Flare,9,GOES-P: EXIS 1.0-8.0,11,No Note,2023,Qtr 4,November,24,S18W02,2023
13490,2023,Qtr 4,November,26,C3.6,2023,Qtr 4,November,26,26,2023,Qtr 4,November,26,2023-11-26T07:38:00-Flr-001,Solar Flare,7,GOES-P: EXIS 1.0-8.0,11,No Note,2023,Qtr 4,November,26,N20W18,2023
0,2023,Qtr 4,November,27,C3.8,2023,Qtr 4,November,27,27,2023,Qtr 4,November,28,2023-11-27T18:21:00-Flr-001,Solar Flare,18,GOES-P: EXIS 1.0-8.0,11,Flare From An Unnumbered Region Of Enhanced Flux Around N20E15. This Flare Is Immediately Followed By A C6.7 Class Flare Peaking At 2023-11-27T18:52Z From Ar 3500 (Approx. S19E15),2023,Qtr 4,November,28,N20E15,2023
0,2023,Qtr 4,November,28,C5.5,2023,Qtr 4,November,27,27,2023,Qtr 4,November,28,2023-11-27T23:13:00-Flr-001,Solar Flare,23,GOES-P: EXIS 1.0-8.0,11,No Note,2023,Qtr 4,November,28,N26E40,2023
13500,2023,Qtr 4,November,29,M3.4,2023,Qtr 4,November,28,28,2023,Qtr 4,November,29,2023-11-28T19:07:00-Flr-001,Solar Flare,19,GOES-P: EXIS 1.0-8.0,11,No Note,2023,Qtr 4,November,29,S16W02,2023
13500,2023,Qtr 4,November,29,M9.8,2023,Qtr 4,November,28,28,2023,Qtr 4,November,29,2023-11-28T19:35:00-Flr-001,Solar Flare,19,GOES-P: EXIS 1.0-8.0,11,No Note,2023,Qtr 4,November,29,S16W03,2023
13499,2023,Qtr 4,December,1,C3.6,2023,Qtr 4,November,30,30,2023,Qtr 4,December,1,2023-11-30T22:37:00-Flr-001,Solar Flare,22,GOES-P: EXIS 1.0-8.0,11,"This Flare Occurs Near The Western Limb So It Is Difficult To Determine A Precise Longitude, But It Likely Occurs Near Or From Active Region 13499.",2023,Qtr 4,December,1,S17W90,2023
0,2023,Qtr 4,December,1,C4.8,2023,Qtr 4,December,1,1,2023,Qtr 4,December,1,2023-12-01T02:52:00-Flr-001,Solar Flare,2,GOES-P: EXIS 1.0-8.0,12,"This Flare Occurred Near The Nw Limb And Is Possibly Associated With Active Region 13492, 13497 Or A Region Just On/Beyond The Western Limb.",2023,Qtr 4,December,1,N18W90,2023
13500,2023,Qtr 4,December,1,C5.2,2023,Qtr 4,December,1,1,2023,Qtr 4,December,1,2023-12-01T11:48:00-Flr-001,Solar Flare,11,GOES-P: EXIS 1.0-8.0,12,No Note,2023,Qtr 4,December,1,S20W38,2023
13502,2023,Qtr 4,December,1,M1.1,2023,Qtr 4,December,1,1,2023,Qtr 4,December,1,2023-12-01T04:12:00-Flr-001,Solar Flare,4,GOES-P: EXIS 1.0-8.0,12,No Note,2023,Qtr 4,December,1,N12W80,2023
13500,2023,Qtr 4,December,2,M1.0,2023,Qtr 4,December,1,1,2023,Qtr 4,December,2,2023-12-01T20:55:00-Flr-001,Solar Flare,20,GOES-P: EXIS 1.0-8.0,12,Simultaneous Impulsive Flare From Ar 13493 (S13W73) And Emission Associated With Post-Eruptive Arcades From Ar 13500 (S18W40).,2023,Qtr 4,December,2,S18W40,2023
13500,2023,Qtr 4,December,5,C5.3,2023,Qtr 4,December,5,5,2023,Qtr 4,December,5,2023-12-05T06:48:00-Flr-001,Solar Flare,6,GOES-P: EXIS 1.0-8.0,12,This Flare Directly Follows The M1.5 Flare From Ar 3513 Peaking At 2023-12-05T06:44Z With End Time 2023-12-05T06:48Z.,2023,Qtr 4,December,5,S18W90,2023
13513,2023,Qtr 4,December,5,M1.5,2023,Qtr 4,December,5,5,2023,Qtr 4,December,5,2023-12-05T06:39:00-Flr-001,Solar Flare,6,GOES-P: EXIS 1.0-8.0,12,This Flare Directly Precedes A C5.3 Class Flare From Ar 3500 Peaking At 2023-12-05T06:58Z.,2023,Qtr 4,December,5,N18E73,2023
13513,2023,Qtr 4,December,6,M1.0,2023,Qtr 4,December,5,5,2023,Qtr 4,December,6,2023-12-05T20:59:00-Flr-001,Solar Flare,20,GOES-P: EXIS 1.0-8.0,12,No Note,2023,Qtr 4,December,6,N19E69,2023
13513,2023,Qtr 4,December,6,M1.4,2023,Qtr 4,December,5,5,2023,Qtr 4,December,6,2023-12-05T21:17:00-Flr-001,Solar Flare,21,GOES-P: EXIS 1.0-8.0,12,No Note,2023,Qtr 4,December,6,N19E69,2023
13513,2023,Qtr 4,December,6,M2.1,2023,Qtr 4,December,6,6,2023,Qtr 4,December,6,2023-12-06T05:30:00-Flr-001,Solar Flare,5,GOES-P: EXIS 1.0-8.0,12,No Note,2023,Qtr 4,December,6,N19E65,2023
13513,2023,Qtr 4,December,7,M2.3,2023,Qtr 4,December,6,6,2023,Qtr 4,December,7,2023-12-06T21:26:00-Flr-001,Solar Flare,21,GOES-P: EXIS 1.0-8.0,12,No Note,2023,Qtr 4,December,7,N19E55,2023
13511,2023,Qtr 4,December,9,M1.0,2023,Qtr 4,December,9,9,2023,Qtr 4,December,9,2023-12-09T13:03:00-Flr-001,Solar Flare,13,GOES-P: EXIS 1.0-8.0,12,No Note,2023,Qtr 4,December,9,S22W58,2023
13511,2023,Qtr 4,December,9,M1.5,2023,Qtr 4,December,9,9,2023,Qtr 4,December,9,2023-12-09T09:41:00-Flr-001,Solar Flare,9,GOES-P: EXIS 1.0-8.0,12,No Note,2023,Qtr 4,December,9,S22W57,2023
13511,2023,Qtr 4,December,9,M5.4,2023,Qtr 4,December,8,8,2023,Qtr 4,December,9,2023-12-08T22:57:00-Flr-001,Solar Flare,22,GOES-P: EXIS 1.0-8.0,12,No Note,2023,Qtr 4,December,9,S21W50,2023
13511,2023,Qtr 4,December,10,M2.3,2023,Qtr 4,December,10,10,2023,Qtr 4,December,10,2023-12-10T03:42:00-Flr-001,Solar Flare,3,GOES-P: EXIS 1.0-8.0,12,No Note,2023,Qtr 4,December,10,S22W67,2023
13511,2023,Qtr 4,December,11,M1.4,2023,Qtr 4,December,10,10,2023,Qtr 4,December,11,2023-12-10T22:37:00-Flr-001,Solar Flare,22,GOES-P: EXIS 1.0-8.0,12,No Note,2023,Qtr 4,December,11,S21W77,2023
13516,2023,Qtr 4,December,12,C1.6,2023,Qtr 4,December,11,11,2023,Qtr 4,December,12,2023-12-11T19:56:00-Flr-001,Solar Flare,19,GOES-P: EXIS 1.0-8.0,12,No Note,2023,Qtr 4,December,12,S20E40,2023
13514,2023,Qtr 4,December,13,C2.8,2023,Qtr 4,December,12,12,2023,Qtr 4,December,12,2023-12-12T22:29:00-Flr-001,Solar Flare,22,GOES-P: EXIS 1.0-8.0,12,No Note,2023,Qtr 4,December,13,N06W25,2023
13514,2023,Qtr 4,December,14,M2.3,2023,Qtr 4,December,14,14,2023,Qtr 4,December,14,2023-12-14T13:29:00-Flr-001,Solar Flare,13,GOES-P: EXIS 1.0-8.0,12,No Note,2023,Qtr 4,December,14,N05W52,2023
13514,2023,Qtr 4,December,14,M5.8,2023,Qtr 4,December,14,14,2023,Qtr 4,December,14,2023-12-14T07:11:00-Flr-001,Solar Flare,7,GOES-P: EXIS 1.0-8.0,12,No Note,2023,Qtr 4,December,14,N05W50,2023
13514,2023,Qtr 4,December,14,X2.8,2023,Qtr 4,December,14,14,2023,Qtr 4,December,14,2023-12-14T16:47:00-Flr-001,Solar Flare,16,GOES-P: EXIS 1.0-8.0,12,No Note,2023,Qtr 4,December,14,N05W54,2023
13514,2023,Qtr 4,December,15,M6.3,2023,Qtr 4,December,15,15,2023,Qtr 4,December,15,2023-12-15T07:03:00-Flr-001,Solar Flare,7,GOES-P: EXIS 1.0-8.0,12,No Note,2023,Qtr 4,December,15,N03W59,2023
13514,2023,Qtr 4,December,15,M6.9,2023,Qtr 4,December,15,15,2023,Qtr 4,December,15,2023-12-15T07:23:00-Flr-001,Solar Flare,7,GOES-P: EXIS 1.0-8.0,12,No Note,2023,Qtr 4,December,15,N02W66,2023
13514,2023,Qtr 4,December,16,C8.3,2023,Qtr 4,December,16,16,2023,Qtr 4,December,16,2023-12-16T13:19:00-Flr-001,Solar Flare,13,GOES-P: EXIS 1.0-8.0,12,No Note,2023,Qtr 4,December,16,N06W76,2023
13514,2023,Qtr 4,December,18,M1.1,2023,Qtr 4,December,17,17,2023,Qtr 4,December,18,2023-12-17T20:08:00-Flr-001,Solar Flare,20,GOES-P: EXIS 1.0-8.0,12,No Note,2023,Qtr 4,December,18,N05W90,2023
13519,2023,Qtr 4,December,20,C7.9,2023,Qtr 4,December,20,20,2023,Qtr 4,December,20,2023-12-20T09:23:00-Flr-001,Solar Flare,9,GOES-P: EXIS 1.0-8.0,12,No Note,2023,Qtr 4,December,20,S10W50,2023
13519,2023,Qtr 4,December,21,M4.2,2023,Qtr 4,December,21,21,2023,Qtr 4,December,21,2023-12-21T05:19:00-Flr-001,Solar Flare,5,GOES-P: EXIS 1.0-8.0,12,No Note,2023,Qtr 4,December,21,S11W61,2023
13519,2023,Qtr 4,December,22,C7.8,2023,Qtr 4,December,22,22,2023,Qtr 4,December,22,2023-12-22T04:46:00-Flr-001,Solar Flare,4,GOES-P: EXIS 1.0-8.0,12,No Note,2023,Qtr 4,December,22,S10W71,2023
13519,2023,Qtr 4,December,22,C8.1,2023,Qtr 4,December,22,22,2023,Qtr 4,December,22,2023-12-22T00:57:00-Flr-001,Solar Flare,0,GOES-P: EXIS 1.0-8.0,12,No Note,2023,Qtr 4,December,22,S11W72,2023
13519,2023,Qtr 4,December,22,M3.3,2023,Qtr 4,December,21,21,2023,Qtr 4,December,22,2023-12-21T23:42:00-Flr-001,Solar Flare,23,GOES-P: EXIS 1.0-8.0,12,No Note,2023,Qtr 4,December,22,S12W72,2023
13529,2023,Qtr 4,December,24,M2.6,2023,Qtr 4,December,24,24,2023,Qtr 4,December,24,2023-12-24T16:37:00-Flr-001,Solar Flare,16,GOES-P: EXIS 1.0-8.0,12,No Note,2023,Qtr 4,December,24,S20W30,2023
13529,2023,Qtr 4,December,24,M2.9,2023,Qtr 4,December,24,24,2023,Qtr 4,December,24,2023-12-24T11:09:00-Flr-001,Solar Flare,11,GOES-P: EXIS 1.0-8.0,12,No Note,2023,Qtr 4,December,24,S20W25,2023
0,2023,Qtr 4,December,25,M1.1,2023,Qtr 4,December,24,24,2023,Qtr 4,December,25,2023-12-24T19:21:00-Flr-001,Solar Flare,19,GOES-P: EXIS 1.0-8.0,12,This Flare Occurred From An Unnumbered Region Just Beyond The Se Limb.,2023,Qtr 4,December,25,S23E90,2023
13536,2024,Qtr 1,January,1,M1.0,2023,Qtr 4,December,31,31,2024,Qtr 1,January,1,2023-12-31T18:44:00-Flr-001,Solar Flare,18,GOES-P: EXIS 1.0-8.0,12,No Note,2024,Qtr 1,January,1,N04E80,2023
13536,2024,Qtr 1,January,1,M2.3,2024,Qtr 1,January,1,1,2024,Qtr 1,January,1,2024-01-01T08:33:00-Flr-001,Solar Flare,8,GOES-P: EXIS 1.0-8.0,1,No Note,2024,Qtr 1,January,1,N03E70,2024
13536,2024,Qtr 1,January,1,M4.7,2024,Qtr 1,January,1,1,2024,Qtr 1,January,1,2024-01-01T11:54:00-Flr-001,Solar Flare,11,GOES-P: EXIS 1.0-8.0,1,No Note,2024,Qtr 1,January,1,N03E68,2024
13536,2024,Qtr 1,January,1,X5.0,2023,Qtr 4,December,31,31,2024,Qtr 1,January,1,2023-12-31T21:40:00-Flr-001,Solar Flare,21,GOES-P: EXIS 1.0-8.0,12,No Note,2024,Qtr 1,January,1,N04E80,2023
13536,2024,Qtr 1,January,2,M1.1,2024,Qtr 1,January,2,2,2024,Qtr 1,January,3,2024-01-02T18:02:00-Flr-001,Solar Flare,18,GOES-P: EXIS 1.0-8.0,1,No Note,2024,Qtr 1,January,3,N05E59,2024
13536,2024,Qtr 1,January,4,M1.1,2024,Qtr 1,January,4,4,2024,Qtr 1,January,4,2024-01-04T01:08:00-Flr-001,Solar Flare,1,GOES-P: EXIS 1.0-8.0,1,No Note,2024,Qtr 1,January,4,N02E38,2024
13536,2024,Qtr 1,January,4,M3.8,2024,Qtr 1,January,4,4,2024,Qtr 1,January,4,2024-01-04T01:22:00-Flr-001,Solar Flare,1,GOES-P: EXIS 1.0-8.0,1,No Note,2024,Qtr 1,January,4,N04E38,2024
13536,2024,Qtr 1,January,6,C3.3,2024,Qtr 1,January,6,6,2024,Qtr 1,January,6,2024-01-06T05:28:00-Flr-001,Solar Flare,5,GOES-P: EXIS 1.0-8.0,1,No Note,2024,Qtr 1,January,6,N02E01,2024
13536,2024,Qtr 1,January,6,C3.8,2024,Qtr 1,January,6,6,2024,Qtr 1,January,6,2024-01-06T05:41:00-Flr-001,Solar Flare,5,GOES-P: EXIS 1.0-8.0,1,No Note,2024,Qtr 1,January,6,N02E01,2024
13536,2024,Qtr 1,January,6,C4.0,2024,Qtr 1,January,6,6,2024,Qtr 1,January,6,2024-01-06T06:06:00-Flr-001,Solar Flare,6,GOES-P: EXIS 1.0-8.0,1,No Note,2024,Qtr 1,January,6,N01E11,2024
13536,2024,Qtr 1,January,6,C4.1,2024,Qtr 1,January,6,6,2024,Qtr 1,January,6,2024-01-06T05:53:00-Flr-001,Solar Flare,5,GOES-P: EXIS 1.0-8.0,1,No Note,2024,Qtr 1,January,6,N02E03,2024
13549,2024,Qtr 1,January,10,M1.4,2024,Qtr 1,January,10,10,2024,Qtr 1,January,10,2024-01-10T12:39:00-Flr-001,Solar Flare,12,GOES-P: EXIS 1.0-8.0,1,"At The Time Of The Flare, This Flare Was Associated With An Unnumbered Active Region Beyond The Se Limb. This Region Was Later Numbered Ar 13549 On 2024-01-12.",2024,Qtr 1,January,10,S20E90,2024
0,2024,Qtr 1,January,11,C4.1,2024,Qtr 1,January,11,11,2024,Qtr 1,January,11,2024-01-11T08:07:00-Flr-001,Solar Flare,8,GOES-P: EXIS 1.0-8.0,1,No Note,2024,Qtr 1,January,11,N08E62,2024
0,2024,Qtr 1,January,11,C5.6,2024,Qtr 1,January,10,10,2024,Qtr 1,January,11,2024-01-10T20:28:00-Flr-001,Solar Flare,20,GOES-P: EXIS 1.0-8.0,1,Source Is Beyond The Eastern Limb.,2024,Qtr 1,January,11,N12E90,2024
13536,2024,Qtr 1,January,11,C6.5,2024,Qtr 1,January,10,10,2024,Qtr 1,January,11,2024-01-10T18:56:00-Flr-001,Solar Flare,18,GOES-P: EXIS 1.0-8.0,1,No Note,2024,Qtr 1,January,11,N10W52,2024
13538,2024,Qtr 1,January,11,M1.3,2024,Qtr 1,January,11,11,2024,Qtr 1,January,11,2024-01-11T12:44:00-Flr-001,Solar Flare,12,GOES-P: EXIS 1.0-8.0,1,No Note,2024,Qtr 1,January,11,N19W88,2024
13539,2024,Qtr 1,January,11,M1.5,2024,Qtr 1,January,11,11,2024,Qtr 1,January,11,2024-01-11T17:49:00-Flr-001,Solar Flare,17,GOES-P: EXIS 1.0-8.0,1,No Note,2024,Qtr 1,January,11,N09W55,2024
13538,2024,Qtr 1,January,11,M1.9,2024,Qtr 1,January,10,10,2024,Qtr 1,January,11,2024-01-10T23:18:00-Flr-001,Solar Flare,23,GOES-P: EXIS 1.0-8.0,1,No Note,2024,Qtr 1,January,11,N22W80,2024
13547,2024,Qtr 1,January,12,M1.0,2024,Qtr 1,January,12,12,2024,Qtr 1,January,12,2024-01-12T02:55:00-Flr-001,Solar Flare,2,GOES-P: EXIS 1.0-8.0,1,No Note,2024,Qtr 1,January,12,N18E18,2024
13538,2024,Qtr 1,January,12,M1.2,2024,Qtr 1,January,11,11,2024,Qtr 1,January,12,2024-01-11T19:08:00-Flr-001,Solar Flare,19,GOES-P: EXIS 1.0-8.0,1,No Note,2024,Qtr 1,January,12,N19W90,2024
13543,2024,Qtr 1,January,14,C9.6,2024,Qtr 1,January,14,14,2024,Qtr 1,January,14,2024-01-14T11:30:00-Flr-001,Solar Flare,11,GOES-P: EXIS 1.0-8.0,1,"Flare Appears To Occur Over The West Limb Slightly, In A Range W90-W110 As We See Most Of It Peeking Around The Limb. Potentially Associated With Ar 3536 Or 3543 Which Recently Rotated Off The Disk, But Ar 3543 Is Believed To Be The Most Likely Candidate.",2024,Qtr 1,January,14,N01W90,2024
0,2024,Qtr 1,January,17,C1.7,2024,Qtr 1,January,17,17,2024,Qtr 1,January,17,2024-01-17T05:05:00-Flr-001,Solar Flare,5,GOES-P: EXIS 1.0-8.0,1,No Note,2024,Qtr 1,January,17,N27E87,2024
0,2024,Qtr 1,January,20,C3.5,2024,Qtr 1,January,20,20,2024,Qtr 1,January,20,2024-01-20T08:35:00-Flr-001,Solar Flare,8,GOES-P: EXIS 1.0-8.0,1,Associated With Post-Eruptive Arcades. Situated Between Active Region 13557 (S13E29) And Active Region 13555 (S11E10).,2024,Qtr 1,January,20,S15E20,2024
13559,2024,Qtr 1,January,21,C4.0,2024,Qtr 1,January,21,21,2024,Qtr 1,January,21,2024-01-21T00:03:00-Flr-001,Solar Flare,0,GOES-P: EXIS 1.0-8.0,1,No Note,2024,Qtr 1,January,21,N20E41,2024
13559,2024,Qtr 1,January,21,C5.3,2024,Qtr 1,January,21,21,2024,Qtr 1,January,21,2024-01-21T00:35:00-Flr-001,Solar Flare,0,GOES-P: EXIS 1.0-8.0,1,No Note,2024,Qtr 1,January,21,N28E42,2024
13559,2024,Qtr 1,January,22,M1.5,2024,Qtr 1,January,22,22,2024,Qtr 1,January,22,2024-01-22T06:09:00-Flr-001,Solar Flare,6,GOES-P: EXIS 1.0-8.0,1,No Note,2024,Qtr 1,January,22,N27E27,2024
13559,2024,Qtr 1,January,23,C6.2,2024,Qtr 1,January,23,23,2024,Qtr 1,January,23,2024-01-23T09:17:00-Flr-001,Solar Flare,9,GOES-P: EXIS 1.0-8.0,1,No Note,2024,Qtr 1,January,23,N30E16,2024
13561,2024,Qtr 1,January,23,C9.6,2024,Qtr 1,January,23,23,2024,Qtr 1,January,23,2024-01-23T06:45:00-Flr-001,Solar Flare,6,GOES-P: EXIS 1.0-8.0,1,No Note,2024,Qtr 1,January,23,S17W35,2024
13561,2024,Qtr 1,January,23,M1.0,2024,Qtr 1,January,23,23,2024,Qtr 1,January,23,2024-01-23T13:03:00-Flr-001,Solar Flare,13,GOES-P: EXIS 1.0-8.0,1,Simultaneous Flaring At Active Region 13559 (N30E12).,2024,Qtr 1,January,23,S18W38,2024
13561,2024,Qtr 1,January,23,M1.0,2024,Qtr 1,January,23,23,2024,Qtr 1,January,24,2024-01-23T18:19:00-Flr-001,Solar Flare,18,GOES-P: EXIS 1.0-8.0,1,No Note,2024,Qtr 1,January,23,S17W43,2024
13559,2024,Qtr 1,January,23,M1.1,2024,Qtr 1,January,22,22,2024,Qtr 1,January,23,2024-01-22T19:13:00-Flr-001,Solar Flare,19,GOES-P: EXIS 1.0-8.0,1,Simultaneous Flaring From Ar 3561 (Approx. S16W28) At The Time Of This Flare/,2024,Qtr 1,January,23,N25E14,2024
13559,2024,Qtr 1,January,23,M1.2,2024,Qtr 1,January,22,22,2024,Qtr 1,January,23,2024-01-22T19:28:00-Flr-001,Solar Flare,19,GOES-P: EXIS 1.0-8.0,1,No Note,2024,Qtr 1,January,23,N25E14,2024
13561,2024,Qtr 1,January,23,M1.3,2024,Qtr 1,January,23,23,2024,Qtr 1,January,23,2024-01-23T14:45:00-Flr-001,Solar Flare,14,GOES-P: EXIS 1.0-8.0,1,No Note,2024,Qtr 1,January,23,S18W42,2024
13561,2024,Qtr 1,January,23,M1.6,2024,Qtr 1,January,22,22,2024,Qtr 1,January,23,2024-01-22T21:36:00-Flr-001,Solar Flare,21,GOES-P: EXIS 1.0-8.0,1,No Note,2024,Qtr 1,January,23,S18W30,2024
13561,2024,Qtr 1,January,23,M2.0,2024,Qtr 1,January,22,22,2024,Qtr 1,January,23,2024-01-22T19:43:00-Flr-001,Solar Flare,19,GOES-P: EXIS 1.0-8.0,1,Simultaneous Flaring Is Observed From Ar 3559 (Approximately N27E15).,2024,Qtr 1,January,23,S17W27,2024
13561,2024,Qtr 1,January,23,M2.1,2024,Qtr 1,January,22,22,2024,Qtr 1,January,23,2024-01-22T22:19:00-Flr-001,Solar Flare,22,GOES-P: EXIS 1.0-8.0,1,No Note,2024,Qtr 1,January,23,S19W30,2024
13561,2024,Qtr 1,January,23,M2.3,2024,Qtr 1,January,23,23,2024,Qtr 1,January,23,2024-01-23T08:18:00-Flr-001,Solar Flare,8,GOES-P: EXIS 1.0-8.0,1,No Note,2024,Qtr 1,January,23,S18W40,2024
13561,2024,Qtr 1,January,23,M2.4,2024,Qtr 1,January,23,23,2024,Qtr 1,January,23,2024-01-23T07:52:00-Flr-001,Solar Flare,7,GOES-P: EXIS 1.0-8.0,1,No Note,2024,Qtr 1,January,23,S18W38,2024
13561,2024,Qtr 1,January,23,M3.4,2024,Qtr 1,January,22,22,2024,Qtr 1,January,23,2024-01-22T21:14:00-Flr-001,Solar Flare,21,GOES-P: EXIS 1.0-8.0,1,No Note,2024,Qtr 1,January,23,S18W30,2024
13561,2024,Qtr 1,January,23,M4.3,2024,Qtr 1,January,23,23,2024,Qtr 1,January,23,2024-01-23T16:36:00-Flr-001,Solar Flare,16,GOES-P: EXIS 1.0-8.0,1,No Note,2024,Qtr 1,January,23,S17W39,2024
13559,2024,Qtr 1,January,23,M5.1,2024,Qtr 1,January,23,23,2024,Qtr 1,January,23,2024-01-23T03:09:00-Flr-001,Solar Flare,3,GOES-P: EXIS 1.0-8.0,1,"Simultaneous Flaring At Active Region 13561 (S19W31), But Active Region 13559 Is Clearly The Primary Contributor To This Flare.",2024,Qtr 1,January,23,N29E18,2024
13561,2024,Qtr 1,January,24,C6.8,2024,Qtr 1,January,24,24,2024,Qtr 1,January,24,2024-01-24T12:44:00-Flr-001,Solar Flare,12,GOES-P: EXIS 1.0-8.0,1,No Note,2024,Qtr 1,January,24,S18W52,2024
13561,2024,Qtr 1,January,24,M1.0,2024,Qtr 1,January,23,23,2024,Qtr 1,January,24,2024-01-23T19:46:00-Flr-001,Solar Flare,19,GOES-P: EXIS 1.0-8.0,1,"First Of Two Flares In A Double Peak, Followed By 2024-01-23T19:57Z.",2024,Qtr 1,January,24,S17W42,2024
13561,2024,Qtr 1,January,24,M1.0,2024,Qtr 1,January,23,23,2024,Qtr 1,January,24,2024-01-23T19:57:00-Flr-001,Solar Flare,19,GOES-P: EXIS 1.0-8.0,1,"Second Of Two Flares In A Double Peak, Preceded By 2024-01-23T19:46Z.",2024,Qtr 1,January,24,S17W44,2024
13561,2024,Qtr 1,January,24,M1.0,2024,Qtr 1,January,24,24,2024,Qtr 1,January,24,2024-01-24T00:21:00-Flr-001,Solar Flare,0,GOES-P: EXIS 1.0-8.0,1,No Note,2024,Qtr 1,January,24,S17W43,2024
13561,2024,Qtr 1,January,24,M1.1,2024,Qtr 1,January,23,23,2024,Qtr 1,January,24,2024-01-23T18:35:00-Flr-001,Solar Flare,18,GOES-P: EXIS 1.0-8.0,1,No Note,2024,Qtr 1,January,24,S16W43,2024
13561,2024,Qtr 1,January,24,M1.4,2024,Qtr 1,January,24,24,2024,Qtr 1,January,24,2024-01-24T05:18:00-Flr-001,Solar Flare,5,GOES-P: EXIS 1.0-8.0,1,No Note,2024,Qtr 1,January,24,S16W51,2024
13561,2024,Qtr 1,January,24,M2.6,2024,Qtr 1,January,24,24,2024,Qtr 1,January,24,2024-01-24T01:31:00-Flr-001,Solar Flare,1,GOES-P: EXIS 1.0-8.0,1,No Note,2024,Qtr 1,January,24,S16W48,2024
13561,2024,Qtr 1,January,25,C5.7,2024,Qtr 1,January,24,24,2024,Qtr 1,January,25,2024-01-24T21:27:00-Flr-001,Solar Flare,21,GOES-P: EXIS 1.0-8.0,1,No Note,2024,Qtr 1,January,25,S17W63,2024
13561,2024,Qtr 1,January,25,M1.3,2024,Qtr 1,January,24,24,2024,Qtr 1,January,25,2024-01-24T20:44:00-Flr-001,Solar Flare,20,GOES-P: EXIS 1.0-8.0,1,No Note,2024,Qtr 1,January,25,S18W60,2024
13559,2024,Qtr 1,January,28,C3.0,2024,Qtr 1,January,28,28,2024,Qtr 1,January,28,2024-01-28T15:52:00-Flr-001,Solar Flare,15,GOES-P: EXIS 1.0-8.0,1,No Note,2024,Qtr 1,January,28,N30W55,2024
13559,2024,Qtr 1,January,29,M1.2,2024,Qtr 1,January,29,29,2024,Qtr 1,January,29,2024-01-29T01:29:00-Flr-001,Solar Flare,1,GOES-P: EXIS 1.0-8.0,1,No Note,2024,Qtr 1,January,29,N30W61,2024
13559,2024,Qtr 1,January,29,M6.8,2024,Qtr 1,January,29,29,2024,Qtr 1,January,29,2024-01-29T03:54:00-Flr-001,Solar Flare,3,GOES-P: EXIS 1.0-8.0,1,No Note,2024,Qtr 1,January,29,N25W70,2024
13559,2024,Qtr 1,January,30,C1.9,2024,Qtr 1,January,30,30,2024,Qtr 1,January,30,2024-01-30T00:07:00-Flr-001,Solar Flare,0,GOES-P: EXIS 1.0-8.0,1,No Note,2024,Qtr 1,January,30,N31W78,2024
0,2024,Qtr 1,February,1,C2.5,2024,Qtr 1,February,1,1,2024,Qtr 1,February,1,2024-02-01T14:57:00-Flr-001,Solar Flare,14,GOES-P: EXIS 1.0-8.0,2,No Note,2024,Qtr 1,February,1,S20E80,2024
0,2024,Qtr 1,February,1,C3.0,2024,Qtr 1,February,1,1,2024,Qtr 1,February,1,2024-02-01T06:36:00-Flr-001,Solar Flare,6,GOES-P: EXIS 1.0-8.0,2,"Associated With A Region Of Enhanced Flux, But No Numbered Active Region.",2024,Qtr 1,February,1,N20E05,2024
13571,2024,Qtr 1,February,2,C3.0,2024,Qtr 1,February,2,2,2024,Qtr 1,February,2,2024-02-02T15:25:00-Flr-001,Solar Flare,15,GOES-P: EXIS 1.0-8.0,2,No Note,2024,Qtr 1,February,2,S19E53,2024
13571,2024,Qtr 1,February,2,C3.1,2024,Qtr 1,February,2,2,2024,Qtr 1,February,2,2024-02-02T16:22:00-Flr-001,Solar Flare,16,GOES-P: EXIS 1.0-8.0,2,No Note,2024,Qtr 1,February,2,S20E55,2024
13571,2024,Qtr 1,February,2,C5.6,2024,Qtr 1,February,2,2,2024,Qtr 1,February,2,2024-02-02T10:48:00-Flr-001,Solar Flare,10,GOES-P: EXIS 1.0-8.0,2,No Note,2024,Qtr 1,February,2,S19E56,2024
13571,2024,Qtr 1,February,2,M1.1,2024,Qtr 1,February,2,2,2024,Qtr 1,February,2,2024-02-02T02:52:00-Flr-001,Solar Flare,2,GOES-P: EXIS 1.0-8.0,2,No Note,2024,Qtr 1,February,2,S18E60,2024
13576,2024,Qtr 1,February,4,M1.1,2024,Qtr 1,February,4,4,2024,Qtr 1,February,5,2024-02-04T18:16:00-Flr-001,Solar Flare,18,GOES-P: EXIS 1.0-8.0,2,No Note,2024,Qtr 1,February,4,S18E73,2024
13576,2024,Qtr 1,February,4,M1.3,2024,Qtr 1,February,4,4,2024,Qtr 1,February,4,2024-02-04T17:05:00-Flr-001,Solar Flare,17,GOES-P: EXIS 1.0-8.0,2,No Note,2024,Qtr 1,February,4,S17E74,2024
13576,2024,Qtr 1,February,4,M1.4,2024,Qtr 1,February,4,4,2024,Qtr 1,February,4,2024-02-04T11:40:00-Flr-001,Solar Flare,11,GOES-P: EXIS 1.0-8.0,2,No Note,2024,Qtr 1,February,4,S17E79,2024
13576,2024,Qtr 1,February,4,M1.5,2024,Qtr 1,February,4,4,2024,Qtr 1,February,4,2024-02-04T16:22:00-Flr-001,Solar Flare,16,GOES-P: EXIS 1.0-8.0,2,No Note,2024,Qtr 1,February,4,S17E75,2024
13576,2024,Qtr 1,February,5,M1.2,2024,Qtr 1,February,4,4,2024,Qtr 1,February,5,2024-02-04T20:52:00-Flr-001,Solar Flare,20,GOES-P: EXIS 1.0-8.0,2,No Note,2024,Qtr 1,February,5,S19E85,2024
13576,2024,Qtr 1,February,5,M1.4,2024,Qtr 1,February,5,5,2024,Qtr 1,February,5,2024-02-05T06:10:00-Flr-001,Solar Flare,6,GOES-P: EXIS 1.0-8.0,2,No Note,2024,Qtr 1,February,5,S21E75,2024
13576,2024,Qtr 1,February,5,M2.1,2024,Qtr 1,February,4,4,2024,Qtr 1,February,5,2024-02-04T22:20:00-Flr-001,Solar Flare,22,GOES-P: EXIS 1.0-8.0,2,No Note,2024,Qtr 1,February,5,S14E87,2024
13576,2024,Qtr 1,February,5,M2.1,2024,Qtr 1,February,5,5,2024,Qtr 1,February,5,2024-02-05T04:13:00-Flr-001,Solar Flare,4,GOES-P: EXIS 1.0-8.0,2,No Note,2024,Qtr 1,February,5,S16E73,2024
13576,2024,Qtr 1,February,5,M2.7,2024,Qtr 1,February,4,4,2024,Qtr 1,February,5,2024-02-04T22:34:00-Flr-001,Solar Flare,22,GOES-P: EXIS 1.0-8.0,2,No Note,2024,Qtr 1,February,5,S14E86,2024
13575,2024,Qtr 1,February,6,M2.2,2024,Qtr 1,February,6,6,2024,Qtr 1,February,6,2024-02-06T02:15:00-Flr-001,Solar Flare,2,GOES-P: EXIS 1.0-8.0,2,No Note,2024,Qtr 1,February,6,S34W65,2024
13575,2024,Qtr 1,February,6,M4.2,2024,Qtr 1,February,6,6,2024,Qtr 1,February,6,2024-02-06T02:37:00-Flr-001,Solar Flare,2,GOES-P: EXIS 1.0-8.0,2,No Note,2024,Qtr 1,February,6,S34W65,2024
13575,2024,Qtr 1,February,7,M1.3,2024,Qtr 1,February,6,6,2024,Qtr 1,February,7,2024-02-06T18:38:00-Flr-001,Solar Flare,18,GOES-P: EXIS 1.0-8.0,2,No Note,2024,Qtr 1,February,7,S36W72,2024
13576,2024,Qtr 1,February,7,M1.3,2024,Qtr 1,February,7,7,2024,Qtr 1,February,8,2024-02-07T17:41:00-Flr-001,Solar Flare,17,GOES-P: EXIS 1.0-8.0,2,"Another Peak Was Observed, At M1.2 Class, At 2024-02-07T18:19Z.",2024,Qtr 1,February,7,S15E38,2024
13575,2024,Qtr 1,February,7,M5.1,2024,Qtr 1,February,7,7,2024,Qtr 1,February,7,2024-02-07T03:04:00-Flr-001,Solar Flare,3,GOES-P: EXIS 1.0-8.0,2,No Note,2024,Qtr 1,February,7,S36W80,2024
13564,2024,Qtr 1,February,8,C6.1,2024,Qtr 1,February,8,8,2024,Qtr 1,February,8,2024-02-08T16:12:00-Flr-001,Solar Flare,16,GOES-P: EXIS 1.0-8.0,2,No Note,2024,Qtr 1,February,8,S13W90,2024
13564,2024,Qtr 1,February,8,M1.2,2024,Qtr 1,February,8,8,2024,Qtr 1,February,8,2024-02-08T14:11:00-Flr-001,Solar Flare,14,GOES-P: EXIS 1.0-8.0,2,"Smaller Flare From The West Limb, Riding On The Back Of An M3 Class Flare From A Central Ar 3576",2024,Qtr 1,February,8,S13W90,2024
13576,2024,Qtr 1,February,8,M1.8,2024,Qtr 1,February,8,8,2024,Qtr 1,February,8,2024-02-08T15:17:00-Flr-001,Solar Flare,15,GOES-P: EXIS 1.0-8.0,2,No Note,2024,Qtr 1,February,8,S16E24,2024
13576,2024,Qtr 1,February,8,M3.4,2024,Qtr 1,February,8,8,2024,Qtr 1,February,8,2024-02-08T12:41:00-Flr-001,Solar Flare,12,GOES-P: EXIS 1.0-8.0,2,No Note,2024,Qtr 1,February,8,S17E27,2024
13576,2024,Qtr 1,February,9,M1.2,2024,Qtr 1,February,9,9,2024,Qtr 1,February,9,2024-02-09T17:54:00-Flr-001,Solar Flare,17,GOES-P: EXIS 1.0-8.0,2,No Note,2024,Qtr 1,February,9,S16E07,2024
13576,2024,Qtr 1,February,9,M1.3,2024,Qtr 1,February,8,8,2024,Qtr 1,February,9,2024-02-08T18:56:00-Flr-001,Solar Flare,18,GOES-P: EXIS 1.0-8.0,2,No Note,2024,Qtr 1,February,9,S15E22,2024
13576,2024,Qtr 1,February,9,M3.1,2024,Qtr 1,February,9,9,2024,Qtr 1,February,9,2024-02-09T00:36:00-Flr-001,Solar Flare,0,GOES-P: EXIS 1.0-8.0,2,"Simultaneous Flaring From Ar3576 (S16E16) & Ar3575 (S36, Beyond Sw Limb).",2024,Qtr 1,February,9,S16E16,2024
13575,2024,Qtr 1,February,9,M3.9,2024,Qtr 1,February,8,8,2024,Qtr 1,February,9,2024-02-08T23:16:00-Flr-001,Solar Flare,23,GOES-P: EXIS 1.0-8.0,2,Seen Beyond The Sw Limb,2024,Qtr 1,February,9,S36W100,2024
13575,2024,Qtr 1,February,9,X3.3,2024,Qtr 1,February,9,9,2024,Qtr 1,February,9,2024-02-09T12:53:00-Flr-001,Solar Flare,12,GOES-P: EXIS 1.0-8.0,2,"Occulted Flare From Behind The Limb. The Earlier Identification Of Longitude Sent In Notification Was Too Low, W110 Is More Correct.",2024,Qtr 1,February,9,S37W110,2024
13576,2024,Qtr 1,February,10,M1.5,2024,Qtr 1,February,10,10,2024,Qtr 1,February,10,2024-02-10T00:42:00-Flr-001,Solar Flare,0,GOES-P: EXIS 1.0-8.0,2,No Note,2024,Qtr 1,February,10,S16E04,2024
13584,2024,Qtr 1,February,10,M3.4,2024,Qtr 1,February,10,10,2024,Qtr 1,February,10,2024-02-10T03:04:00-Flr-001,Solar Flare,3,GOES-P: EXIS 1.0-8.0,2,Ar 13584 Was Numbered On 2024-02-11. This Flare May Potentially Be Occulted Due To Proximity To The Limb.,2024,Qtr 1,February,10,S15E90,2024
13576,2024,Qtr 1,February,11,M9.0,2024,Qtr 1,February,10,10,2024,Qtr 1,February,11,2024-02-10T22:56:00-Flr-001,Solar Flare,22,GOES-P: EXIS 1.0-8.0,2,No Note,2024,Qtr 1,February,11,S12W13,2024
13585,2024,Qtr 1,February,12,M1.0,2024,Qtr 1,February,11,11,2024,Qtr 1,February,12,2024-02-11T22:35:00-Flr-001,Solar Flare,22,GOES-P: EXIS 1.0-8.0,2,This Ar Was Numbered On 2024-02-14.,2024,Qtr 1,February,12,N10E90,2024
13576,2024,Qtr 1,February,12,M1.1,2024,Qtr 1,February,12,12,2024,Qtr 1,February,12,2024-02-12T12:50:00-Flr-001,Solar Flare,12,GOES-P: EXIS 1.0-8.0,2,No Note,2024,Qtr 1,February,12,S16W30,2024
13576,2024,Qtr 1,February,12,M1.4,2024,Qtr 1,February,12,12,2024,Qtr 1,February,12,2024-02-12T15:31:00-Flr-001,Solar Flare,15,GOES-P: EXIS 1.0-8.0,2,No Note,2024,Qtr 1,February,12,S16W30,2024
13576,2024,Qtr 1,February,12,M6.5,2024,Qtr 1,February,12,12,2024,Qtr 1,February,12,2024-02-12T03:23:00-Flr-001,Solar Flare,3,GOES-P: EXIS 1.0-8.0,2,No Note,2024,Qtr 1,February,12,S16W25,2024
0,2024,Qtr 1,February,13,C5.0,2024,Qtr 1,February,13,13,2024,Qtr 1,February,13,2024-02-13T07:28:00-Flr-001,Solar Flare,7,GOES-P: EXIS 1.0-8.0,2,Occulted Flare From Behind The Ne Limb.,2024,Qtr 1,February,13,N23E90,2024
13586,2024,Qtr 1,February,13,M2.6,2024,Qtr 1,February,12,12,2024,Qtr 1,February,13,2024-02-12T20:35:00-Flr-001,Solar Flare,20,GOES-P: EXIS 1.0-8.0,2,Occluded Flare From Behind The Ne Limb Caused By Rising Post-Eruptive Arcades. Ar Was Numbered On 2024-02-14.,2024,Qtr 1,February,13,N26E90,2024
13582,2024,Qtr 1,February,14,M1.0,2024,Qtr 1,February,14,14,2024,Qtr 1,February,14,2024-02-14T03:02:00-Flr-001,Solar Flare,3,GOES-P: EXIS 1.0-8.0,2,No Note,2024,Qtr 1,February,14,N07W26,2024
13576,2024,Qtr 1,February,14,M1.0,2024,Qtr 1,February,14,14,2024,Qtr 1,February,14,2024-02-14T07:26:00-Flr-001,Solar Flare,7,GOES-P: EXIS 1.0-8.0,2,No Note,2024,Qtr 1,February,14,S17W55,2024
13576,2024,Qtr 1,February,15,M1.8,2024,Qtr 1,February,15,15,2024,Qtr 1,February,15,2024-02-15T16:50:00-Flr-001,Solar Flare,16,GOES-P: EXIS 1.0-8.0,2,No Note,2024,Qtr 1,February,15,S15W80,2024
13586,2024,Qtr 1,February,16,C6.1,2024,Qtr 1,February,16,16,2024,Qtr 1,February,16,2024-02-16T16:15:00-Flr-001,Solar Flare,16,GOES-P: EXIS 1.0-8.0,2,No Note,2024,Qtr 1,February,16,N30E56,2024
13576,2024,Qtr 1,February,16,X2.5,2024,Qtr 1,February,16,16,2024,Qtr 1,February,16,2024-02-16T06:42:00-Flr-001,Solar Flare,6,GOES-P: EXIS 1.0-8.0,2,No Note,2024,Qtr 1,February,16,S19W85,2024
13576,2024,Qtr 1,February,17,M3.0,2024,Qtr 1,February,16,16,2024,Qtr 1,February,17,2024-02-16T21:57:00-Flr-001,Solar Flare,21,GOES-P: EXIS 1.0-8.0,2,"Flare Partially Occulted By The Limb, Location Derived From Current Position Of Ar 3576 Just Beyond The Sw Limb.",2024,Qtr 1,February,17,S16W94,2024
13583,2024,Qtr 1,February,20,C3.8,2024,Qtr 1,February,19,19,2024,Qtr 1,February,20,2024-02-19T23:00:00-Flr-001,Solar Flare,23,GOES-P: EXIS 1.0-8.0,2,"Flaring Due To A Post-Eruptive Arcade, Which Is Observed In Sdo Aia 131 To Have A Left-Hand Footpoint At W70 And A Right-Hand Footpoint That Appears To Reach Around The Western Limb, Possibly To About W100.",2024,Qtr 1,February,20,N12W80,2024
0,2024,Qtr 1,February,21,C4.1,2024,Qtr 1,February,21,21,2024,Qtr 1,February,21,2024-02-21T15:39:00-Flr-001,Solar Flare,15,GOES-P: EXIS 1.0-8.0,2,"This Flare Is Associated With An Eruption On The Se Limb, Which Is Currently Suspected To Be Old Active Region 13575 (S37, Rotated Off The Disk At 2024-02-07T22:00Z).",2024,Qtr 1,February,21,S40E90,2024
0,2024,Qtr 1,February,22,C9.4,2024,Qtr 1,February,22,22,2024,Qtr 1,February,22,2024-02-22T16:17:00-Flr-001,Solar Flare,16,GOES-P: EXIS 1.0-8.0,2,No Note,2024,Qtr 1,February,22,N05E90,2024
13591,2024,Qtr 1,February,22,M1.5,2024,Qtr 1,February,21,21,2024,Qtr 1,February,22,2024-02-21T23:58:00-Flr-001,Solar Flare,23,GOES-P: EXIS 1.0-8.0,2,Occulted Flare From Active Region Just Behind The Se Limb (Likely The Old Ar 3575).,2024,Qtr 1,February,22,S36E90,2024
13590,2024,Qtr 1,February,22,X1.7,2024,Qtr 1,February,22,22,2024,Qtr 1,February,22,2024-02-22T06:17:00-Flr-001,Solar Flare,6,GOES-P: EXIS 1.0-8.0,2,No Note,2024,Qtr 1,February,22,N17E34,2024
13590,2024,Qtr 1,February,22,X1.8,2024,Qtr 1,February,21,21,2024,Qtr 1,February,22,2024-02-21T22:52:00-Flr-001,Solar Flare,22,GOES-P: EXIS 1.0-8.0,2,No Note,2024,Qtr 1,February,22,N17E38,2024
13590,2024,Qtr 1,February,23,M1.0,2024,Qtr 1,February,23,23,2024,Qtr 1,February,23,2024-02-23T13:12:00-Flr-001,Solar Flare,13,GOES-P: EXIS 1.0-8.0,2,No Note,2024,Qtr 1,February,23,N17E17,2024
13590,2024,Qtr 1,February,23,M1.0,2024,Qtr 1,February,23,23,2024,Qtr 1,February,23,2024-02-23T16:12:00-Flr-001,Solar Flare,16,GOES-P: EXIS 1.0-8.0,2,No Note,2024,Qtr 1,February,23,N17E15,2024
13590,2024,Qtr 1,February,23,M1.4,2024,Qtr 1,February,23,23,2024,Qtr 1,February,23,2024-02-23T15:41:00-Flr-001,Solar Flare,15,GOES-P: EXIS 1.0-8.0,2,No Note,2024,Qtr 1,February,23,N17E16,2024
13590,2024,Qtr 1,February,23,M2.6,2024,Qtr 1,February,23,23,2024,Qtr 1,February,23,2024-02-23T17:26:00-Flr-001,Solar Flare,17,GOES-P: EXIS 1.0-8.0,2,No Note,2024,Qtr 1,February,23,N17E15,2024
13590,2024,Qtr 1,February,23,M4.8,2024,Qtr 1,February,22,22,2024,Qtr 1,February,23,2024-02-22T20:29:00-Flr-001,Solar Flare,20,GOES-P: EXIS 1.0-8.0,2,No Note,2024,Qtr 1,February,23,N17E26,2024
13590,2024,Qtr 1,February,23,X6.3,2024,Qtr 1,February,22,22,2024,Qtr 1,February,23,2024-02-22T22:08:00-Flr-001,Solar Flare,22,GOES-P: EXIS 1.0-8.0,2,Data For This Event Was Provided By Goes-18. A Data Gap In Goes-16 Was Observed From 2024-02-22T22:00Z To 2024-02-23T00:00Z.,2024,Qtr 1,February,23,N17E26,2024
13590,2024,Qtr 1,February,24,M1.0,2024,Qtr 1,February,24,24,2024,Qtr 1,February,24,2024-02-24T11:54:00-Flr-001,Solar Flare,11,GOES-P: EXIS 1.0-8.0,2,No Note,2024,Qtr 1,February,24,N18E20,2024
13590,2024,Qtr 1,February,24,M2.2,2024,Qtr 1,February,24,24,2024,Qtr 1,February,24,2024-02-24T10:32:00-Flr-001,Solar Flare,10,GOES-P: EXIS 1.0-8.0,2,No Note,2024,Qtr 1,February,24,N12E05,2024
13590,2024,Qtr 1,February,24,M3.6,2024,Qtr 1,February,24,24,2024,Qtr 1,February,24,2024-02-24T11:03:00-Flr-001,Solar Flare,11,GOES-P: EXIS 1.0-8.0,2,No Note,2024,Qtr 1,February,24,N18E05,2024
13590,2024,Qtr 1,February,24,M4.5,2024,Qtr 1,February,24,24,2024,Qtr 1,February,24,2024-02-24T06:21:00-Flr-001,Solar Flare,6,GOES-P: EXIS 1.0-8.0,2,No Note,2024,Qtr 1,February,24,N18E09,2024
13590,2024,Qtr 1,February,25,M2.0,2024,Qtr 1,February,25,25,2024,Qtr 1,February,25,2024-02-25T16:47:00-Flr-001,Solar Flare,16,GOES-P: EXIS 1.0-8.0,2,Eruption With Dimming Visible In Sdo Aia 193.,2024,Qtr 1,February,25,N18W10,2024
0,2024,Qtr 1,February,28,C5.1,2024,Qtr 1,February,28,28,2024,Qtr 1,February,28,2024-02-28T08:56:00-Flr-001,Solar Flare,8,GOES-P: EXIS 1.0-8.0,2,No Note,2024,Qtr 1,February,28,S16E31,2024
13590,2024,Qtr 1,February,28,M1.5,2024,Qtr 1,February,28,28,2024,Qtr 1,February,29,2024-02-28T16:24:00-Flr-001,Solar Flare,16,GOES-P: EXIS 1.0-8.0,2,Long Duration Flare,2024,Qtr 1,February,29,N19W59,2024
0,2024,Qtr 1,March,8,C3.5,2024,Qtr 1,March,7,7,2024,Qtr 1,March,8,2024-03-07T22:02:00-Flr-001,Solar Flare,22,GOES-P: EXIS 1.0-8.0,3,Brightening Is Seen In Sdo Aia 131 On Or Just Beyond The Nw Limb At About N17. This Brightening Simultaneously Occurs With Opening Field Lines And Ejecta Which Are Also Observed Just Beyond The Nw Limb At Abut N17 In Sdo Aia 131 Starting At 2024-03-07T22:09Z.,2024,Qtr 1,March,8,N17W90,2024
13599,2024,Qtr 1,March,9,M1.3,2024,Qtr 1,March,8,8,2024,Qtr 1,March,9,2024-03-08T21:18:00-Flr-001,Solar Flare,21,GOES-P: EXIS 1.0-8.0,3,No Note,2024,Qtr 1,March,9,S13W14,2024
13599,2024,Qtr 1,March,10,M7.4,2024,Qtr 1,March,10,10,2024,Qtr 1,March,10,2024-03-10T12:00:00-Flr-001,Solar Flare,12,GOES-S: EXIS 1.0-8.0,3,No Note,2024,Qtr 1,March,10,S13W35,2024
0,2024,Qtr 1,March,12,C3.3,2024,Qtr 1,March,12,12,2024,Qtr 1,March,12,2024-03-12T10:06:00-Flr-001,Solar Flare,10,GOES-P: EXIS 1.0-8.0,3,No Note,2024,Qtr 1,March,12,S19E90,2024
13599,2024,Qtr 1,March,14,M1.0,2024,Qtr 1,March,14,14,2024,Qtr 1,March,14,2024-03-14T05:52:00-Flr-001,Solar Flare,5,GOES-P: EXIS 1.0-8.0,3,No Note,2024,Qtr 1,March,14,S13W85,2024
13599,2024,Qtr 1,March,15,C4.9,2024,Qtr 1,March,15,15,2024,Qtr 1,March,15,2024-03-15T02:00:00-Flr-001,Solar Flare,2,GOES-P: EXIS 1.0-8.0,3,"Flare Associated With High Rising Post-Eruptive Arcades, Likely From An Eruption In Active Region 3599 Behind The Limb (At Longitude ~96 Degrees)",2024,Qtr 1,March,15,S13W90,2024
13599,2024,Qtr 1,March,15,C6.0,2024,Qtr 1,March,15,15,2024,Qtr 1,March,15,2024-03-15T05:32:00-Flr-001,Solar Flare,5,GOES-P: EXIS 1.0-8.0,3,Associated With Post-Eruptive Arcades And Other Eruptive Activity From The Sw Limb.,2024,Qtr 1,March,15,S13W97,2024
13615,2024,Qtr 1,March,16,M3.5,2024,Qtr 1,March,16,16,2024,Qtr 1,March,16,2024-03-16T16:22:00-Flr-001,Solar Flare,16,GOES-P: EXIS 1.0-8.0,3,Flare Occurs Beyond The Se Limb. This Active Region Was Number On 2023-03-18.,2024,Qtr 1,March,16,S17E90,2024
13615,2024,Qtr 1,March,17,M1.1,2024,Qtr 1,March,16,16,2024,Qtr 1,March,17,2024-03-16T21:27:00-Flr-001,Solar Flare,21,GOES-P: EXIS 1.0-8.0,3,Flare Occurs Beyond The Se Limb. This Active Region Was Number On 2023-03-18.,2024,Qtr 1,March,17,S16E90,2024
13614,2024,Qtr 1,March,18,M1.0,2024,Qtr 1,March,18,18,2024,Qtr 1,March,18,2024-03-18T04:06:00-Flr-001,Solar Flare,4,GOES-P: EXIS 1.0-8.0,3,No Note,2024,Qtr 1,March,18,N16E68,2024
13612,2024,Qtr 1,March,18,M2.7,2024,Qtr 1,March,18,18,2024,Qtr 1,March,18,2024-03-18T03:21:00-Flr-001,Solar Flare,3,GOES-P: EXIS 1.0-8.0,3,No Note,2024,Qtr 1,March,18,N21W85,2024
13615,2024,Qtr 1,March,19,M1.4,2024,Qtr 1,March,19,19,2024,Qtr 1,March,19,2024-03-19T02:24:00-Flr-001,Solar Flare,2,GOES-P: EXIS 1.0-8.0,3,No Note,2024,Qtr 1,March,19,S14E65,2024
13615,2024,Qtr 1,March,19,M6.7,2024,Qtr 1,March,18,18,2024,Qtr 1,March,19,2024-03-18T19:02:00-Flr-001,Solar Flare,19,GOES-P: EXIS 1.0-8.0,3,No Note,2024,Qtr 1,March,19,S11E69,2024
13615,2024,Qtr 1,March,20,M2.1,2024,Qtr 1,March,19,19,2024,Qtr 1,March,20,2024-03-19T23:17:00-Flr-001,Solar Flare,23,GOES-P: EXIS 1.0-8.0,3,No Note,2024,Qtr 1,March,20,S17E56,2024
13615,2024,Qtr 1,March,20,M7.4,2024,Qtr 1,March,20,20,2024,Qtr 1,March,20,2024-03-20T07:23:00-Flr-001,Solar Flare,7,GOES-P: EXIS 1.0-8.0,3,No Note,2024,Qtr 1,March,20,S10E48,2024
13615,2024,Qtr 1,March,21,M1.9,2024,Qtr 1,March,20,20,2024,Qtr 1,March,21,2024-03-20T22:46:00-Flr-001,Solar Flare,22,GOES-P: EXIS 1.0-8.0,3,No Note,2024,Qtr 1,March,21,S17E43,2024
13614,2024,Qtr 1,March,22,C8.4,2024,Qtr 1,March,22,22,2024,Qtr 1,March,22,2024-03-22T13:45:00-Flr-001,Solar Flare,13,GOES-P: EXIS 1.0-8.0,3,No Note,2024,Qtr 1,March,22,N18E13,2024
13615,2024,Qtr 1,March,23,M1.0,2024,Qtr 1,March,23,23,2024,Qtr 1,March,23,2024-03-23T11:22:00-Flr-001,Solar Flare,11,GOES-P: EXIS 1.0-8.0,3,No Note,2024,Qtr 1,March,23,S14E07,2024
13615,2024,Qtr 1,March,23,M1.1,2024,Qtr 1,March,23,23,2024,Qtr 1,March,23,2024-03-23T06:47:00-Flr-001,Solar Flare,6,GOES-P: EXIS 1.0-8.0,3,No Note,2024,Qtr 1,March,23,S13E04,2024
13615,2024,Qtr 1,March,23,M1.1,2024,Qtr 1,March,23,23,2024,Qtr 1,March,23,2024-03-23T13:04:00-Flr-001,Solar Flare,13,GOES-P: EXIS 1.0-8.0,3,No Note,2024,Qtr 1,March,23,S14E10,2024
13615,2024,Qtr 1,March,23,M1.3,2024,Qtr 1,March,23,23,2024,Qtr 1,March,23,2024-03-23T12:36:00-Flr-001,Solar Flare,12,GOES-P: EXIS 1.0-8.0,3,No Note,2024,Qtr 1,March,23,S14E07,2024
13615,2024,Qtr 1,March,23,M1.5,2024,Qtr 1,March,23,23,2024,Qtr 1,March,23,2024-03-23T14:49:00-Flr-001,Solar Flare,14,GOES-P: EXIS 1.0-8.0,3,No Note,2024,Qtr 1,March,23,S14E06,2024
13615,2024,Qtr 1,March,23,M1.9,2024,Qtr 1,March,23,23,2024,Qtr 1,March,23,2024-03-23T13:31:00-Flr-001,Solar Flare,13,GOES-P: EXIS 1.0-8.0,3,No Note,2024,Qtr 1,March,23,S14E10,2024
13615,2024,Qtr 1,March,23,M2.4,2024,Qtr 1,March,23,23,2024,Qtr 1,March,23,2024-03-23T07:01:00-Flr-001,Solar Flare,7,GOES-P: EXIS 1.0-8.0,3,No Note,2024,Qtr 1,March,23,S14E11,2024
13615,2024,Qtr 1,March,23,M2.8,2024,Qtr 1,March,23,23,2024,Qtr 1,March,23,2024-03-23T16:22:00-Flr-001,Solar Flare,16,GOES-P: EXIS 1.0-8.0,3,No Note,2024,Qtr 1,March,23,S15E06,2024
13615,2024,Qtr 1,March,23,M3.1,2024,Qtr 1,March,23,23,2024,Qtr 1,March,23,2024-03-23T07:26:00-Flr-001,Solar Flare,7,GOES-P: EXIS 1.0-8.0,3,No Note,2024,Qtr 1,March,23,S14E10,2024
13615,2024,Qtr 1,March,23,M3.7,2024,Qtr 1,March,23,23,2024,Qtr 1,March,23,2024-03-23T15:17:00-Flr-001,Solar Flare,15,GOES-P: EXIS 1.0-8.0,3,No Note,2024,Qtr 1,March,23,S15E05,2024
13615,2024,Qtr 1,March,23,M3.8,2024,Qtr 1,March,23,23,2024,Qtr 1,March,23,2024-03-23T15:01:00-Flr-001,Solar Flare,15,GOES-P: EXIS 1.0-8.0,3,No Note,2024,Qtr 1,March,23,S14E07,2024
13615,2024,Qtr 1,March,23,M4.2,2024,Qtr 1,March,22,22,2024,Qtr 1,March,23,2024-03-22T20:18:00-Flr-001,Solar Flare,20,GOES-P: EXIS 1.0-8.0,3,No Note,2024,Qtr 1,March,23,S14E19,2024
13615,2024,Qtr 1,March,23,M5.3,2024,Qtr 1,March,23,23,2024,Qtr 1,March,23,2024-03-23T13:51:00-Flr-001,Solar Flare,13,GOES-P: EXIS 1.0-8.0,3,"Previous Auto Generated Notifications (20240323-Al-007 And 20240323-Al-008) Were Sent Due To Detected Modulation In The Goes Primary X-Ray Flux Around The M5 Intensity Threshold. Goes Primary X-Ray Flux Fluctuated Slightly Between Peak Values During This Event, With The Final And Highest Peak Value Occurring At 2024-03-23T14:02Z With A Flare Intensity Of M5.3. Notification With Id 20240323-Al-011 Corresponds To This Value And Is The Correct Notification Corresponding To This Event",2024,Qtr 1,March,23,S14E05,2024
13614,2024,Qtr 1,March,23,X1.1,2024,Qtr 1,March,23,23,2024,Qtr 1,March,23,2024-03-23T00:58:00-Flr-001,Solar Flare,0,GOES-P: EXIS 1.0-8.0,3,"This Flare Appears To Be A Sympathetic Eruption From Both Ar 3614 (Flare Centered ~N25E07) And Ar 3615 (Flare Centered ~S14E15) In Opposite Hemispheres. The Primary Association Is Given To Ar 3615 As It Is Marginally Brighter Of The Two, But Ar 3614 Appears To Be Associated With An Eruption/Euv Wave Seen In Sdo Aia 193 While Ar 3615 Is Not.",2024,Qtr 1,March,23,N25E07,2024
13615,2024,Qtr 1,March,24,C9.9,2024,Qtr 1,March,24,24,2024,Qtr 1,March,24,2024-03-24T00:51:00-Flr-001,Solar Flare,0,GOES-P: EXIS 1.0-8.0,3,"This Event Begins A Few Minutes Before And Overlaps With The Start Of The M1.4 Flare Peaking At 2024-03-26T01:25Z, Which Occurs From The Same Active Region.",2024,Qtr 1,March,24,S14E00,2024
13615,2024,Qtr 1,March,24,M1.0,2024,Qtr 1,March,24,24,2024,Qtr 1,March,24,2024-03-24T12:27:00-Flr-001,Solar Flare,12,GOES-P: EXIS 1.0-8.0,3,No Note,2024,Qtr 1,March,24,S15W04,2024
13615,2024,Qtr 1,March,24,M1.1,2024,Qtr 1,March,24,24,2024,Qtr 1,March,24,2024-03-24T12:10:00-Flr-001,Solar Flare,12,GOES-P: EXIS 1.0-8.0,3,No Note,2024,Qtr 1,March,24,S13W07,2024
13615,2024,Qtr 1,March,24,M1.2,2024,Qtr 1,March,24,24,2024,Qtr 1,March,24,2024-03-24T13:00:00-Flr-001,Solar Flare,13,GOES-P: EXIS 1.0-8.0,3,No Note,2024,Qtr 1,March,24,S13W02,2024
13615,2024,Qtr 1,March,24,M1.3,2024,Qtr 1,March,24,24,2024,Qtr 1,March,24,2024-03-24T07:36:00-Flr-001,Solar Flare,7,GOES-P: EXIS 1.0-8.0,3,No Note,2024,Qtr 1,March,24,S13W02,2024
13615,2024,Qtr 1,March,24,M1.4,2024,Qtr 1,March,24,24,2024,Qtr 1,March,24,2024-03-24T01:12:00-Flr-001,Solar Flare,1,GOES-P: EXIS 1.0-8.0,3,No Note,2024,Qtr 1,March,24,S14W00,2024
13615,2024,Qtr 1,March,24,M2.1,2024,Qtr 1,March,24,24,2024,Qtr 1,March,24,2024-03-24T01:43:00-Flr-001,Solar Flare,1,GOES-P: EXIS 1.0-8.0,3,No Note,2024,Qtr 1,March,24,S14W00,2024
13615,2024,Qtr 1,March,24,M2.2,2024,Qtr 1,March,24,24,2024,Qtr 1,March,24,2024-03-24T05:59:00-Flr-001,Solar Flare,5,GOES-P: EXIS 1.0-8.0,3,No Note,2024,Qtr 1,March,24,S15W05,2024
13615,2024,Qtr 1,March,24,M2.3,2024,Qtr 1,March,24,24,2024,Qtr 1,March,24,2024-03-24T01:57:00-Flr-001,Solar Flare,1,GOES-P: EXIS 1.0-8.0,3,No Note,2024,Qtr 1,March,24,S14E01,2024
13615,2024,Qtr 1,March,24,M2.4,2024,Qtr 1,March,23,23,2024,Qtr 1,March,24,2024-03-23T23:30:00-Flr-001,Solar Flare,23,GOES-P: EXIS 1.0-8.0,3,No Note,2024,Qtr 1,March,24,S11W01,2024
13615,2024,Qtr 1,March,24,M2.7,2024,Qtr 1,March,24,24,2024,Qtr 1,March,24,2024-03-24T02:09:00-Flr-001,Solar Flare,2,GOES-P: EXIS 1.0-8.0,3,No Note,2024,Qtr 1,March,24,S13E02,2024
13622,2024,Qtr 1,March,25,C5.9,2024,Qtr 1,March,25,25,2024,Qtr 1,March,25,2024-03-25T14:30:00-Flr-001,Solar Flare,14,GOES-P: EXIS 1.0-8.0,3,No Note,2024,Qtr 1,March,25,N17E52,2024
13615,2024,Qtr 1,March,25,M4.4,2024,Qtr 1,March,25,25,2024,Qtr 1,March,25,2024-03-25T06:37:00-Flr-001,Solar Flare,6,GOES-P: EXIS 1.0-8.0,3,No Note,2024,Qtr 1,March,25,S12W25,2024
13615,2024,Qtr 1,March,26,M1.0,2024,Qtr 1,March,26,26,2024,Qtr 1,March,26,2024-03-26T10:11:00-Flr-001,Solar Flare,10,GOES-P: EXIS 1.0-8.0,3,No Note,2024,Qtr 1,March,26,S13W25,2024
13615,2024,Qtr 1,March,26,M1.3,2024,Qtr 1,March,26,26,2024,Qtr 1,March,26,2024-03-26T10:36:00-Flr-001,Solar Flare,10,GOES-P: EXIS 1.0-8.0,3,No Note,2024,Qtr 1,March,26,S11W34,2024
13615,2024,Qtr 1,March,26,M1.7,2024,Qtr 1,March,26,26,2024,Qtr 1,March,26,2024-03-26T13:41:00-Flr-001,Solar Flare,13,GOES-P: EXIS 1.0-8.0,3,"Preliminarily Associated With Ar 3615, But Flaring Can Also Be Seen From Ar 3621 (Approx. N17W73)",2024,Qtr 1,March,26,S14W33,2024
13615,2024,Qtr 1,March,26,M1.8,2024,Qtr 1,March,26,26,2024,Qtr 1,March,26,2024-03-26T00:28:00-Flr-001,Solar Flare,0,GOES-P: EXIS 1.0-8.0,3,No Note,2024,Qtr 1,March,26,S12W34,2024
13615,2024,Qtr 1,March,26,M1.9,2024,Qtr 1,March,26,26,2024,Qtr 1,March,26,2024-03-26T12:55:00-Flr-001,Solar Flare,12,GOES-P: EXIS 1.0-8.0,3,No Note,2024,Qtr 1,March,26,S14W31,2024
13615,2024,Qtr 1,March,27,M1.1,2024,Qtr 1,March,27,27,2024,Qtr 1,March,27,2024-03-27T01:37:00-Flr-001,Solar Flare,1,GOES-P: EXIS 1.0-8.0,3,No Note,2024,Qtr 1,March,27,S10W45,2024
13615,2024,Qtr 1,March,27,M1.1,2024,Qtr 1,March,27,27,2024,Qtr 1,March,27,2024-03-27T06:33:00-Flr-001,Solar Flare,6,GOES-P: EXIS 1.0-8.0,3,No Note,2024,Qtr 1,March,27,S13W44,2024
13615,2024,Qtr 1,March,27,M1.6,2024,Qtr 1,March,26,26,2024,Qtr 1,March,27,2024-03-26T21:43:00-Flr-001,Solar Flare,21,GOES-P: EXIS 1.0-8.0,3,No Note,2024,Qtr 1,March,27,S11W41,2024
13615,2024,Qtr 1,March,28,M6.1,2024,Qtr 1,March,28,28,2024,Qtr 1,March,28,2024-03-28T15:40:00-Flr-001,Solar Flare,15,GOES-P: EXIS 1.0-8.0,3,No Note,2024,Qtr 1,March,28,S15W55,2024
13615,2024,Qtr 1,March,28,M7.0,2024,Qtr 1,March,28,28,2024,Qtr 1,March,28,2024-03-28T06:16:00-Flr-001,Solar Flare,6,GOES-P: EXIS 1.0-8.0,3,No Note,2024,Qtr 1,March,28,S15W53,2024
13615,2024,Qtr 1,March,29,M1.0,2024,Qtr 1,March,29,29,2024,Qtr 1,March,30,2024-03-29T18:22:00-Flr-001,Solar Flare,18,GOES-P: EXIS 1.0-8.0,3,No Note,2024,Qtr 1,March,30,S13W75,2024
13615,2024,Qtr 1,March,29,M1.1,2024,Qtr 1,March,28,28,2024,Qtr 1,March,29,2024-03-28T19:21:00-Flr-001,Solar Flare,19,GOES-P: EXIS 1.0-8.0,3,No Note,2024,Qtr 1,March,29,S15W57,2024
13615,2024,Qtr 1,March,29,M3.2,2024,Qtr 1,March,29,29,2024,Qtr 1,March,29,2024-03-29T02:17:00-Flr-001,Solar Flare,2,GOES-P: EXIS 1.0-8.0,3,No Note,2024,Qtr 1,March,29,S16W63,2024
13615,2024,Qtr 1,March,29,M9.7,2024,Qtr 1,March,28,28,2024,Qtr 1,March,29,2024-03-28T20:29:00-Flr-001,Solar Flare,20,GOES-P: EXIS 1.0-8.0,3,No Note,2024,Qtr 1,March,29,S14W60,2024
13615,2024,Qtr 1,March,29,X1.1,2024,Qtr 1,March,28,28,2024,Qtr 1,March,29,2024-03-28T20:50:00-Flr-001,Solar Flare,20,GOES-P: EXIS 1.0-8.0,3,No Note,2024,Qtr 1,March,29,S14W60,2024
13615,2024,Qtr 1,March,30,M1.2,2024,Qtr 1,March,29,29,2024,Qtr 1,March,30,2024-03-29T19:19:00-Flr-001,Solar Flare,19,GOES-P: EXIS 1.0-8.0,3,No Note,2024,Qtr 1,March,30,S15W72,2024
13615,2024,Qtr 1,March,31,M4.5,2024,Qtr 1,March,30,30,2024,Qtr 1,March,31,2024-03-30T22:49:00-Flr-001,Solar Flare,22,GOES-P: EXIS 1.0-8.0,3,"Occulted Flare From Active Region 3615 That Has Rotated Behind The Sw Limb. There Could Also Be More Minor Contribution To This Flare From Simultaneous Flaring Ne Of Active Region 3624 At Around N25E60. This Flare Comes On The Back Of The Long Duration Double Peaked M9.4 Class Flare From Active Region 3615, With Contribution From A Bright Ejecta/Post-Eruptive Arcades From This Region.",2024,Qtr 1,March,31,S13W93,2024
13615,2024,Qtr 1,March,31,M9.4,2024,Qtr 1,March,30,30,2024,Qtr 1,March,31,2024-03-30T21:01:00-Flr-001,Solar Flare,21,GOES-P: EXIS 1.0-8.0,3,Partially Occulted Double-Peaked Long Duration Flare From Active Region 3615 That Has Rotated Behind The Sw Limb. The Flare Is Accompanied By A Very Bright Ejecta That Seems To Contribute To The Flare Intensity/Duration. The Second Flare Peak Starts Very Soon After The First One Is Reached (At 2024-03-30T21:21Z) And Reaches Intensity Of M9.3 At 2024-03-30T21:31Z.,2024,Qtr 1,March,31,S13W92,2024
13615,2024,Qtr 2,April,1,M3.9,2024,Qtr 2,April,1,1,2024,Qtr 2,April,1,2024-04-01T01:13:00-Flr-001,Solar Flare,1,GOES-P: EXIS 1.0-8.0,4,There Is Also A Simultaneous Sympathetic Eruption And A More Minor Flare In Active Region 3625 (N12W66).,2024,Qtr 2,April,1,S13W108,2024
0,2024,Qtr 2,April,11,M5.4,2024,Qtr 2,April,11,11,2024,Qtr 2,April,11,2024-04-11T16:52:00-Flr-001,Solar Flare,16,GOES-P: EXIS 1.0-8.0,4,Sympathetic Flaring From Regions In The Ne And Se Beyond The Eastern Limb. Possibly Old Ar'S 3614 (~N20E90+) And 3615 (~S15E90+).,2024,Qtr 2,April,11,S15E90,2024
13637,2024,Qtr 2,April,12,C8.9,2024,Qtr 2,April,12,12,2024,Qtr 2,April,12,2024-04-12T17:45:00-Flr-001,Solar Flare,17,GOES-P: EXIS 1.0-8.0,4,No Note,2024,Qtr 2,April,12,S13E90,2024
13634,2024,Qtr 2,April,13,C5.5,2024,Qtr 2,April,13,13,2024,Qtr 2,April,13,2024-04-13T14:48:00-Flr-001,Solar Flare,14,GOES-P: EXIS 1.0-8.0,4,No Note,2024,Qtr 2,April,13,N29W10,2024
13637,2024,Qtr 2,April,13,M2.4,2024,Qtr 2,April,13,13,2024,Qtr 2,April,13,2024-04-13T04:58:00-Flr-001,Solar Flare,4,GOES-P: EXIS 1.0-8.0,4,No Note,2024,Qtr 2,April,13,S13E83,2024
13638,2024,Qtr 2,April,14,C2.1,2024,Qtr 2,April,13,13,2024,Qtr 2,April,14,2024-04-13T21:01:00-Flr-001,Solar Flare,21,GOES-P: EXIS 1.0-8.0,4,No Note,2024,Qtr 2,April,14,S18E72,2024
13636,2024,Qtr 2,April,14,C5.0,2024,Qtr 2,April,14,14,2024,Qtr 2,April,14,2024-04-14T10:24:00-Flr-001,Solar Flare,10,GOES-P: EXIS 1.0-8.0,4,"Manually Calculated End Time, End Time Is Interrupted By A Second Peak From A Separate Flare.",2024,Qtr 2,April,14,S17E44,2024
13637,2024,Qtr 2,April,14,M4.3,2024,Qtr 2,April,14,14,2024,Qtr 2,April,14,2024-04-14T02:24:00-Flr-001,Solar Flare,2,GOES-P: EXIS 1.0-8.0,4,No Note,2024,Qtr 2,April,14,S14E65,2024
13636,2024,Qtr 2,April,15,C5.6,2024,Qtr 2,April,15,15,2024,Qtr 2,April,15,2024-04-15T05:47:00-Flr-001,Solar Flare,5,GOES-P: EXIS 1.0-8.0,4,No Note,2024,Qtr 2,April,15,S17E30,2024
13639,2024,Qtr 2,April,15,M1.0,2024,Qtr 2,April,15,15,2024,Qtr 2,April,15,2024-04-15T07:15:00-Flr-001,Solar Flare,7,GOES-P: EXIS 1.0-8.0,4,No Note,2024,Qtr 2,April,15,N31E60,2024
13639,2024,Qtr 2,April,15,M1.1,2024,Qtr 2,April,15,15,2024,Qtr 2,April,15,2024-04-15T13:43:00-Flr-001,Solar Flare,13,GOES-P: EXIS 1.0-8.0,4,"Simultaneous Flaring Occurred Here With Ar 3634 (Located At N27W33), This Was The First Of Two Distinct Peaks Visible In Sdo Aia 131. The Second Peak, Visibly Associated To Ar 3634, Cut Off This Flare And The End Time May Be Early As A Result.",2024,Qtr 2,April,15,N29E55,2024
13639,2024,Qtr 2,April,15,M1.2,2024,Qtr 2,April,15,15,2024,Qtr 2,April,15,2024-04-15T09:21:00-Flr-001,Solar Flare,9,GOES-P: EXIS 1.0-8.0,4,No Note,2024,Qtr 2,April,15,N29E61,2024
13634,2024,Qtr 2,April,15,M1.4,2024,Qtr 2,April,15,15,2024,Qtr 2,April,15,2024-04-15T14:01:00-Flr-001,Solar Flare,14,GOES-P: EXIS 1.0-8.0,4,"Simultaneous Flaring Occurred Here With Ar 3639 (Located At N29E55), This Was The Second Of Two Distinct Peaks Visible In Sdo Aia 131. The First Peak, Visibly Associated To Ar 3639, Had Its End Time Cut Off By This Flare.",2024,Qtr 2,April,15,N27W33,2024
13639,2024,Qtr 2,April,15,M1.7,2024,Qtr 2,April,15,15,2024,Qtr 2,April,15,2024-04-15T01:06:00-Flr-001,Solar Flare,1,GOES-P: EXIS 1.0-8.0,4,No Note,2024,Qtr 2,April,15,N28E61,2024
13639,2024,Qtr 2,April,15,M2.2,2024,Qtr 2,April,15,15,2024,Qtr 2,April,15,2024-04-15T14:08:00-Flr-001,Solar Flare,14,GOES-P: EXIS 1.0-8.0,4,No Note,2024,Qtr 2,April,15,N29E55,2024
13634,2024,Qtr 2,April,15,M2.3,2024,Qtr 2,April,15,15,2024,Qtr 2,April,15,2024-04-15T08:38:00-Flr-001,Solar Flare,8,GOES-P: EXIS 1.0-8.0,4,No Note,2024,Qtr 2,April,15,N27W28,2024
13645,2024,Qtr 2,April,16,M1.1,2024,Qtr 2,April,16,16,2024,Qtr 2,April,16,2024-04-16T17:49:00-Flr-001,Solar Flare,17,GOES-P: EXIS 1.0-8.0,4,"This Flare Occurred In Between Active Regions 13637 And 13643 At The Time Of The Event. However, This In Between Region Was Later Designated Active Region 13645.",2024,Qtr 2,April,16,S10E35,2024
13639,2024,Qtr 2,April,16,M4.0,2024,Qtr 2,April,15,15,2024,Qtr 2,April,16,2024-04-15T19:25:00-Flr-001,Solar Flare,19,GOES-P: EXIS 1.0-8.0,4,No Note,2024,Qtr 2,April,16,N29E55,2024
13638,2024,Qtr 2,April,18,C9.0,2024,Qtr 2,April,17,17,2024,Qtr 2,April,18,2024-04-17T20:00:00-Flr-001,Solar Flare,20,GOES-P: EXIS 1.0-8.0,4,"First Peak Of A Double Peaked Flare, Followed By C9.7 From The Same Region. Manually Calculated End-Time.",2024,Qtr 2,April,18,S18E20,2024
13638,2024,Qtr 2,April,18,C9.7,2024,Qtr 2,April,17,17,2024,Qtr 2,April,18,2024-04-17T20:06:00-Flr-001,Solar Flare,20,GOES-P: EXIS 1.0-8.0,4,"Second Peak Of A Double Peaked Flare, Preceded By C9.0 From The Same Region. Manually Calculated End-Time.",2024,Qtr 2,April,18,S18E20,2024
13643,2024,Qtr 2,April,18,M1.3,2024,Qtr 2,April,18,18,2024,Qtr 2,April,18,2024-04-18T07:17:00-Flr-001,Solar Flare,7,GOES-P: EXIS 1.0-8.0,4,"This Flare Spatially Occurs Almost Perfectly Between Ar 3643 And Ar 3645, And Association Is Given To Ar 3643. [Active Region 13647 Was Newly Numbered And Assigned To This Location On 2024-04-19.]",2024,Qtr 2,April,18,S12E24,2024
13645,2024,Qtr 2,April,18,M1.6,2024,Qtr 2,April,17,17,2024,Qtr 2,April,18,2024-04-17T21:55:00-Flr-001,Solar Flare,21,GOES-P: EXIS 1.0-8.0,4,No Note,2024,Qtr 2,April,18,S08E23,2024
13638,2024,Qtr 2,April,18,M2.2,2024,Qtr 2,April,18,18,2024,Qtr 2,April,18,2024-04-18T02:32:00-Flr-001,Solar Flare,2,GOES-P: EXIS 1.0-8.0,4,"Some Simultaneous Brightening From Nearby Ars 3643 And 3645, But The Flare Is Largely From Ar 3638 As Observed In Sdo Aia 131.",2024,Qtr 2,April,18,S18E16,2024
13638,2024,Qtr 2,April,19,M1.0,2024,Qtr 2,April,19,19,2024,Qtr 2,April,19,2024-04-19T12:53:00-Flr-001,Solar Flare,12,GOES-P: EXIS 1.0-8.0,4,No Note,2024,Qtr 2,April,19,S18W01,2024
13647,2024,Qtr 2,April,19,M1.6,2024,Qtr 2,April,18,18,2024,Qtr 2,April,19,2024-04-18T19:22:00-Flr-001,Solar Flare,19,GOES-P: EXIS 1.0-8.0,4,"Long-Duration Flare From Active Region 13647 That First Reached An Intensity Of M1.6 At 2024-04-28T20:01Z, Then Experienced A Very Slight Decrease To M1.5, Then Continued To Increase Reaching An Intensity Of M1.6 At 2024-04-28T20:16Z. The Second Of These Two Instances Of M1.6 Was Chosen For The Peak Flux Time, Since It Was The Highest Recorded Intensity Of The Flare; The First Instance Reached M1.6028 While The Second Reached M1.6033.",2024,Qtr 2,April,19,S12E15,2024
13647,2024,Qtr 2,April,19,M2.1,2024,Qtr 2,April,19,19,2024,Qtr 2,April,19,2024-04-19T04:40:00-Flr-001,Solar Flare,4,GOES-P: EXIS 1.0-8.0,4,No Note,2024,Qtr 2,April,19,S12E10,2024
13636,2024,Qtr 2,April,20,C3.9,2024,Qtr 2,April,20,20,2024,Qtr 2,April,20,2024-04-20T08:36:00-Flr-001,Solar Flare,8,GOES-P: EXIS 1.0-8.0,4,No Note,2024,Qtr 2,April,20,S20W33,2024
13638,2024,Qtr 2,April,21,C2.7,2024,Qtr 2,April,21,21,2024,Qtr 2,April,21,2024-04-21T10:51:00-Flr-001,Solar Flare,10,GOES-P: EXIS 1.0-8.0,4,No Note,2024,Qtr 2,April,21,S17W34,2024
13638,2024,Qtr 2,April,21,C3.6,2024,Qtr 2,April,21,21,2024,Qtr 2,April,21,2024-04-21T12:11:00-Flr-001,Solar Flare,12,GOES-P: EXIS 1.0-8.0,4,No Note,2024,Qtr 2,April,21,S20W33,2024
13637,2024,Qtr 2,April,21,C5.9,2024,Qtr 2,April,21,21,2024,Qtr 2,April,21,2024-04-21T02:22:00-Flr-001,Solar Flare,2,GOES-P: EXIS 1.0-8.0,4,Start And End Times Are Estimated Based On Visual Flaring And Coinciding X-Ray Flux Values In Sdo/Aia 131 And Goes-P X-Ray Flux.,2024,Qtr 2,April,21,S18W28,2024
13645,2024,Qtr 2,April,21,M1.0,2024,Qtr 2,April,21,21,2024,Qtr 2,April,21,2024-04-21T12:39:00-Flr-001,Solar Flare,12,GOES-P: EXIS 1.0-8.0,4,No Note,2024,Qtr 2,April,21,S08W27,2024
13638,2024,Qtr 2,April,21,M2.2,2024,Qtr 2,April,21,21,2024,Qtr 2,April,21,2024-04-21T15:07:00-Flr-001,Solar Flare,15,GOES-P: EXIS 1.0-8.0,4,No Note,2024,Qtr 2,April,21,S19W35,2024
13638,2024,Qtr 2,April,22,C5.9,2024,Qtr 2,April,22,22,2024,Qtr 2,April,22,2024-04-22T12:07:00-Flr-001,Solar Flare,12,GOES-P: EXIS 1.0-8.0,4,No Note,2024,Qtr 2,April,22,S19W45,2024
13638,2024,Qtr 2,April,22,C8.9,2024,Qtr 2,April,22,22,2024,Qtr 2,April,22,2024-04-22T05:27:00-Flr-001,Solar Flare,5,GOES-P: EXIS 1.0-8.0,4,No Note,2024,Qtr 2,April,22,S19W41,2024
13645,2024,Qtr 2,April,22,M1.0,2024,Qtr 2,April,22,22,2024,Qtr 2,April,22,2024-04-22T07:58:00-Flr-001,Solar Flare,7,GOES-P: EXIS 1.0-8.0,4,No Note,2024,Qtr 2,April,22,S06W39,2024
13656,2024,Qtr 2,April,22,M1.0,2024,Qtr 2,April,22,22,2024,Qtr 2,April,22,2024-04-22T16:26:00-Flr-001,Solar Flare,16,GOES-P: EXIS 1.0-8.0,4,No Note,2024,Qtr 2,April,22,S13E67,2024
13645,2024,Qtr 2,April,22,M1.1,2024,Qtr 2,April,22,22,2024,Qtr 2,April,22,2024-04-22T14:46:00-Flr-001,Solar Flare,14,GOES-P: EXIS 1.0-8.0,4,No Note,2024,Qtr 2,April,22,S06W45,2024
13645,2024,Qtr 2,April,22,M1.6,2024,Qtr 2,April,22,22,2024,Qtr 2,April,22,2024-04-22T13:13:00-Flr-001,Solar Flare,13,GOES-P: EXIS 1.0-8.0,4,"Simultaneous, Less Intense Flaring Seen At Ar 3656 (S11E67) At 2024-04-22T13:36Z.",2024,Qtr 2,April,22,S11W39,2024
13646,2024,Qtr 2,April,22,M1.6,2024,Qtr 2,April,22,22,2024,Qtr 2,April,22,2024-04-22T15:08:00-Flr-001,Solar Flare,15,GOES-P: EXIS 1.0-8.0,4,"Previous Flaring Was Continuing From Ar 3645 (S05W48) During This Impulsive Flare From Ar 3646. Simultaneous, Less Intense Flare Seen Near Ar 3638 At S20W48 With Approximate Peak At 2024-04-22T15:23Z As Seen In Goes Suvi 131 Imagery. Active Region Locations Taken At Peak Time Of Flare, 2024-04-22T15:19Z.",2024,Qtr 2,April,22,N21E06,2024
13656,2024,Qtr 2,April,22,M2.8,2024,Qtr 2,April,22,22,2024,Qtr 2,April,22,2024-04-22T15:41:00-Flr-001,Solar Flare,15,GOES-P: EXIS 1.0-8.0,4,"Previous Flaring Was Continuing From Ar 3646 (N21E05) And Ar 3645 (S05W50) During This Impulsive Flare From Ar 3656. Simultaneous, Less Intense But Impulsive Flare Seen At Ar 3638 (S18W44) Starting At 2024-04-22T15:45Z In Sdo Aia 131. Simultaneous, Less Intense Flare Seen At Ar 3652 (N15E22) Starting At 2024-04-22T15:45Z In Sdo Aia 131. Active Region Locations Taken At Peak Time Of Flare, 2024-04-22T15:50Z.",2024,Qtr 2,April,22,S11E70,2024
13638,2024,Qtr 2,April,22,M3.4,2024,Qtr 2,April,21,21,2024,Qtr 2,April,22,2024-04-21T21:44:00-Flr-001,Solar Flare,21,GOES-P: EXIS 1.0-8.0,4,No Note,2024,Qtr 2,April,22,S19W37,2024
13645,2024,Qtr 2,April,23,M1.0,2024,Qtr 2,April,22,22,2024,Qtr 2,April,23,2024-04-22T22:59:00-Flr-001,Solar Flare,22,GOES-P: EXIS 1.0-8.0,4,Brightening Associated With Post-Eruptive Arcades.,2024,Qtr 2,April,23,S07W50,2024
13647,2024,Qtr 2,April,23,M1.0,2024,Qtr 2,April,23,23,2024,Qtr 2,April,23,2024-04-23T16:25:00-Flr-001,Solar Flare,16,GOES-P: EXIS 1.0-8.0,4,"Although His Brightening Is Primarily Associated With Possible Eruptive Activity Seen On The Disk At Ar 3647, The Bright Arcade Spans To Nearby Ar 3645 (S10W55). Simultaneous, Less Intense Flare Seen From Ar 3654 (S06E37) Starting At 2024-04-23T16:49Z. Active Region Locations Taken At Peak Time Of Flare, 2024-04-23T16:51Z.",2024,Qtr 2,April,23,S12W50,2024
13638,2024,Qtr 2,April,23,M1.5,2024,Qtr 2,April,22,22,2024,Qtr 2,April,23,2024-04-22T21:05:00-Flr-001,Solar Flare,21,GOES-P: EXIS 1.0-8.0,4,No Note,2024,Qtr 2,April,23,S20W48,2024
13638,2024,Qtr 2,April,23,M2.9,2024,Qtr 2,April,23,23,2024,Qtr 2,April,23,2024-04-23T17:33:00-Flr-001,Solar Flare,17,GOES-P: EXIS 1.0-8.0,4,No Note,2024,Qtr 2,April,23,S19W60,2024
13654,2024,Qtr 2,April,23,M3.0,2024,Qtr 2,April,23,23,2024,Qtr 2,April,23,2024-04-23T08:07:00-Flr-001,Solar Flare,8,GOES-P: EXIS 1.0-8.0,4,No Note,2024,Qtr 2,April,23,S06E41,2024
13654,2024,Qtr 2,April,23,M3.6,2024,Qtr 2,April,23,23,2024,Qtr 2,April,23,2024-04-23T03:06:00-Flr-001,Solar Flare,3,GOES-P: EXIS 1.0-8.0,4,Simultaneous And Overlapping Flaring From Three Active Regions. Impulsive Flare From Ar 3654 (S06E45) With Distinct Brightening Starting At 2024-04-23T03:12Z In Sdo Aia 131. Significant Brightening From Ar 3647 (S12W45) Is Seen Starting At 2024-04-23T03:18Z In Sdo Aia 131. Significant Brightening From Ar 3646 (N20W03) Is Seen Starting At 2024-04-23T03:20Z In Sdo Aia 131. Brightening At All Three Locations May Possibly Have Eruptions Associated. Eruption Of Filament Seen In Uv Imagery At About 2024-04-23T03:24Z Stretching From S05W10 To S30E05 Is Not Located Near Any Of The Three Active Regions That Contributed To This Flare.,2024,Qtr 2,April,23,S06E45,2024
13638,2024,Qtr 2,April,24,C9.4,2024,Qtr 2,April,24,24,2024,Qtr 2,April,24,2024-04-24T14:02:00-Flr-001,Solar Flare,14,GOES-P: EXIS 1.0-8.0,4,No Note,2024,Qtr 2,April,24,S18W70,2024
13645,2024,Qtr 2,April,24,M1.4,2024,Qtr 2,April,24,24,2024,Qtr 2,April,24,2024-04-24T12:07:00-Flr-001,Solar Flare,12,GOES-P: EXIS 1.0-8.0,4,No Note,2024,Qtr 2,April,24,S07W70,2024
13645,2024,Qtr 2,April,24,M1.6,2024,Qtr 2,April,24,24,2024,Qtr 2,April,24,2024-04-24T00:38:00-Flr-001,Solar Flare,0,GOES-P: EXIS 1.0-8.0,4,"This Flare Directly Follows An M1.7 Flare Peaking At 2024-04-24T00:29Z, With Corresponding Brightening From Ar 3645. There Are Numerous Ars In The Vicinity Of This Flare, But Brightening Is Seen In The Vicinity Of Ar 3645 In Sdo Aia 131.",2024,Qtr 2,April,24,S09W65,2024
13645,2024,Qtr 2,April,24,M1.7,2024,Qtr 2,April,24,24,2024,Qtr 2,April,24,2024-04-24T00:13:00-Flr-001,Solar Flare,0,GOES-P: EXIS 1.0-8.0,4,"This Flare Directly Precedes M1.6 Flare Peaking At 2024-04-24T00:42Z, With Corresponding Brightening From Ar 3645. There Are Numerous Ars In The Vicinity Of This Flare, But Brightening Is Seen In The Vicinity Of Ar 3645 In Sdo Aia 131.",2024,Qtr 2,April,24,S10W61,2024
13638,2024,Qtr 2,April,24,M1.8,2024,Qtr 2,April,24,24,2024,Qtr 2,April,24,2024-04-24T02:30:00-Flr-001,Solar Flare,2,GOES-P: EXIS 1.0-8.0,4,No Note,2024,Qtr 2,April,24,S17W64,2024
13645,2024,Qtr 2,April,25,M1.0,2024,Qtr 2,April,25,25,2024,Qtr 2,April,25,2024-04-25T01:40:00-Flr-001,Solar Flare,1,GOES-P: EXIS 1.0-8.0,4,No Note,2024,Qtr 2,April,25,S11E75,2024
13647,2024,Qtr 2,April,25,M1.0,2024,Qtr 2,April,25,25,2024,Qtr 2,April,25,2024-04-25T02:39:00-Flr-001,Solar Flare,2,GOES-P: EXIS 1.0-8.0,4,"This Flare Is Associated With Sudden Brightening From Active Region 13647 (S13W64). Simultaneous, Less Intense Flaring Occurs Near Active Region 13648 (N17W48) Starting At 2024-04-25T02:48Z Which May Have Also Contributed To This Flare. X-Ray Flux Was Previously Elevated By The M1.0 Flare From Active Region 13645 Peaking At 2024-04-25T01:49Z.",2024,Qtr 2,April,25,S13W64,2024
13645,2024,Qtr 2,April,25,M1.0,2024,Qtr 2,April,25,25,2024,Qtr 2,April,25,2024-04-25T03:05:00-Flr-001,Solar Flare,3,GOES-P: EXIS 1.0-8.0,4,"This Flare Is Primarily Associated With Sudden Brightening From ~S12W72, Which Is Located In Between Active Regions 13638 And 13645. Simultaneous, Less Intense Flaring Occurs Near Active Region 13648 (N17W48) Starting At 2024-04-25T03:09Z Which May Have Also Contributed To This Flare. X-Ray Flux Was Previously Elevated By The M1.0 Flare From Active Region 13645 Peaking At 2024-04-25T01:49Z.",2024,Qtr 2,April,25,S12W72,2024
13638,2024,Qtr 2,April,25,M1.0,2024,Qtr 2,April,25,25,2024,Qtr 2,April,25,2024-04-25T13:11:00-Flr-001,Solar Flare,13,GOES-P: EXIS 1.0-8.0,4,No Note,2024,Qtr 2,April,25,S19W90,2024
13643,2024,Qtr 2,April,25,M1.1,2024,Qtr 2,April,24,24,2024,Qtr 2,April,25,2024-04-24T22:27:00-Flr-001,Solar Flare,22,GOES-P: EXIS 1.0-8.0,4,This Flare From Ar 13643 (S12W60) Overlaps With An M2.0 Flare From Ar 13645 (S11W80). Some Additional Flux From Simultaneous Flaring Seen At Ar 13645 May Have Contributed To The Peak Flux Of This Flare.,2024,Qtr 2,April,25,S12W60,2024
13638,2024,Qtr 2,April,25,M1.3,2024,Qtr 2,April,25,25,2024,Qtr 2,April,25,2024-04-25T17:03:00-Flr-001,Solar Flare,17,GOES-P: EXIS 1.0-8.0,4,No Note,2024,Qtr 2,April,25,S19W88,2024
13645,2024,Qtr 2,April,25,M2.0,2024,Qtr 2,April,24,24,2024,Qtr 2,April,25,2024-04-24T22:54:00-Flr-001,Solar Flare,22,GOES-P: EXIS 1.0-8.0,4,"Associated With A Bright Loop Seen At Ar 13645 With An Impulsive Signature (""Lens Flare"" Or ""X Marks The Spot"" In Sdo Aia 131) Seen At Ar 13645 At The Peak Time 2024-04-24T22:59Z. Some Additional Flux From Simultaneous Flaring Seen At Ar 13643 May Have Contributed To The Peak Flux Of This Flare.",2024,Qtr 2,April,25,S11W80,2024
13654,2024,Qtr 2,April,27,M2.1,2024,Qtr 2,April,27,27,2024,Qtr 2,April,27,2024-04-27T12:23:00-Flr-001,Solar Flare,12,GOES-P: EXIS 1.0-8.0,4,No Note,2024,Qtr 2,April,27,S08W15,2024
13654,2024,Qtr 2,April,28,M3.0,2024,Qtr 2,April,27,27,2024,Qtr 2,April,28,2024-04-27T21:29:00-Flr-001,Solar Flare,21,GOES-P: EXIS 1.0-8.0,4,No Note,2024,Qtr 2,April,28,S07W20,2024
13654,2024,Qtr 2,April,29,M2.5,2024,Qtr 2,April,29,29,2024,Qtr 2,April,29,2024-04-29T00:33:00-Flr-001,Solar Flare,0,GOES-P: EXIS 1.0-8.0,4,No Note,2024,Qtr 2,April,29,S07W38,2024
13654,2024,Qtr 2,April,29,M3.7,2024,Qtr 2,April,29,29,2024,Qtr 2,April,29,2024-04-29T00:54:00-Flr-001,Solar Flare,0,GOES-P: EXIS 1.0-8.0,4,No Note,2024,Qtr 2,April,29,S07W37,2024
13654,2024,Qtr 2,April,30,M1.2,2024,Qtr 2,April,30,30,2024,Qtr 2,April,30,2024-04-30T14:50:00-Flr-001,Solar Flare,14,GOES-P: EXIS 1.0-8.0,4,No Note,2024,Qtr 2,April,30,S07W62,2024
13654,2024,Qtr 2,April,30,M1.3,2024,Qtr 2,April,30,30,2024,Qtr 2,April,30,2024-04-30T16:11:00-Flr-001,Solar Flare,16,GOES-P: EXIS 1.0-8.0,4,No Note,2024,Qtr 2,April,30,S07W60,2024
13654,2024,Qtr 2,April,30,M1.6,2024,Qtr 2,April,30,30,2024,Qtr 2,April,30,2024-04-30T00:46:00-Flr-001,Solar Flare,0,GOES-P: EXIS 1.0-8.0,4,No Note,2024,Qtr 2,April,30,S07W54,2024
13657,2024,Qtr 2,May,1,C5.3,2024,Qtr 2,May,1,1,2024,Qtr 2,May,1,2024-05-01T05:53:00-Flr-001,Solar Flare,5,GOES-P: EXIS 1.0-8.0,5,No Note,2024,Qtr 2,May,1,S15W76,2024
13654,2024,Qtr 2,May,1,M1.8,2024,Qtr 2,May,1,1,2024,Qtr 2,May,1,2024-05-01T14:17:00-Flr-001,Solar Flare,14,GOES-P: EXIS 1.0-8.0,5,"First Peak Of A Double-Peaked Flare From Ar 3654, As Observed In Sdo Aia 131.",2024,Qtr 2,May,1,S07W71,2024
13654,2024,Qtr 2,May,1,M1.9,2024,Qtr 2,May,1,1,2024,Qtr 2,May,1,2024-05-01T14:37:00-Flr-001,Solar Flare,14,GOES-P: EXIS 1.0-8.0,5,"Second Peak Of A Double-Peaked Flare From Ar 3654, As Observed In Sdo Aia 131.",2024,Qtr 2,May,1,S04W82,2024
13654,2024,Qtr 2,May,1,M9.5,2024,Qtr 2,April,30,30,2024,Qtr 2,May,1,2024-04-30T23:23:00-Flr-001,Solar Flare,23,GOES-P: EXIS 1.0-8.0,4,No Note,2024,Qtr 2,May,1,S06W63,2024
13663,2024,Qtr 2,May,2,M1.0,2024,Qtr 2,May,2,2,2024,Qtr 2,May,2,2024-05-02T02:07:00-Flr-001,Solar Flare,2,GOES-P: EXIS 1.0-8.0,5,No Note,2024,Qtr 2,May,2,N25E21,2024
13663,2024,Qtr 2,May,2,M1.8,2024,Qtr 2,May,1,1,2024,Qtr 2,May,2,2024-05-01T22:26:00-Flr-001,Solar Flare,22,GOES-P: EXIS 1.0-8.0,5,No Note,2024,Qtr 2,May,2,N25E22,2024
13664,2024,Qtr 2,May,3,M2.7,2024,Qtr 2,May,2,2,2024,Qtr 2,May,3,2024-05-02T20:52:00-Flr-001,Solar Flare,20,GOES-P: EXIS 1.0-8.0,5,No Note,2024,Qtr 2,May,3,S21E58,2024
13664,2024,Qtr 2,May,3,M2.7,2024,Qtr 2,May,3,3,2024,Qtr 2,May,3,2024-05-03T00:08:00-Flr-001,Solar Flare,0,GOES-P: EXIS 1.0-8.0,5,No Note,2024,Qtr 2,May,3,S21E57,2024
13663,2024,Qtr 2,May,3,M4.4,2024,Qtr 2,May,3,3,2024,Qtr 2,May,3,2024-05-03T08:05:00-Flr-001,Solar Flare,8,GOES-P: EXIS 1.0-8.0,5,No Note,2024,Qtr 2,May,3,N26E05,2024
13663,2024,Qtr 2,May,3,X1.6,2024,Qtr 2,May,3,3,2024,Qtr 2,May,3,2024-05-03T02:11:00-Flr-001,Solar Flare,2,GOES-P: EXIS 1.0-8.0,5,No Note,2024,Qtr 2,May,3,N26E05,2024
13663,2024,Qtr 2,May,4,M1.0,2024,Qtr 2,May,3,3,2024,Qtr 2,May,4,2024-05-03T23:11:00-Flr-001,Solar Flare,23,GOES-P: EXIS 1.0-8.0,5,No Note,2024,Qtr 2,May,4,N25W04,2024
13654,2024,Qtr 2,May,4,M1.2,2024,Qtr 2,May,3,3,2024,Qtr 2,May,4,2024-05-03T22:25:00-Flr-001,Solar Flare,22,GOES-P: EXIS 1.0-8.0,5,"Flare Is Determined To Occur From Ar 3654, Presently Around The West Limb. Longitude Of W100 Is Pulled From The Magnetic Connectivity Solarscape Viewer, With Ar 3654'S Estimated Location At This Time Around The Limb.",2024,Qtr 2,May,4,S08W100,2024
13663,2024,Qtr 2,May,4,M1.3,2024,Qtr 2,May,4,4,2024,Qtr 2,May,4,2024-05-04T18:10:00-Flr-001,Solar Flare,18,GOES-P: EXIS 1.0-8.0,5,No Note,2024,Qtr 2,May,4,N26W15,2024
13663,2024,Qtr 2,May,4,M1.5,2024,Qtr 2,May,4,4,2024,Qtr 2,May,4,2024-05-04T07:04:00-Flr-001,Solar Flare,7,GOES-P: EXIS 1.0-8.0,5,No Note,2024,Qtr 2,May,4,N27W08,2024
13663,2024,Qtr 2,May,4,M1.6,2024,Qtr 2,May,4,4,2024,Qtr 2,May,4,2024-05-04T00:26:00-Flr-001,Solar Flare,0,GOES-P: EXIS 1.0-8.0,5,No Note,2024,Qtr 2,May,4,N26W05,2024
13663,2024,Qtr 2,May,4,M2.4,2024,Qtr 2,May,3,3,2024,Qtr 2,May,4,2024-05-03T23:24:00-Flr-001,Solar Flare,23,GOES-P: EXIS 1.0-8.0,5,No Note,2024,Qtr 2,May,4,N26W06,2024
13663,2024,Qtr 2,May,4,M9.1,2024,Qtr 2,May,4,4,2024,Qtr 2,May,4,2024-05-04T06:02:00-Flr-001,Solar Flare,6,GOES-P: EXIS 1.0-8.0,5,No Note,2024,Qtr 2,May,4,N26W09,2024
13663,2024,Qtr 2,May,5,C8.8,2024,Qtr 2,May,5,5,2024,Qtr 2,May,5,2024-05-05T03:01:00-Flr-001,Solar Flare,3,GOES-P: EXIS 1.0-8.0,5,No Note,2024,Qtr 2,May,5,N24W21,2024
13663,2024,Qtr 2,May,5,M1.3,2024,Qtr 2,May,5,5,2024,Qtr 2,May,5,2024-05-05T08:07:00-Flr-001,Solar Flare,8,GOES-P: EXIS 1.0-8.0,5,No Note,2024,Qtr 2,May,5,N26W22,2024
13663,2024,Qtr 2,May,5,M1.3,2024,Qtr 2,May,5,5,2024,Qtr 2,May,5,2024-05-05T14:33:00-Flr-001,Solar Flare,14,GOES-P: EXIS 1.0-8.0,5,With Contribution From Ar 3664,2024,Qtr 2,May,5,N26W24,2024
13664,2024,Qtr 2,May,5,M1.3,2024,Qtr 2,May,5,5,2024,Qtr 2,May,5,2024-05-05T16:55:00-Flr-001,Solar Flare,16,GOES-P: EXIS 1.0-8.0,5,With A Large Contribution From Active Region 3663.,2024,Qtr 2,May,5,S18E24,2024
13663,2024,Qtr 2,May,5,M2.2,2024,Qtr 2,May,5,5,2024,Qtr 2,May,5,2024-05-05T15:28:00-Flr-001,Solar Flare,15,GOES-P: EXIS 1.0-8.0,5,With Contribution From Active Region 3664,2024,Qtr 2,May,5,N26W25,2024
13664,2024,Qtr 2,May,5,M2.3,2024,Qtr 2,May,5,5,2024,Qtr 2,May,5,2024-05-05T09:23:00-Flr-001,Solar Flare,9,GOES-P: EXIS 1.0-8.0,5,No Note,2024,Qtr 2,May,5,S21E22,2024
13663,2024,Qtr 2,May,5,M3.2,2024,Qtr 2,May,4,4,2024,Qtr 2,May,5,2024-05-04T22:23:00-Flr-001,Solar Flare,22,GOES-P: EXIS 1.0-8.0,5,No Note,2024,Qtr 2,May,5,N26W15,2024
13663,2024,Qtr 2,May,5,M7.4,2024,Qtr 2,May,5,5,2024,Qtr 2,May,5,2024-05-05T09:53:00-Flr-001,Solar Flare,9,GOES-P: EXIS 1.0-8.0,5,With Contribution From Ar 3664,2024,Qtr 2,May,5,N26W22,2024
13663,2024,Qtr 2,May,5,M8.4,2024,Qtr 2,May,5,5,2024,Qtr 2,May,5,2024-05-05T01:15:00-Flr-001,Solar Flare,1,GOES-P: EXIS 1.0-8.0,5,No Note,2024,Qtr 2,May,5,N26W20,2024
13663,2024,Qtr 2,May,5,M9.0,2024,Qtr 2,May,4,4,2024,Qtr 2,May,5,2024-05-04T23:28:00-Flr-001,Solar Flare,23,GOES-P: EXIS 1.0-8.0,5,No Note,2024,Qtr 2,May,5,N26W17,2024
13663,2024,Qtr 2,May,5,X1.2,2024,Qtr 2,May,5,5,2024,Qtr 2,May,5,2024-05-05T11:41:00-Flr-001,Solar Flare,11,GOES-P: EXIS 1.0-8.0,5,No Note,2024,Qtr 2,May,5,N26W23,2024
13663,2024,Qtr 2,May,5,X1.3,2024,Qtr 2,May,5,5,2024,Qtr 2,May,5,2024-05-05T05:47:00-Flr-001,Solar Flare,5,GOES-P: EXIS 1.0-8.0,5,No Note,2024,Qtr 2,May,5,N26W20,2024
13664,2024,Qtr 2,May,6,M1.0,2024,Qtr 2,May,5,5,2024,Qtr 2,May,6,2024-05-05T18:34:00-Flr-001,Solar Flare,18,GOES-P: EXIS 1.0-8.0,5,With Contribution From Active Region 3663,2024,Qtr 2,May,6,S19E18,2024
13663,2024,Qtr 2,May,6,M1.3,2024,Qtr 2,May,5,5,2024,Qtr 2,May,6,2024-05-05T19:44:00-Flr-001,Solar Flare,19,GOES-P: EXIS 1.0-8.0,5,No Note,2024,Qtr 2,May,6,N26W28,2024
13663,2024,Qtr 2,May,6,M1.3,2024,Qtr 2,May,6,6,2024,Qtr 2,May,6,2024-05-06T05:09:00-Flr-001,Solar Flare,5,GOES-P: EXIS 1.0-8.0,5,No Note,2024,Qtr 2,May,6,N26W37,2024
13663,2024,Qtr 2,May,6,M1.5,2024,Qtr 2,May,6,6,2024,Qtr 2,May,6,2024-05-06T09:49:00-Flr-001,Solar Flare,9,GOES-P: EXIS 1.0-8.0,5,No Note,2024,Qtr 2,May,6,N26W38,2024
13663,2024,Qtr 2,May,6,M1.6,2024,Qtr 2,May,6,6,2024,Qtr 2,May,6,2024-05-06T00:47:00-Flr-001,Solar Flare,0,GOES-P: EXIS 1.0-8.0,5,No Note,2024,Qtr 2,May,6,N26W30,2024
13663,2024,Qtr 2,May,6,X4.5,2024,Qtr 2,May,6,6,2024,Qtr 2,May,6,2024-05-06T05:38:00-Flr-001,Solar Flare,5,GOES-P: EXIS 1.0-8.0,5,No Note,2024,Qtr 2,May,6,N26W35,2024
13663,2024,Qtr 2,May,7,M1.0,2024,Qtr 2,May,7,7,2024,Qtr 2,May,7,2024-05-07T13:16:00-Flr-001,Solar Flare,13,GOES-P: EXIS 1.0-8.0,5,First Peak Of A Double Peaked Flare From Ar 3663. Immediately Followed By An M1.0-Class Flare Which Peaked At 2024-05-07T13:35Z.,2024,Qtr 2,May,7,N25W55,2024
13663,2024,Qtr 2,May,7,M1.0,2024,Qtr 2,May,7,7,2024,Qtr 2,May,7,2024-05-07T13:32:00-Flr-001,Solar Flare,13,GOES-P: EXIS 1.0-8.0,5,Second Peak Of A Double Peaked Flare From Ar 3663. Immediately Preceded By An M1.0-Class Flare Which Peaked At 2024-05-07T13:25Z.,2024,Qtr 2,May,7,N25W55,2024
13663,2024,Qtr 2,May,7,M1.2,2024,Qtr 2,May,6,6,2024,Qtr 2,May,7,2024-05-06T21:37:00-Flr-001,Solar Flare,21,GOES-P: EXIS 1.0-8.0,5,First Peak Of A Double Peaked Flare From Ar 3663. Immediately Followed By An M4.3-Class Flare Which Peaked At 2024-05-06T22:27Z,2024,Qtr 2,May,7,N27W41,2024
13663,2024,Qtr 2,May,7,M1.3,2024,Qtr 2,May,7,7,2024,Qtr 2,May,7,2024-05-07T08:18:00-Flr-001,Solar Flare,8,GOES-P: EXIS 1.0-8.0,5,"Simultaneous Flaring With Ar 3668, But Separate Distinct Peaks (This Flare Is The First Peak) Seen In Sdo Aia 131.",2024,Qtr 2,May,7,N25W52,2024
13668,2024,Qtr 2,May,7,M1.4,2024,Qtr 2,May,7,7,2024,Qtr 2,May,7,2024-05-07T08:28:00-Flr-001,Solar Flare,8,GOES-P: EXIS 1.0-8.0,5,"Simultaneous Flaring With Ar 3663, But Separate Distinct Peaks (This Flare Is The Second Peak) Seen In Sdo Aia 131. End Time Is Manually Calculated From Start And Peak Flux Values.",2024,Qtr 2,May,7,S18E05,2024
13663,2024,Qtr 2,May,7,M1.5,2024,Qtr 2,May,7,7,2024,Qtr 2,May,7,2024-05-07T12:43:00-Flr-001,Solar Flare,12,GOES-P: EXIS 1.0-8.0,5,No Note,2024,Qtr 2,May,7,N25W54,2024
13664,2024,Qtr 2,May,7,M2.4,2024,Qtr 2,May,7,7,2024,Qtr 2,May,7,2024-05-07T11:40:00-Flr-001,Solar Flare,11,GOES-P: EXIS 1.0-8.0,5,No Note,2024,Qtr 2,May,7,S22W02,2024
13663,2024,Qtr 2,May,7,M2.6,2024,Qtr 2,May,7,7,2024,Qtr 2,May,7,2024-05-07T00:41:00-Flr-001,Solar Flare,0,GOES-P: EXIS 1.0-8.0,5,"Simultaneous Flaring With Ar 3668 (Flare Centered At S18E11) At This Same Time, Association Given To Ar 3663 With The Brighter Signature Of The Two Regions In Sdo Aia 131.",2024,Qtr 2,May,7,N25W45,2024
13663,2024,Qtr 2,May,7,M4.3,2024,Qtr 2,May,6,6,2024,Qtr 2,May,7,2024-05-06T21:58:00-Flr-001,Solar Flare,21,GOES-P: EXIS 1.0-8.0,5,Second Peak Of A Double Peaked Flare From Ar 3663. Preceded By An M1.2-Class Flare Which Peaked At 2024-05-06T21:48Z.,2024,Qtr 2,May,7,N27W42,2024
13663,2024,Qtr 2,May,7,M5.1,2024,Qtr 2,May,7,7,2024,Qtr 2,May,7,2024-05-07T05:58:00-Flr-001,Solar Flare,5,GOES-P: EXIS 1.0-8.0,5,No Note,2024,Qtr 2,May,7,N27W47,2024
13663,2024,Qtr 2,May,7,M8.2,2024,Qtr 2,May,7,7,2024,Qtr 2,May,7,2024-05-07T16:21:00-Flr-001,Solar Flare,16,GOES-P: EXIS 1.0-8.0,5,No Note,2024,Qtr 2,May,7,N25W56,2024
13664,2024,Qtr 2,May,8,M1.2,2024,Qtr 2,May,7,7,2024,Qtr 2,May,8,2024-05-07T20:45:00-Flr-001,Solar Flare,20,GOES-P: EXIS 1.0-8.0,5,"X-Ray Flux Was Previously Elevated To M-Class Background Levels By The Preceding M2.1 Flare Peaking At 2024-05-07T20:22Z From Active Region 13664. This M1.2 Flare Corresponds To Flaring Visible From Active Region 13664 As Seen In Sdo Aia 131 Imagery. Multiple Small Peaks Were Observed By Goes X-Ray Flux, But All Of These 'Bumps' Correspond To The M1.2 Flare Stated In This Entry. Due To Simultaneous Flaring From Active Region 13663, This Event Partially Overlaps With The M3.3 Flare Peaking At 2024-05-07T21:26Z. The End Time Was Therefore Based On The Start Time Of The Subsequent M3.3 Flare.",2024,Qtr 2,May,8,S20W08,2024
13664,2024,Qtr 2,May,8,M1.6,2024,Qtr 2,May,7,7,2024,Qtr 2,May,8,2024-05-07T22:55:00-Flr-001,Solar Flare,22,GOES-P: EXIS 1.0-8.0,5,X-Ray Flux Was Previously Elevated To M-Class Background Levels Due To The Preceding M3.3 Flare Peaking At 2024-05-07T21:59Z From Active Region 13663. This Flare Entry Corresponds To Flaring Activity Observed From Active Region 13664 As Seen In Sdo Aia 131 Imagery. There Are Previous 'Bumps' Observed In Goes X-Ray Flux Occurring Prior To This Event That Do Not Correspond To Flaring Activity Beyond The Elevated Background Levels.,2024,Qtr 2,May,8,S11W09,2024
13664,2024,Qtr 2,May,8,M1.8,2024,Qtr 2,May,8,8,2024,Qtr 2,May,8,2024-05-08T03:19:00-Flr-001,Solar Flare,3,GOES-P: EXIS 1.0-8.0,5,No Note,2024,Qtr 2,May,8,S20W10,2024
13664,2024,Qtr 2,May,8,M1.8,2024,Qtr 2,May,8,8,2024,Qtr 2,May,8,2024-05-08T09:31:00-Flr-001,Solar Flare,9,GOES-P: EXIS 1.0-8.0,5,Simultaneous Brightening Seen In Uv Imagery From Active Region 13663 (N25W65) May Have Contributed To The Peak Flux Of This Flare.,2024,Qtr 2,May,8,S21W14,2024
13664,2024,Qtr 2,May,8,M1.9,2024,Qtr 2,May,8,8,2024,Qtr 2,May,8,2024-05-08T03:38:00-Flr-001,Solar Flare,3,GOES-P: EXIS 1.0-8.0,5,No Note,2024,Qtr 2,May,8,S20W10,2024
13664,2024,Qtr 2,May,8,M2.1,2024,Qtr 2,May,7,7,2024,Qtr 2,May,8,2024-05-07T19:58:00-Flr-001,Solar Flare,19,GOES-P: EXIS 1.0-8.0,5,"There Is Simultaneous Flaring From Active Region 13668 At The Time Of This Event. However, A Majority Of The Flaring Activity Occurs From Active Region 13664, And Was Associated With This Flare For That Reason.",2024,Qtr 2,May,8,S21W12,2024
13663,2024,Qtr 2,May,8,M2.1,2024,Qtr 2,May,8,8,2024,Qtr 2,May,8,2024-05-08T09:43:00-Flr-001,Solar Flare,9,GOES-P: EXIS 1.0-8.0,5,Simultaneous Brightening Seen In Uv Imagery From Active Region 13664 (S22W15) May Have Contributed To The Peak Flux Of This Flare.,2024,Qtr 2,May,8,N25W62,2024
13663,2024,Qtr 2,May,8,M2.9,2024,Qtr 2,May,8,8,2024,Qtr 2,May,9,2024-05-08T18:14:00-Flr-001,Solar Flare,18,GOES-P: EXIS 1.0-8.0,5,No Note,2024,Qtr 2,May,9,N25W67,2024
13663,2024,Qtr 2,May,8,M3.3,2024,Qtr 2,May,7,7,2024,Qtr 2,May,8,2024-05-07T21:13:00-Flr-001,Solar Flare,21,GOES-P: EXIS 1.0-8.0,5,No Note,2024,Qtr 2,May,8,N26W57,2024
13663,2024,Qtr 2,May,8,M3.3,2024,Qtr 2,May,7,7,2024,Qtr 2,May,8,2024-05-07T21:42:00-Flr-001,Solar Flare,21,GOES-P: EXIS 1.0-8.0,5,"This Flare Partially Overlaps With The Preceding M3.3 Flare Peaking At 2024-05-07T21:26Z. Simultaneous, Less Intense Flaring Is Also Observed From Active Region 13664 At The Time Of This Event.",2024,Qtr 2,May,8,N26W57,2024
13664,2024,Qtr 2,May,8,M3.4,2024,Qtr 2,May,8,8,2024,Qtr 2,May,8,2024-05-08T02:16:00-Flr-001,Solar Flare,2,GOES-P: EXIS 1.0-8.0,5,No Note,2024,Qtr 2,May,8,S20W10,2024
13664,2024,Qtr 2,May,8,M3.5,2024,Qtr 2,May,8,8,2024,Qtr 2,May,8,2024-05-08T04:20:00-Flr-001,Solar Flare,4,GOES-P: EXIS 1.0-8.0,5,No Note,2024,Qtr 2,May,8,S21W10,2024
13663,2024,Qtr 2,May,8,M4.1,2024,Qtr 2,May,8,8,2024,Qtr 2,May,8,2024-05-08T11:09:00-Flr-001,Solar Flare,11,GOES-P: EXIS 1.0-8.0,5,Overlaps With Subsequent Flaring From Active Region 13664.,2024,Qtr 2,May,8,N26W65,2024
13663,2024,Qtr 2,May,8,M4.5,2024,Qtr 2,May,8,8,2024,Qtr 2,May,8,2024-05-08T07:29:00-Flr-001,Solar Flare,7,GOES-P: EXIS 1.0-8.0,5,No Note,2024,Qtr 2,May,8,N25W61,2024
13664,2024,Qtr 2,May,8,M7.1,2024,Qtr 2,May,8,8,2024,Qtr 2,May,8,2024-05-08T06:44:00-Flr-001,Solar Flare,6,GOES-P: EXIS 1.0-8.0,5,No Note,2024,Qtr 2,May,8,S21W18,2024
13664,2024,Qtr 2,May,8,M7.9,2024,Qtr 2,May,8,8,2024,Qtr 2,May,8,2024-05-08T17:32:00-Flr-001,Solar Flare,17,GOES-P: EXIS 1.0-8.0,5,No Note,2024,Qtr 2,May,8,S17W13,2024
13664,2024,Qtr 2,May,8,M8.6,2024,Qtr 2,May,8,8,2024,Qtr 2,May,8,2024-05-08T11:26:00-Flr-001,Solar Flare,11,GOES-P: EXIS 1.0-8.0,5,"Overlapping Flaring From Active Region 13663 May Have Contributed To The Flux Of The Flare, Particularly Before The Peak Of This M8.5 Flare.",2024,Qtr 2,May,8,S20W11,2024
13663,2024,Qtr 2,May,8,X1.0,2024,Qtr 2,May,8,8,2024,Qtr 2,May,8,2024-05-08T01:33:00-Flr-001,Solar Flare,1,GOES-P: EXIS 1.0-8.0,5,No Note,2024,Qtr 2,May,8,N25W60,2024
13664,2024,Qtr 2,May,8,X1.0,2024,Qtr 2,May,8,8,2024,Qtr 2,May,8,2024-05-08T04:37:00-Flr-001,Solar Flare,4,GOES-P: EXIS 1.0-8.0,5,"An M3.5 Flare Also From Active Region 13664 Immediately Precedes This X1.0 Flare. Both Flares May Be Considered To Be Associated With The Eruptive Activity Observed In Uv Imagery And The Coronal Mass Ejection Observed In Soho Lasco, However, Analysis Is Ongoing.",2024,Qtr 2,May,8,S22W10,2024
13664,2024,Qtr 2,May,9,M1.0,2024,Qtr 2,May,9,9,2024,Qtr 2,May,9,2024-05-09T14:01:00-Flr-001,Solar Flare,14,GOES-P: EXIS 1.0-8.0,5,X-Ray Flux Was Previously Elevated Following The M3.7 Flare From Active Region 13664 Peaking At 2024-05-09T13:23Z. Minor Brightening From Active Region 13664 Corresponds To This M1.0 Flare. The End Time Was Estimated Based On Visual Inspection Of Goes X-Ray Flux Compared To Imagery From Sdo Aia 131 At The Time Of This Event.,2024,Qtr 2,May,9,S20W34,2024
13664,2024,Qtr 2,May,9,M1.2,2024,Qtr 2,May,9,9,2024,Qtr 2,May,9,2024-05-09T05:35:00-Flr-001,Solar Flare,5,GOES-P: EXIS 1.0-8.0,5,"X-Ray Flux Was Previously Elevated To M-Class Background Levels Following The Preceding M4.5 Flare Peaking At 2024-05-09T03:32Z And M1.7 Flare Peaking At 2024-05-09T04:49Z, Both From Active Region 13664. End Time Based On Visual Inspection Of Goes X-Ray Flux Compared To Sdo Aia 131 Imagery Of Flaring Activity From Active Region 13664 At The Time Of This Event.",2024,Qtr 2,May,9,S20W21,2024
13664,2024,Qtr 2,May,9,M1.2,2024,Qtr 2,May,9,9,2024,Qtr 2,May,9,2024-05-09T07:54:00-Flr-001,Solar Flare,7,GOES-P: EXIS 1.0-8.0,5,X-Ray Flux Was Previously Elevated To M-Class Background Levels Following The M2.4 Flare From Active Region 13664 Peaking At 2024-05-09T06:27Z.,2024,Qtr 2,May,9,S21W28,2024
13664,2024,Qtr 2,May,9,M1.7,2024,Qtr 2,May,8,8,2024,Qtr 2,May,9,2024-05-08T20:27:00-Flr-001,Solar Flare,20,GOES-P: EXIS 1.0-8.0,5,No Note,2024,Qtr 2,May,9,S20W19,2024
13664,2024,Qtr 2,May,9,M1.7,2024,Qtr 2,May,9,9,2024,Qtr 2,May,9,2024-05-09T04:44:00-Flr-001,Solar Flare,4,GOES-P: EXIS 1.0-8.0,5,No Note,2024,Qtr 2,May,9,S21W27,2024
13664,2024,Qtr 2,May,9,M1.8,2024,Qtr 2,May,9,9,2024,Qtr 2,May,9,2024-05-09T00:58:00-Flr-001,Solar Flare,0,GOES-P: EXIS 1.0-8.0,5,"X-Ray Flux Was Previously Elevated To M-Class Background Levels By Preceding X1.0 Flare From Active Region 13664 Peaking At 2024-05-08T21:40Z. This M1.8 Flare Corresponds To Flaring Activity From Active Region 13664 Which Produces Multiple 'Bumps' Observed In Goes X-Ray Flux, With The Peak Being The M1.8 Value Listed In This Entry.",2024,Qtr 2,May,9,S20W19,2024
13664,2024,Qtr 2,May,9,M2.0,2024,Qtr 2,May,8,8,2024,Qtr 2,May,9,2024-05-08T19:15:00-Flr-001,Solar Flare,19,GOES-P: EXIS 1.0-8.0,5,No Note,2024,Qtr 2,May,9,S20W19,2024
13664,2024,Qtr 2,May,9,M2.1,2024,Qtr 2,May,9,9,2024,Qtr 2,May,9,2024-05-09T08:30:00-Flr-001,Solar Flare,8,GOES-P: EXIS 1.0-8.0,5,"Simultaneous, Less Intense Flaring Also Occurs From Active Region 13663 At The Time Of This Event. This M2.1 Flare Overlaps With Following X2.2 Flare Peaking At 2024-05-09T09:13Z, Also From Active Region 13664.",2024,Qtr 2,May,9,S21W25,2024
13664,2024,Qtr 2,May,9,M2.3,2024,Qtr 2,May,9,9,2024,Qtr 2,May,9,2024-05-09T06:03:00-Flr-001,Solar Flare,6,GOES-P: EXIS 1.0-8.0,5,No Note,2024,Qtr 2,May,9,S22W30,2024
13664,2024,Qtr 2,May,9,M2.4,2024,Qtr 2,May,9,9,2024,Qtr 2,May,9,2024-05-09T06:24:00-Flr-001,Solar Flare,6,GOES-P: EXIS 1.0-8.0,5,No Note,2024,Qtr 2,May,9,S21W25,2024
13664,2024,Qtr 2,May,9,M2.9,2024,Qtr 2,May,9,9,2024,Qtr 2,May,9,2024-05-09T12:05:00-Flr-001,Solar Flare,12,GOES-P: EXIS 1.0-8.0,5,No Note,2024,Qtr 2,May,9,S18W33,2024
13664,2024,Qtr 2,May,9,M3.1,2024,Qtr 2,May,9,9,2024,Qtr 2,May,9,2024-05-09T11:52:00-Flr-001,Solar Flare,11,GOES-P: EXIS 1.0-8.0,5,No Note,2024,Qtr 2,May,9,S16W40,2024
13664,2024,Qtr 2,May,9,M3.7,2024,Qtr 2,May,9,9,2024,Qtr 2,May,9,2024-05-09T13:16:00-Flr-001,Solar Flare,13,GOES-P: EXIS 1.0-8.0,5,No Note,2024,Qtr 2,May,9,S18W32,2024
13664,2024,Qtr 2,May,9,M4.0,2024,Qtr 2,May,9,9,2024,Qtr 2,May,9,2024-05-09T03:07:00-Flr-001,Solar Flare,3,GOES-P: EXIS 1.0-8.0,5,No Note,2024,Qtr 2,May,9,S22W23,2024
13664,2024,Qtr 2,May,9,M4.5,2024,Qtr 2,May,9,9,2024,Qtr 2,May,9,2024-05-09T03:23:00-Flr-001,Solar Flare,3,GOES-P: EXIS 1.0-8.0,5,No Note,2024,Qtr 2,May,9,S22W23,2024
13664,2024,Qtr 2,May,9,M9.8,2024,Qtr 2,May,8,8,2024,Qtr 2,May,9,2024-05-08T22:05:00-Flr-001,Solar Flare,22,GOES-P: EXIS 1.0-8.0,5,Second Of Double Peaked Flare. Times Based Off Of Noaa Swpc Solar & Geophysical Activity Summary.,2024,Qtr 2,May,9,S22W22,2024
13664,2024,Qtr 2,May,9,X1.0,2024,Qtr 2,May,8,8,2024,Qtr 2,May,9,2024-05-08T21:08:00-Flr-001,Solar Flare,21,GOES-P: EXIS 1.0-8.0,5,First Peak Of A Double Peaked Flare. Times Adjusted To Match Noaa Swpc Solar & Geophysical Activity Summary.,2024,Qtr 2,May,9,S20W17,2024
13664,2024,Qtr 2,May,9,X1.1,2024,Qtr 2,May,9,9,2024,Qtr 2,May,9,2024-05-09T17:23:00-Flr-001,Solar Flare,17,GOES-P: EXIS 1.0-8.0,5,No Note,2024,Qtr 2,May,9,S18W29,2024
13664,2024,Qtr 2,May,9,X2.2,2024,Qtr 2,May,9,9,2024,Qtr 2,May,9,2024-05-09T08:45:00-Flr-001,Solar Flare,8,GOES-P: EXIS 1.0-8.0,5,No Note,2024,Qtr 2,May,9,S20W25,2024
13663,2024,Qtr 2,May,10,M1.0,2024,Qtr 2,May,9,9,2024,Qtr 2,May,10,2024-05-09T21:15:00-Flr-001,Solar Flare,21,GOES-P: EXIS 1.0-8.0,5,No Note,2024,Qtr 2,May,10,N26W82,2024
13664,2024,Qtr 2,May,10,M1.0,2024,Qtr 2,May,9,9,2024,Qtr 2,May,10,2024-05-09T22:08:00-Flr-001,Solar Flare,22,GOES-P: EXIS 1.0-8.0,5,No Note,2024,Qtr 2,May,10,S17W30,2024
13664,2024,Qtr 2,May,10,M1.1,2024,Qtr 2,May,10,10,2024,Qtr 2,May,11,2024-05-10T18:26:00-Flr-001,Solar Flare,18,GOES-P: EXIS 1.0-8.0,5,No Note,2024,Qtr 2,May,11,S20W48,2024
0,2024,Qtr 2,May,10,M1.2,2024,Qtr 2,May,9,9,2024,Qtr 2,May,10,2024-05-09T23:04:00-Flr-001,Solar Flare,23,GOES-P: EXIS 1.0-8.0,5,No Note,2024,Qtr 2,May,10,S11E89,2024
13664,2024,Qtr 2,May,10,M1.2,2024,Qtr 2,May,10,10,2024,Qtr 2,May,10,2024-05-10T17:14:00-Flr-001,Solar Flare,17,GOES-P: EXIS 1.0-8.0,5,No Note,2024,Qtr 2,May,10,S17W42,2024
13664,2024,Qtr 2,May,10,M1.2,2024,Qtr 2,May,10,10,2024,Qtr 2,May,10,2024-05-10T17:54:00-Flr-001,Solar Flare,17,GOES-P: EXIS 1.0-8.0,5,No Note,2024,Qtr 2,May,10,S19W52,2024
13664,2024,Qtr 2,May,10,M1.3,2024,Qtr 2,May,10,10,2024,Qtr 2,May,10,2024-05-10T00:10:00-Flr-001,Solar Flare,0,GOES-P: EXIS 1.0-8.0,5,No Note,2024,Qtr 2,May,10,S22W35,2024
13664,2024,Qtr 2,May,10,M1.3,2024,Qtr 2,May,10,10,2024,Qtr 2,May,10,2024-05-10T06:14:00-Flr-001,Solar Flare,6,GOES-P: EXIS 1.0-8.0,5,No Note,2024,Qtr 2,May,10,S19W35,2024
0,2024,Qtr 2,May,10,M1.4,2024,Qtr 2,May,10,10,2024,Qtr 2,May,10,2024-05-10T03:15:00-Flr-001,Solar Flare,3,GOES-P: EXIS 1.0-8.0,5,This Flare Occurred From An Unnumbered Region Near/Slightly Beyond The Eastern Limb.,2024,Qtr 2,May,10,S14E90,2024
13664,2024,Qtr 2,May,10,M1.5,2024,Qtr 2,May,9,9,2024,Qtr 2,May,10,2024-05-09T23:44:00-Flr-001,Solar Flare,23,GOES-P: EXIS 1.0-8.0,5,No Note,2024,Qtr 2,May,10,S24W37,2024
13664,2024,Qtr 2,May,10,M2.2,2024,Qtr 2,May,10,10,2024,Qtr 2,May,10,2024-05-10T10:10:00-Flr-001,Solar Flare,10,GOES-P: EXIS 1.0-8.0,5,No Note,2024,Qtr 2,May,10,S21W43,2024
13664,2024,Qtr 2,May,10,M2.6,2024,Qtr 2,May,9,9,2024,Qtr 2,May,10,2024-05-09T22:24:00-Flr-001,Solar Flare,22,GOES-P: EXIS 1.0-8.0,5,No Note,2024,Qtr 2,May,10,S16W46,2024
13664,2024,Qtr 2,May,10,M5.9,2024,Qtr 2,May,10,10,2024,Qtr 2,May,10,2024-05-10T13:58:00-Flr-001,Solar Flare,13,GOES-P: EXIS 1.0-8.0,5,No Note,2024,Qtr 2,May,10,S16W40,2024
13664,2024,Qtr 2,May,10,X3.9,2024,Qtr 2,May,10,10,2024,Qtr 2,May,10,2024-05-10T06:27:00-Flr-001,Solar Flare,6,GOES-P: EXIS 1.0-8.0,5,No Note,2024,Qtr 2,May,10,S18W37,2024
13664,2024,Qtr 2,May,11,M1.1,2024,Qtr 2,May,10,10,2024,Qtr 2,May,11,2024-05-10T19:35:00-Flr-001,Solar Flare,19,GOES-P: EXIS 1.0-8.0,5,No Note,2024,Qtr 2,May,11,S19W51,2024
13664,2024,Qtr 2,May,11,M1.2,2024,Qtr 2,May,11,11,2024,Qtr 2,May,11,2024-05-11T07:26:00-Flr-001,Solar Flare,7,GOES-P: EXIS 1.0-8.0,5,No Note,2024,Qtr 2,May,11,S20W60,2024
13664,2024,Qtr 2,May,11,M1.3,2024,Qtr 2,May,11,11,2024,Qtr 2,May,11,2024-05-11T04:28:00-Flr-001,Solar Flare,4,GOES-P: EXIS 1.0-8.0,5,No Note,2024,Qtr 2,May,11,S18W48,2024
13664,2024,Qtr 2,May,11,M1.3,2024,Qtr 2,May,11,11,2024,Qtr 2,May,11,2024-05-11T08:14:00-Flr-001,Solar Flare,8,GOES-P: EXIS 1.0-8.0,5,No Note,2024,Qtr 2,May,11,S19W52,2024
13664,2024,Qtr 2,May,11,M1.4,2024,Qtr 2,May,11,11,2024,Qtr 2,May,11,2024-05-11T08:45:00-Flr-001,Solar Flare,8,GOES-P: EXIS 1.0-8.0,5,No Note,2024,Qtr 2,May,11,S19W52,2024
13664,2024,Qtr 2,May,11,M1.6,2024,Qtr 2,May,11,11,2024,Qtr 2,May,11,2024-05-11T10:53:00-Flr-001,Solar Flare,10,GOES-P: EXIS 1.0-8.0,5,No Note,2024,Qtr 2,May,11,S19W56,2024
13664,2024,Qtr 2,May,11,M1.7,2024,Qtr 2,May,10,10,2024,Qtr 2,May,11,2024-05-10T18:38:00-Flr-001,Solar Flare,18,GOES-P: EXIS 1.0-8.0,5,No Note,2024,Qtr 2,May,11,S17W44,2024
13664,2024,Qtr 2,May,11,M1.7,2024,Qtr 2,May,11,11,2024,Qtr 2,May,11,2024-05-11T09:05:00-Flr-001,Solar Flare,9,GOES-P: EXIS 1.0-8.0,5,No Note,2024,Qtr 2,May,11,S21W59,2024
13664,2024,Qtr 2,May,11,M1.7,2024,Qtr 2,May,11,11,2024,Qtr 2,May,11,2024-05-11T13:45:00-Flr-001,Solar Flare,13,GOES-P: EXIS 1.0-8.0,5,No Note,2024,Qtr 2,May,11,S19W59,2024
13664,2024,Qtr 2,May,11,M1.9,2024,Qtr 2,May,10,10,2024,Qtr 2,May,11,2024-05-10T19:56:00-Flr-001,Solar Flare,19,GOES-P: EXIS 1.0-8.0,5,No Note,2024,Qtr 2,May,11,S19W47,2024
13664,2024,Qtr 2,May,11,M2.0,2024,Qtr 2,May,10,10,2024,Qtr 2,May,11,2024-05-10T18:57:00-Flr-001,Solar Flare,18,GOES-P: EXIS 1.0-8.0,5,No Note,2024,Qtr 2,May,11,S17W43,2024
13664,2024,Qtr 2,May,11,M2.4,2024,Qtr 2,May,10,10,2024,Qtr 2,May,11,2024-05-10T21:15:00-Flr-001,Solar Flare,21,GOES-P: EXIS 1.0-8.0,5,No Note,2024,Qtr 2,May,11,S20W52,2024
13664,2024,Qtr 2,May,11,M2.9,2024,Qtr 2,May,11,11,2024,Qtr 2,May,11,2024-05-11T16:27:00-Flr-001,Solar Flare,16,GOES-P: EXIS 1.0-8.0,5,No Note,2024,Qtr 2,May,11,S15W50,2024
13664,2024,Qtr 2,May,11,M3.1,2024,Qtr 2,May,11,11,2024,Qtr 2,May,11,2024-05-11T10:03:00-Flr-001,Solar Flare,10,GOES-P: EXIS 1.0-8.0,5,No Note,2024,Qtr 2,May,11,S20W58,2024
13664,2024,Qtr 2,May,11,M3.8,2024,Qtr 2,May,10,10,2024,Qtr 2,May,11,2024-05-10T20:59:00-Flr-001,Solar Flare,20,GOES-P: EXIS 1.0-8.0,5,No Note,2024,Qtr 2,May,11,S17W45,2024
13664,2024,Qtr 2,May,11,M8.8,2024,Qtr 2,May,11,11,2024,Qtr 2,May,11,2024-05-11T14:46:00-Flr-001,Solar Flare,14,GOES-P: EXIS 1.0-8.0,5,No Note,2024,Qtr 2,May,11,S17W53,2024
13664,2024,Qtr 2,May,11,X1.5,2024,Qtr 2,May,11,11,2024,Qtr 2,May,11,2024-05-11T11:15:00-Flr-001,Solar Flare,11,GOES-P: EXIS 1.0-8.0,5,No Note,2024,Qtr 2,May,11,S19W60,2024
13664,2024,Qtr 2,May,11,X5.8,2024,Qtr 2,May,11,11,2024,Qtr 2,May,11,2024-05-11T01:10:00-Flr-001,Solar Flare,1,GOES-P: EXIS 1.0-8.0,5,No Note,2024,Qtr 2,May,11,S17W47,2024
0,2024,Qtr 2,May,12,M1.0,2024,Qtr 2,May,12,12,2024,Qtr 2,May,12,2024-05-12T13:40:00-Flr-001,Solar Flare,13,GOES-P: EXIS 1.0-8.0,5,"Currently Unnumbered Region, Simultaneous Flaring From Ar13664 (S20W74).",2024,Qtr 2,May,12,S10W90,2024
13664,2024,Qtr 2,May,12,M1.2,2024,Qtr 2,May,11,11,2024,Qtr 2,May,12,2024-05-11T20:32:00-Flr-001,Solar Flare,20,GOES-P: EXIS 1.0-8.0,5,No Note,2024,Qtr 2,May,12,S20W63,2024
13664,2024,Qtr 2,May,12,M1.5,2024,Qtr 2,May,12,12,2024,Qtr 2,May,12,2024-05-12T13:49:00-Flr-001,Solar Flare,13,GOES-P: EXIS 1.0-8.0,5,Simultaneous Flaring From Ar13675 And Unnumbered Region Near S10E90+ On/Beyond The Eastern Limb.,2024,Qtr 2,May,12,S21W75,2024
13664,2024,Qtr 2,May,12,M1.6,2024,Qtr 2,May,12,12,2024,Qtr 2,May,12,2024-05-12T12:27:00-Flr-001,Solar Flare,12,GOES-P: EXIS 1.0-8.0,5,No Note,2024,Qtr 2,May,12,S17W70,2024
0,2024,Qtr 2,May,12,M2.4,2024,Qtr 2,May,12,12,2024,Qtr 2,May,12,2024-05-12T05:37:00-Flr-001,Solar Flare,5,GOES-P: EXIS 1.0-8.0,5,Flaring Beyond Ne Limb.,2024,Qtr 2,May,12,N22E90,2024
13664,2024,Qtr 2,May,12,M3.2,2024,Qtr 2,May,12,12,2024,Qtr 2,May,12,2024-05-12T00:41:00-Flr-001,Solar Flare,0,GOES-P: EXIS 1.0-8.0,5,No Note,2024,Qtr 2,May,12,S20W65,2024
13664,2024,Qtr 2,May,12,X1.0,2024,Qtr 2,May,12,12,2024,Qtr 2,May,12,2024-05-12T16:11:00-Flr-001,Solar Flare,16,GOES-P: EXIS 1.0-8.0,5,No Note,2024,Qtr 2,May,12,S21W75,2024
13664,2024,Qtr 2,May,13,M1.0,2024,Qtr 2,May,12,12,2024,Qtr 2,May,13,2024-05-12T23:00:00-Flr-001,Solar Flare,23,GOES-P: EXIS 1.0-8.0,5,No Note,2024,Qtr 2,May,13,S18W75,2024
13674,2024,Qtr 2,May,13,M1.0,2024,Qtr 2,May,13,13,2024,Qtr 2,May,13,2024-05-13T17:32:00-Flr-001,Solar Flare,17,GOES-P: EXIS 1.0-8.0,5,No Note,2024,Qtr 2,May,13,S10E45,2024
13664,2024,Qtr 2,May,13,M1.1,2024,Qtr 2,May,12,12,2024,Qtr 2,May,13,2024-05-12T22:01:00-Flr-001,Solar Flare,22,GOES-P: EXIS 1.0-8.0,5,No Note,2024,Qtr 2,May,13,S18W74,2024
13664,2024,Qtr 2,May,13,M1.1,2024,Qtr 2,May,12,12,2024,Qtr 2,May,13,2024-05-12T22:14:00-Flr-001,Solar Flare,22,GOES-P: EXIS 1.0-8.0,5,No Note,2024,Qtr 2,May,13,S18W74,2024
13664,2024,Qtr 2,May,13,M1.2,2024,Qtr 2,May,13,13,2024,Qtr 2,May,13,2024-05-13T01:23:00-Flr-001,Solar Flare,1,GOES-P: EXIS 1.0-8.0,5,No Note,2024,Qtr 2,May,13,S18W76,2024
13664,2024,Qtr 2,May,13,M1.2,2024,Qtr 2,May,13,13,2024,Qtr 2,May,13,2024-05-13T08:06:00-Flr-001,Solar Flare,8,GOES-P: EXIS 1.0-8.0,5,"First Peak In A Bumpy Double-Peaked Flare, Both Of Which Precede A Larger, Long-Duration M4.9 And M6.6 Peaked Flare From The Same Eruption From Ar 3664.",2024,Qtr 2,May,13,S18W81,2024
13664,2024,Qtr 2,May,13,M1.4,2024,Qtr 2,May,13,13,2024,Qtr 2,May,13,2024-05-13T08:23:00-Flr-001,Solar Flare,8,GOES-P: EXIS 1.0-8.0,5,"Second Peak In A Bumpy Double-Peaked Flare, Both Of Which Precede A Larger, Long-Duration M4.9 And M6.6 Peaked Flare From The Same Eruption From Ar 3664.",2024,Qtr 2,May,13,S22W89,2024
13676,2024,Qtr 2,May,13,M1.4,2024,Qtr 2,May,13,13,2024,Qtr 2,May,13,2024-05-13T14:02:00-Flr-001,Solar Flare,14,GOES-P: EXIS 1.0-8.0,5,"This Flare Primarily Occurs From Active Region 13676 But Simultaneous, Less Intense Flaring Also Occurs From Active Region 13664.",2024,Qtr 2,May,13,S22E02,2024
13664,2024,Qtr 2,May,13,M1.5,2024,Qtr 2,May,13,13,2024,Qtr 2,May,13,2024-05-13T14:12:00-Flr-001,Solar Flare,14,GOES-P: EXIS 1.0-8.0,5,No Note,2024,Qtr 2,May,13,S18W80,2024
13664,2024,Qtr 2,May,13,M3.7,2024,Qtr 2,May,13,13,2024,Qtr 2,May,13,2024-05-13T12:56:00-Flr-001,Solar Flare,12,GOES-P: EXIS 1.0-8.0,5,No Note,2024,Qtr 2,May,13,S17W89,2024
13664,2024,Qtr 2,May,13,M4.8,2024,Qtr 2,May,12,12,2024,Qtr 2,May,13,2024-05-12T20:17:00-Flr-001,Solar Flare,20,GOES-P: EXIS 1.0-8.0,5,No Note,2024,Qtr 2,May,13,S18W73,2024
13664,2024,Qtr 2,May,13,M4.9,2024,Qtr 2,May,13,13,2024,Qtr 2,May,13,2024-05-13T08:47:00-Flr-001,Solar Flare,8,GOES-P: EXIS 1.0-8.0,5,"Second Largest Peak In A Long-Duration Eruption/Flare From Active Region 13664. Small Peaks In Goes X-Ray Flux Are Observed Within This Long Duration Flare, But Appear To Correspond To The Same Eruption. These Peaks Include An M1.2, M1.4, And M4.9 Flare Peaking At 2024-05-13T08:20Z, 2024-05-13T08:29Z, And 2024-05-13T09:33Z Respectively.",2024,Qtr 2,May,13,S22W83,2024
13664,2024,Qtr 2,May,13,M6.6,2024,Qtr 2,May,13,13,2024,Qtr 2,May,13,2024-05-13T09:36:00-Flr-001,Solar Flare,9,GOES-P: EXIS 1.0-8.0,5,"Largest Peak In A Long-Duration Eruption/Flare From Active Region 13664. Additional Brightening From S18W80, A Northern Portion Of Ar 3664, Contributed To The Peak X-Ray Flux Value.",2024,Qtr 2,May,13,S22W80,2024
13679,2024,Qtr 2,May,14,C6.5,2024,Qtr 2,May,14,14,2024,Qtr 2,May,14,2024-05-14T04:05:00-Flr-001,Solar Flare,4,GOES-P: EXIS 1.0-8.0,5,"Small Flare Compared To Background, Manually Calculated End Time. Originally Entered To Support A Cme, Which Was Later Determined To Be Unrelated. No Need To Delete This Entry, Though.",2024,Qtr 2,May,14,S09E60,2024
13664,2024,Qtr 2,May,14,M1.0,2024,Qtr 2,May,13,13,2024,Qtr 2,May,14,2024-05-13T18:38:00-Flr-001,Solar Flare,18,GOES-P: EXIS 1.0-8.0,5,No Note,2024,Qtr 2,May,14,S18W85,2024
13664,2024,Qtr 2,May,14,M1.5,2024,Qtr 2,May,13,13,2024,Qtr 2,May,14,2024-05-13T21:48:00-Flr-001,Solar Flare,21,GOES-P: EXIS 1.0-8.0,5,No Note,2024,Qtr 2,May,14,S18W89,2024
13664,2024,Qtr 2,May,14,M2.5,2024,Qtr 2,May,14,14,2024,Qtr 2,May,14,2024-05-14T01:23:00-Flr-001,Solar Flare,1,GOES-P: EXIS 1.0-8.0,5,"Directly Preceding A X1.7 Flare From Ar 3664. Some Simultaneous Brightening Observed In Sdo Aia 131 At Ar 3670 (N20W22), But The Signature At Ar 3664 Is Significantly Brighter.",2024,Qtr 2,May,14,S18W89,2024
13682,2024,Qtr 2,May,14,M4.4,2024,Qtr 2,May,14,14,2024,Qtr 2,May,14,2024-05-14T17:25:00-Flr-001,Solar Flare,17,GOES-P: EXIS 1.0-8.0,5,No Note,2024,Qtr 2,May,14,N18E72,2024
13664,2024,Qtr 2,May,14,X1.2,2024,Qtr 2,May,14,14,2024,Qtr 2,May,14,2024-05-14T12:40:00-Flr-001,Solar Flare,12,GOES-P: EXIS 1.0-8.0,5,"This Flare Occurs Near/Slightly Beyond The Western Limb, But Likely Originates From Former Active Region 13664.",2024,Qtr 2,May,14,S19W90,2024
13664,2024,Qtr 2,May,14,X1.7,2024,Qtr 2,May,14,14,2024,Qtr 2,May,14,2024-05-14T02:03:00-Flr-001,Solar Flare,2,GOES-P: EXIS 1.0-8.0,5,No Note,2024,Qtr 2,May,14,S19W89,2024
13664,2024,Qtr 2,May,14,X8.7,2024,Qtr 2,May,14,14,2024,Qtr 2,May,14,2024-05-14T16:46:00-Flr-001,Solar Flare,16,GOES-P: EXIS 1.0-8.0,5,"Ar 3664 Is Likely ~S19W96 At This Time, But W90 Used As We Cannot Determine This Yet.",2024,Qtr 2,May,14,S19W90,2024
13685,2024,Qtr 2,May,15,M2.9,2024,Qtr 2,May,15,15,2024,Qtr 2,May,15,2024-05-15T13:56:00-Flr-001,Solar Flare,13,GOES-P: EXIS 1.0-8.0,5,"Active Region 3685 Was Numbered On 2024-05-16. Could Be The Return Of Old Ar 3654, Which Had Several M-Class Flares (Including An M9.5) On Its Previous Rotation.",2024,Qtr 2,May,15,S11E90,2024
13685,2024,Qtr 2,May,15,M3.2,2024,Qtr 2,May,15,15,2024,Qtr 2,May,15,2024-05-15T14:10:00-Flr-001,Solar Flare,14,GOES-P: EXIS 1.0-8.0,5,"Active Region 3685 Was Numbered On 2024-05-16. Could Be The Return Of Old Ar 3654, Which Had Several M-Class Flares (Including An M9.5) On Its Previous Rotation.",2024,Qtr 2,May,15,S12E90,2024
13664,2024,Qtr 2,May,15,M3.5,2024,Qtr 2,May,15,15,2024,Qtr 2,May,15,2024-05-15T09:50:00-Flr-001,Solar Flare,9,GOES-P: EXIS 1.0-8.0,5,No Note,2024,Qtr 2,May,15,S25W90,2024
13685,2024,Qtr 2,May,15,X2.9,2024,Qtr 2,May,15,15,2024,Qtr 2,May,15,2024-05-15T14:20:00-Flr-001,Solar Flare,14,GOES-P: EXIS 1.0-8.0,5,"Active Region 3685 Was Numbered On 2024-05-16. Could Be The Return Of Old Ar 3654, Which Had Several M-Class Flares (Including An M9.5) On Its Previous Rotation.",2024,Qtr 2,May,15,S12E90,2024
13664,2024,Qtr 2,May,15,X3.4,2024,Qtr 2,May,15,15,2024,Qtr 2,May,15,2024-05-15T08:18:00-Flr-001,Solar Flare,8,GOES-P: EXIS 1.0-8.0,5,No Note,2024,Qtr 2,May,15,S20W90,2024
13685,2024,Qtr 2,May,16,M1.0,2024,Qtr 2,May,16,16,2024,Qtr 2,May,16,2024-05-16T07:50:00-Flr-001,Solar Flare,7,GOES-P: EXIS 1.0-8.0,5,No Note,2024,Qtr 2,May,16,S10E81,2024
13685,2024,Qtr 2,May,18,M7.2,2024,Qtr 2,May,17,17,2024,Qtr 2,May,18,2024-05-17T20:33:00-Flr-001,Solar Flare,20,GOES-P: EXIS 1.0-8.0,5,No Note,2024,Qtr 2,May,18,S12E67,2024
13685,2024,Qtr 2,May,19,M1.9,2024,Qtr 2,May,19,19,2024,Qtr 2,May,19,2024-05-19T13:37:00-Flr-001,Solar Flare,13,GOES-P: EXIS 1.0-8.0,5,No Note,2024,Qtr 2,May,19,S10E35,2024
13685,2024,Qtr 2,May,19,M2.5,2024,Qtr 2,May,19,19,2024,Qtr 2,May,19,2024-05-19T17:47:00-Flr-001,Solar Flare,17,GOES-P: EXIS 1.0-8.0,5,No Note,2024,Qtr 2,May,19,S10E33,2024
13685,2024,Qtr 2,May,20,M1.6,2024,Qtr 2,May,19,19,2024,Qtr 2,May,20,2024-05-19T21:53:00-Flr-001,Solar Flare,21,GOES-P: EXIS 1.0-8.0,5,No Note,2024,Qtr 2,May,20,S09E35,2024
13683,2024,Qtr 2,May,21,C4.8,2024,Qtr 2,May,21,21,2024,Qtr 2,May,21,2024-05-21T07:20:00-Flr-001,Solar Flare,7,GOES-P: EXIS 1.0-8.0,5,No Note,2024,Qtr 2,May,21,S24W77,2024
13683,2024,Qtr 2,May,21,C6.6,2024,Qtr 2,May,21,21,2024,Qtr 2,May,21,2024-05-21T14:00:00-Flr-001,Solar Flare,14,GOES-P: EXIS 1.0-8.0,5,No Note,2024,Qtr 2,May,21,S23W77,2024
13679,2024,Qtr 2,May,22,M1.2,2024,Qtr 2,May,22,22,2024,Qtr 2,May,22,2024-05-22T13:51:00-Flr-001,Solar Flare,13,GOES-P: EXIS 1.0-8.0,5,No Note,2024,Qtr 2,May,22,S06W58,2024
13679,2024,Qtr 2,May,22,M1.5,2024,Qtr 2,May,22,22,2024,Qtr 2,May,22,2024-05-22T03:02:00-Flr-001,Solar Flare,3,GOES-P: EXIS 1.0-8.0,5,No Note,2024,Qtr 2,May,22,S06W52,2024
13679,2024,Qtr 2,May,22,M1.9,2024,Qtr 2,May,21,21,2024,Qtr 2,May,22,2024-05-21T19:19:00-Flr-001,Solar Flare,19,GOES-P: EXIS 1.0-8.0,5,No Note,2024,Qtr 2,May,22,S06W47,2024
13683,2024,Qtr 2,May,22,M2.3,2024,Qtr 2,May,22,22,2024,Qtr 2,May,22,2024-05-22T03:38:00-Flr-001,Solar Flare,3,GOES-P: EXIS 1.0-8.0,5,No Note,2024,Qtr 2,May,22,S23W89,2024
13679,2024,Qtr 2,May,23,M1.0,2024,Qtr 2,May,23,23,2024,Qtr 2,May,23,2024-05-23T10:03:00-Flr-001,Solar Flare,10,GOES-P: EXIS 1.0-8.0,5,No Note,2024,Qtr 2,May,23,S09W65,2024
13679,2024,Qtr 2,May,23,M1.0,2024,Qtr 2,May,23,23,2024,Qtr 2,May,23,2024-05-23T15:53:00-Flr-001,Solar Flare,15,GOES-P: EXIS 1.0-8.0,5,No Note,2024,Qtr 2,May,23,S08W68,2024
13679,2024,Qtr 2,May,23,M1.7,2024,Qtr 2,May,23,23,2024,Qtr 2,May,23,2024-05-23T04:03:00-Flr-001,Solar Flare,4,GOES-P: EXIS 1.0-8.0,5,No Note,2024,Qtr 2,May,23,S10W62,2024
13679,2024,Qtr 2,May,23,M2.5,2024,Qtr 2,May,23,23,2024,Qtr 2,May,23,2024-05-23T12:48:00-Flr-001,Solar Flare,12,GOES-P: EXIS 1.0-8.0,5,No Note,2024,Qtr 2,May,23,S10W66,2024
13679,2024,Qtr 2,May,23,M4.2,2024,Qtr 2,May,23,23,2024,Qtr 2,May,23,2024-05-23T02:05:00-Flr-001,Solar Flare,2,GOES-P: EXIS 1.0-8.0,5,No Note,2024,Qtr 2,May,23,S09W60,2024
13679,2024,Qtr 2,May,24,M1.0,2024,Qtr 2,May,24,24,2024,Qtr 2,May,24,2024-05-24T07:51:00-Flr-001,Solar Flare,7,GOES-P: EXIS 1.0-8.0,5,No Note,2024,Qtr 2,May,24,S09W77,2024
13685,2024,Qtr 2,May,24,M1.3,2024,Qtr 2,May,24,24,2024,Qtr 2,May,24,2024-05-24T08:08:00-Flr-001,Solar Flare,8,GOES-P: EXIS 1.0-8.0,5,No Note,2024,Qtr 2,May,24,S16W25,2024
13685,2024,Qtr 2,May,24,M1.4,2024,Qtr 2,May,24,24,2024,Qtr 2,May,24,2024-05-24T06:28:00-Flr-001,Solar Flare,6,GOES-P: EXIS 1.0-8.0,5,No Note,2024,Qtr 2,May,24,S11W26,2024
13679,2024,Qtr 2,May,25,M1.4,2024,Qtr 2,May,24,24,2024,Qtr 2,May,25,2024-05-24T20:05:00-Flr-001,Solar Flare,20,GOES-P: EXIS 1.0-8.0,5,No Note,2024,Qtr 2,May,25,S05W89,2024
13697,2024,Qtr 2,May,27,X2.8,2024,Qtr 2,May,27,27,2024,Qtr 2,May,27,2024-05-27T06:49:00-Flr-001,Solar Flare,6,GOES-P: EXIS 1.0-8.0,5,Active Region Is Likely To Old Ar3664 Based On Solar Rotation Calculation.,2024,Qtr 2,May,27,S21E95,2024
13695,2024,Qtr 2,May,29,M1.0,2024,Qtr 2,May,29,29,2024,Qtr 2,May,29,2024-05-29T07:01:00-Flr-001,Solar Flare,7,GOES-P: EXIS 1.0-8.0,5,Simultaneous Flaring From Ar13697.,2024,Qtr 2,May,29,N28E33,2024
13697,2024,Qtr 2,May,29,M1.3,2024,Qtr 2,May,29,29,2024,Qtr 2,May,29,2024-05-29T00:57:00-Flr-001,Solar Flare,0,GOES-P: EXIS 1.0-8.0,5,Simultaneous Flaring From Ar13695 (N28E36).,2024,Qtr 2,May,29,S20E80,2024
13697,2024,Qtr 2,May,29,M1.4,2024,Qtr 2,May,29,29,2024,Qtr 2,May,29,2024-05-29T06:33:00-Flr-001,Solar Flare,6,GOES-P: EXIS 1.0-8.0,5,No Note,2024,Qtr 2,May,29,S22E75,2024
13695,2024,Qtr 2,May,29,M1.8,2024,Qtr 2,May,29,29,2024,Qtr 2,May,29,2024-05-29T11:09:00-Flr-001,Solar Flare,11,GOES-P: EXIS 1.0-8.0,5,No Note,2024,Qtr 2,May,29,N27E29,2024
13697,2024,Qtr 2,May,29,M2.5,2024,Qtr 2,May,29,29,2024,Qtr 2,May,29,2024-05-29T12:45:00-Flr-001,Solar Flare,12,GOES-P: EXIS 1.0-8.0,5,No Note,2024,Qtr 2,May,29,S23E69,2024
13691,2024,Qtr 2,May,29,M2.7,2024,Qtr 2,May,29,29,2024,Qtr 2,May,30,2024-05-29T18:15:00-Flr-001,Solar Flare,18,GOES-P: EXIS 1.0-8.0,5,No Note,2024,Qtr 2,May,29,N27E12,2024
13697,2024,Qtr 2,May,29,M5.9,2024,Qtr 2,May,29,29,2024,Qtr 2,May,29,2024-05-29T15:44:00-Flr-001,Solar Flare,15,GOES-P: EXIS 1.0-8.0,5,Follows Shortly After The X1.4 Flare Also From Ar13679. Start Time Determined Using Visual Inspection Of The Goes-P X-Ray Flux Timeline And Sdo Aia 131 Imagery.,2024,Qtr 2,May,29,S20E80,2024
13697,2024,Qtr 2,May,29,X1.4,2024,Qtr 2,May,29,29,2024,Qtr 2,May,29,2024-05-29T14:11:00-Flr-001,Solar Flare,14,GOES-P: EXIS 1.0-8.0,5,No Note,2024,Qtr 2,May,29,S23E70,2024
13691,2024,Qtr 2,May,30,M1.0,2024,Qtr 2,May,30,30,2024,Qtr 2,May,30,2024-05-30T06:49:00-Flr-001,Solar Flare,6,GOES-P: EXIS 1.0-8.0,5,No Note,2024,Qtr 2,May,30,N29E09,2024
13691,2024,Qtr 2,May,30,M5.7,2024,Qtr 2,May,29,29,2024,Qtr 2,May,30,2024-05-29T18:32:00-Flr-001,Solar Flare,18,GOES-P: EXIS 1.0-8.0,5,Simultaneous Brightening From Ar13697 (Still Decaying From X1.4 And M5.9 Flares).,2024,Qtr 2,May,30,N27E10,2024
13697,2024,Qtr 2,May,31,M1.0,2024,Qtr 2,May,31,31,2024,Qtr 2,May,31,2024-05-31T11:06:00-Flr-001,Solar Flare,11,GOES-P: EXIS 1.0-8.0,5,No Note,2024,Qtr 2,May,31,S17E43,2024
13697,2024,Qtr 2,June,1,X1.0,2024,Qtr 2,June,1,1,2024,Qtr 2,June,2,2024-06-01T18:24:00-Flr-001,Solar Flare,18,GOES-P: EXIS 1.0-8.0,6,No Note,2024,Qtr 2,June,2,S20E22,2024
13697,2024,Qtr 2,June,1,X1.1,2024,Qtr 2,May,31,31,2024,Qtr 2,June,1,2024-05-31T21:52:00-Flr-001,Solar Flare,21,GOES-P: EXIS 1.0-8.0,5,No Note,2024,Qtr 2,June,1,S17E34,2024
13697,2024,Qtr 2,June,1,X1.4,2024,Qtr 2,June,1,1,2024,Qtr 2,June,1,2024-06-01T08:26:00-Flr-001,Solar Flare,8,GOES-P: EXIS 1.0-8.0,6,No Note,2024,Qtr 2,June,1,S20E27,2024
13697,2024,Qtr 2,June,2,M1.2,2024,Qtr 2,June,2,2,2024,Qtr 2,June,2,2024-06-02T04:41:00-Flr-001,Solar Flare,4,GOES-P: EXIS 1.0-8.0,6,No Note,2024,Qtr 2,June,2,S18E18,2024
13697,2024,Qtr 2,June,2,M2.0,2024,Qtr 2,June,2,2,2024,Qtr 2,June,2,2024-06-02T08:40:00-Flr-001,Solar Flare,8,GOES-P: EXIS 1.0-8.0,6,No Note,2024,Qtr 2,June,2,S18E16,2024
13697,2024,Qtr 2,June,2,M7.3,2024,Qtr 2,June,1,1,2024,Qtr 2,June,2,2024-06-01T19:03:00-Flr-001,Solar Flare,19,GOES-P: EXIS 1.0-8.0,6,No Note,2024,Qtr 2,June,2,S20E21,2024
13697,2024,Qtr 2,June,3,M1.0,2024,Qtr 2,June,3,3,2024,Qtr 2,June,3,2024-06-03T04:59:00-Flr-001,Solar Flare,4,GOES-P: EXIS 1.0-8.0,6,No Note,2024,Qtr 2,June,3,S18E04,2024
13997,2024,Qtr 2,June,3,M2.8,2024,Qtr 2,June,3,3,2024,Qtr 2,June,3,2024-06-03T12:18:00-Flr-001,Solar Flare,12,GOES-P: EXIS 1.0-8.0,6,No Note,2024,Qtr 2,June,3,S19W01,2024
13697,2024,Qtr 2,June,3,M3.2,2024,Qtr 2,June,3,3,2024,Qtr 2,June,3,2024-06-03T11:49:00-Flr-001,Solar Flare,11,GOES-P: EXIS 1.0-8.0,6,No Note,2024,Qtr 2,June,3,S19W01,2024
13695,2024,Qtr 2,June,3,M4.8,2024,Qtr 2,June,3,3,2024,Qtr 2,June,3,2024-06-03T13:58:00-Flr-001,Solar Flare,13,GOES-P: EXIS 1.0-8.0,6,No Note,2024,Qtr 2,June,3,N27W40,2024
13697,2024,Qtr 2,June,4,M1.6,2024,Qtr 2,June,4,4,2024,Qtr 2,June,4,2024-06-04T08:57:00-Flr-001,Solar Flare,8,GOES-P: EXIS 1.0-8.0,6,No Note,2024,Qtr 2,June,4,S20W13,2024
13697,2024,Qtr 2,June,4,M2.4,2024,Qtr 2,June,4,4,2024,Qtr 2,June,4,2024-06-04T06:09:00-Flr-001,Solar Flare,6,GOES-P: EXIS 1.0-8.0,6,No Note,2024,Qtr 2,June,4,S20W10,2024
13697,2024,Qtr 2,June,5,M2.6,2024,Qtr 2,June,5,5,2024,Qtr 2,June,5,2024-06-05T09:52:00-Flr-001,Solar Flare,9,GOES-P: EXIS 1.0-8.0,6,No Note,2024,Qtr 2,June,5,S22W26,2024
13697,2024,Qtr 2,June,5,M3.4,2024,Qtr 2,June,5,5,2024,Qtr 2,June,5,2024-06-05T08:32:00-Flr-001,Solar Flare,8,GOES-P: EXIS 1.0-8.0,6,No Note,2024,Qtr 2,June,5,S22W26,2024
13697,2024,Qtr 2,June,6,M6.1,2024,Qtr 2,June,6,6,2024,Qtr 2,June,6,2024-06-06T14:50:00-Flr-001,Solar Flare,14,GOES-P: EXIS 1.0-8.0,6,No Note,2024,Qtr 2,June,6,S20W43,2024
13697,2024,Qtr 2,June,7,M1.2,2024,Qtr 2,June,7,7,2024,Qtr 2,June,7,2024-06-07T16:11:00-Flr-001,Solar Flare,16,GOES-P: EXIS 1.0-8.0,6,No Note,2024,Qtr 2,June,7,S19W50,2024
13709,2024,Qtr 2,June,7,M4.0,2024,Qtr 2,June,7,7,2024,Qtr 2,June,7,2024-06-07T08:52:00-Flr-001,Solar Flare,8,GOES-P: EXIS 1.0-8.0,6,No Note,2024,Qtr 2,June,7,S10E80,2024
13709,2024,Qtr 2,June,8,M1.2,2024,Qtr 2,June,8,8,2024,Qtr 2,June,8,2024-06-08T08:34:00-Flr-001,Solar Flare,8,GOES-P: EXIS 1.0-8.0,6,No Note,2024,Qtr 2,June,8,S10E68,2024
13697,2024,Qtr 2,June,8,M1.2,2024,Qtr 2,June,8,8,2024,Qtr 2,June,8,2024-06-08T08:54:00-Flr-001,Solar Flare,8,GOES-P: EXIS 1.0-8.0,6,No Note,2024,Qtr 2,June,8,S18W73,2024
13709,2024,Qtr 2,June,8,M1.5,2024,Qtr 2,June,8,8,2024,Qtr 2,June,8,2024-06-08T05:17:00-Flr-001,Solar Flare,5,GOES-P: EXIS 1.0-8.0,6,Simultaneous Flaring Is Also Observed From Active Region 13697 (S18W64).,2024,Qtr 2,June,8,S11E68,2024
13697,2024,Qtr 2,June,8,M1.6,2024,Qtr 2,June,8,8,2024,Qtr 2,June,8,2024-06-08T03:13:00-Flr-001,Solar Flare,3,GOES-P: EXIS 1.0-8.0,6,No Note,2024,Qtr 2,June,8,S18W65,2024
13709,2024,Qtr 2,June,8,M1.8,2024,Qtr 2,June,8,8,2024,Qtr 2,June,8,2024-06-08T00:18:00-Flr-001,Solar Flare,0,GOES-P: EXIS 1.0-8.0,6,Simultaneous Flaring From Ar13707 (S15E45).,2024,Qtr 2,June,8,S10E73,2024
13697,2024,Qtr 2,June,8,M3.3,2024,Qtr 2,June,8,8,2024,Qtr 2,June,8,2024-06-08T00:39:00-Flr-001,Solar Flare,0,GOES-P: EXIS 1.0-8.0,6,Simultaneous Flaring From Ar13707 (S15E45) And Ar13709 (S10E73).,2024,Qtr 2,June,8,S20W68,2024
13697,2024,Qtr 2,June,8,M9.7,2024,Qtr 2,June,8,8,2024,Qtr 2,June,8,2024-06-08T01:23:00-Flr-001,Solar Flare,1,GOES-P: EXIS 1.0-8.0,6,No Note,2024,Qtr 2,June,8,S17W68,2024
13703,2024,Qtr 2,June,9,M1.0,2024,Qtr 2,June,8,8,2024,Qtr 2,June,9,2024-06-08T20:53:00-Flr-001,Solar Flare,20,GOES-P: EXIS 1.0-8.0,6,No Note,2024,Qtr 2,June,9,S09W44,2024
13709,2024,Qtr 2,June,9,M1.2,2024,Qtr 2,June,9,9,2024,Qtr 2,June,9,2024-06-09T08:02:00-Flr-001,Solar Flare,8,GOES-P: EXIS 1.0-8.0,6,No Note,2024,Qtr 2,June,9,S09E55,2024
13697,2024,Qtr 2,June,9,M1.6,2024,Qtr 2,June,9,9,2024,Qtr 2,June,9,2024-06-09T06:49:00-Flr-001,Solar Flare,6,GOES-P: EXIS 1.0-8.0,6,No Note,2024,Qtr 2,June,9,S17W80,2024
13697,2024,Qtr 2,June,10,M1.0,2024,Qtr 2,June,9,9,2024,Qtr 2,June,10,2024-06-09T19:50:00-Flr-001,Solar Flare,19,GOES-P: EXIS 1.0-8.0,6,No Note,2024,Qtr 2,June,10,S17W89,2024
13697,2024,Qtr 2,June,10,M1.3,2024,Qtr 2,June,10,10,2024,Qtr 2,June,10,2024-06-10T13:20:00-Flr-001,Solar Flare,13,GOES-P: EXIS 1.0-8.0,6,Oculted Flare From Behind The Limb.,2024,Qtr 2,June,10,S17W93,2024
13697,2024,Qtr 2,June,10,M2.2,2024,Qtr 2,June,10,10,2024,Qtr 2,June,10,2024-06-10T09:38:00-Flr-001,Solar Flare,9,GOES-P: EXIS 1.0-8.0,6,No Note,2024,Qtr 2,June,10,S17W91,2024
13697,2024,Qtr 2,June,10,M3.3,2024,Qtr 2,June,10,10,2024,Qtr 2,June,10,2024-06-10T05:58:00-Flr-001,Solar Flare,5,GOES-P: EXIS 1.0-8.0,6,No Note,2024,Qtr 2,June,10,S17W90,2024
13697,2024,Qtr 2,June,10,M5.3,2024,Qtr 2,June,10,10,2024,Qtr 2,June,10,2024-06-10T10:18:00-Flr-001,Solar Flare,10,GOES-P: EXIS 1.0-8.0,6,No Note,2024,Qtr 2,June,10,S18W91,2024
13697,2024,Qtr 2,June,10,M9.5,2024,Qtr 2,June,10,10,2024,Qtr 2,June,11,2024-06-10T18:11:00-Flr-001,Solar Flare,18,GOES-P: EXIS 1.0-8.0,6,Occulted Flare From Behind The Limb.,2024,Qtr 2,June,11,S18W96,2024
13697,2024,Qtr 2,June,10,X1.5,2024,Qtr 2,June,10,10,2024,Qtr 2,June,10,2024-06-10T11:03:00-Flr-001,Solar Flare,11,GOES-P: EXIS 1.0-8.0,6,Occulted Flare.,2024,Qtr 2,June,10,S18W92,2024
13711,2024,Qtr 2,June,13,M1.2,2024,Qtr 2,June,12,12,2024,Qtr 2,June,13,2024-06-12T22:24:00-Flr-001,Solar Flare,22,GOES-P: EXIS 1.0-8.0,6,No Note,2024,Qtr 2,June,13,S12E12,2024
13713,2024,Qtr 2,June,13,M3.2,2024,Qtr 2,June,13,13,2024,Qtr 2,June,13,2024-06-13T16:34:00-Flr-001,Solar Flare,16,GOES-P: EXIS 1.0-8.0,6,No Note,2024,Qtr 2,June,13,S17E62,2024
13712,2024,Qtr 2,June,14,M2.4,2024,Qtr 2,June,14,14,2024,Qtr 2,June,14,2024-06-14T04:14:00-Flr-001,Solar Flare,4,GOES-P: EXIS 1.0-8.0,6,No Note,2024,Qtr 2,June,14,S24E39,2024
13712,2024,Qtr 2,June,15,M1.3,2024,Qtr 2,June,15,15,2024,Qtr 2,June,15,2024-06-15T06:00:00-Flr-001,Solar Flare,6,GOES-P: EXIS 1.0-8.0,6,No Note,2024,Qtr 2,June,15,S25E24,2024
13712,2024,Qtr 2,June,17,M1.5,2024,Qtr 2,June,17,17,2024,Qtr 2,June,17,2024-06-17T07:54:00-Flr-001,Solar Flare,7,GOES-P: EXIS 1.0-8.0,6,No Note,2024,Qtr 2,June,17,S25W00,2024
13712,2024,Qtr 2,June,17,M1.5,2024,Qtr 2,June,17,17,2024,Qtr 2,June,17,2024-06-17T10:42:00-Flr-001,Solar Flare,10,GOES-P: EXIS 1.0-8.0,6,No Note,2024,Qtr 2,June,17,S25W12,2024
13712,2024,Qtr 2,June,18,M1.1,2024,Qtr 2,June,18,18,2024,Qtr 2,June,18,2024-06-18T12:11:00-Flr-001,Solar Flare,12,GOES-P: EXIS 1.0-8.0,6,No Note,2024,Qtr 2,June,18,S26W19,2024
13711,2024,Qtr 2,June,18,M1.3,2024,Qtr 2,June,17,17,2024,Qtr 2,June,18,2024-06-17T19:57:00-Flr-001,Solar Flare,19,GOES-P: EXIS 1.0-8.0,6,No Note,2024,Qtr 2,June,18,S10W52,2024
13712,2024,Qtr 2,June,18,M2.4,2024,Qtr 2,June,18,18,2024,Qtr 2,June,18,2024-06-18T11:14:00-Flr-001,Solar Flare,11,GOES-P: EXIS 1.0-8.0,6,No Note,2024,Qtr 2,June,18,S26W18,2024
13711,2024,Qtr 2,June,19,M1.1,2024,Qtr 2,June,19,19,2024,Qtr 2,June,19,2024-06-19T06:15:00-Flr-001,Solar Flare,6,GOES-P: EXIS 1.0-8.0,6,No Note,2024,Qtr 2,June,19,S12W76,2024
13719,2024,Qtr 2,June,20,M1.1,2024,Qtr 2,June,20,20,2024,Qtr 2,June,20,2024-06-20T15:09:00-Flr-001,Solar Flare,15,GOES-P: EXIS 1.0-8.0,6,No Note,2024,Qtr 2,June,20,S15E60,2024
13719,2024,Qtr 2,June,21,M5.7,2024,Qtr 2,June,20,20,2024,Qtr 2,June,21,2024-06-20T23:00:00-Flr-001,Solar Flare,23,GOES-P: EXIS 1.0-8.0,6,There Is A Significant Sympathetic Flare In Active Region 13712 (S24W53) At The Same Time.,2024,Qtr 2,June,21,S16E55,2024
13720,2024,Qtr 2,June,22,M1.0,2024,Qtr 2,June,22,22,2024,Qtr 2,June,22,2024-06-22T11:00:00-Flr-001,Solar Flare,11,GOES-P: EXIS 1.0-8.0,6,No Note,2024,Qtr 2,June,22,S07E48,2024
13723,2024,Qtr 2,June,22,M1.2,2024,Qtr 2,June,22,22,2024,Qtr 2,June,22,2024-06-22T04:22:00-Flr-001,Solar Flare,4,GOES-P: EXIS 1.0-8.0,6,This Flare Occurred From An Unnumbered Region Near The Eastern Limb Which Was Lately Numbered As Ar 3723,2024,Qtr 2,June,22,S19E90,2024
13716,2024,Qtr 2,June,22,M2.8,2024,Qtr 2,June,22,22,2024,Qtr 2,June,22,2024-06-22T08:43:00-Flr-001,Solar Flare,8,GOES-P: EXIS 1.0-8.0,6,No Note,2024,Qtr 2,June,22,N11W63,2024
13712,2024,Qtr 2,June,23,M1.2,2024,Qtr 2,June,23,23,2024,Qtr 2,June,23,2024-06-23T11:26:00-Flr-001,Solar Flare,11,GOES-P: EXIS 1.0-8.0,6,No Note,2024,Qtr 2,June,23,S27W86,2024
13716,2024,Qtr 2,June,23,M2.4,2024,Qtr 2,June,23,23,2024,Qtr 2,June,23,2024-06-23T06:16:00-Flr-001,Solar Flare,6,GOES-P: EXIS 1.0-8.0,6,No Note,2024,Qtr 2,June,23,N10W75,2024
13723,2024,Qtr 2,June,23,M9.3,2024,Qtr 2,June,23,23,2024,Qtr 2,June,23,2024-06-23T12:51:00-Flr-001,Solar Flare,12,GOES-P: EXIS 1.0-8.0,6,No Note,2024,Qtr 2,June,23,S19E75,2024
13712,2024,Qtr 2,June,24,M1.0,2024,Qtr 2,June,24,24,2024,Qtr 2,June,24,2024-06-24T07:43:00-Flr-001,Solar Flare,7,GOES-P: EXIS 1.0-8.0,6,"An Occulted Flare Close To The Sw Limb, In The Vicinity Of Ar 3712 Which Had Rotated Behind The Limb.",2024,Qtr 2,June,24,S25W94,2024
13720,2024,Qtr 2,June,24,M1.1,2024,Qtr 2,June,24,24,2024,Qtr 2,June,24,2024-06-24T11:09:00-Flr-001,Solar Flare,11,GOES-P: EXIS 1.0-8.0,6,No Note,2024,Qtr 2,June,24,S05E17,2024
13713,2024,Qtr 2,June,24,M1.2,2024,Qtr 2,June,24,24,2024,Qtr 2,June,24,2024-06-24T06:59:00-Flr-001,Solar Flare,6,GOES-P: EXIS 1.0-8.0,6,Occulted Flare On Or From Behind The Limb In The Vicinity Of Active Region 13713.,2024,Qtr 2,June,24,S09W90,2024
13712,2024,Qtr 2,June,24,M1.3,2024,Qtr 2,June,24,24,2024,Qtr 2,June,24,2024-06-24T04:08:00-Flr-001,Solar Flare,4,GOES-P: EXIS 1.0-8.0,6,Occulted Flare From Active Region 3712 Which Had Just Rotated Beyond The West Limb.,2024,Qtr 2,June,24,S25W92,2024
13713,2024,Qtr 2,June,24,M1.5,2024,Qtr 2,June,24,24,2024,Qtr 2,June,24,2024-06-24T11:44:00-Flr-001,Solar Flare,11,GOES-P: EXIS 1.0-8.0,6,Flare Is Really Close To The West Limb. Using The Longitude Of The Active Region That Likely Produced The Flare.,2024,Qtr 2,June,24,S12W84,2024
13712,2024,Qtr 2,June,24,M1.8,2024,Qtr 2,June,24,24,2024,Qtr 2,June,24,2024-06-24T04:45:00-Flr-001,Solar Flare,4,GOES-P: EXIS 1.0-8.0,6,Another Occulted Flare From Active Region 3712 That Recently Rotated Beyond The Limb.,2024,Qtr 2,June,24,S25W93,2024
13723,2024,Qtr 2,June,25,M1.0,2024,Qtr 2,June,25,25,2024,Qtr 2,June,25,2024-06-25T12:26:00-Flr-001,Solar Flare,12,GOES-P: EXIS 1.0-8.0,6,No Note,2024,Qtr 2,June,25,S18E61,2024
13713,2024,Qtr 2,June,25,M1.1,2024,Qtr 2,June,24,24,2024,Qtr 2,June,25,2024-06-24T19:02:00-Flr-001,Solar Flare,19,GOES-P: EXIS 1.0-8.0,6,No Note,2024,Qtr 2,June,25,S14W89,2024
13728,2024,Qtr 2,June,26,C6.2,2024,Qtr 2,June,26,26,2024,Qtr 2,June,26,2024-06-26T14:42:00-Flr-001,Solar Flare,14,GOES-P: EXIS 1.0-8.0,6,"Start, Peak, And End Time Manually Calculated From Goes-P X-Ray Flux Data Due To The Long Duration Nature Of This Flare. Start Time Selected As The First Notable Increase In Brightening In Sdo Aia 131, As The Flare Gradually Brightens As Opposed To A Sharp, Noticeable Uptick In The Flux.",2024,Qtr 2,June,26,S25E46,2024
13719,2024,Qtr 2,June,27,C2.0,2024,Qtr 2,June,27,27,2024,Qtr 2,June,27,2024-06-27T17:02:00-Flr-001,Solar Flare,17,GOES-P: EXIS 1.0-8.0,6,No Note,2024,Qtr 2,June,27,S17W42,2024
13719,2024,Qtr 2,June,29,C2.3,2024,Qtr 2,June,29,29,2024,Qtr 2,June,29,2024-06-29T13:08:00-Flr-001,Solar Flare,13,GOES-P: EXIS 1.0-8.0,6,No Note,2024,Qtr 2,June,29,S18W60,2024
13734,2024,Qtr 2,June,30,C2.1,2024,Qtr 2,June,30,30,2024,Qtr 2,June,30,2024-06-30T15:25:00-Flr-001,Solar Flare,15,GOES-P: EXIS 1.0-8.0,6,No Note,2024,Qtr 2,June,30,N10E63,2024
13730,2024,Qtr 3,July,1,M2.1,2024,Qtr 3,July,1,1,2024,Qtr 3,July,1,2024-07-01T10:51:00-Flr-001,Solar Flare,10,GOES-P: EXIS 1.0-8.0,7,No Note,2024,Qtr 3,July,1,S19W38,2024
13730,2024,Qtr 3,July,3,C4.7,2024,Qtr 3,July,2,2,2024,Qtr 3,July,3,2024-07-02T20:45:00-Flr-001,Solar Flare,20,GOES-P: EXIS 1.0-8.0,7,No Note,2024,Qtr 3,July,3,S19W57,2024
13730,2024,Qtr 3,July,3,M1.5,2024,Qtr 3,July,3,3,2024,Qtr 3,July,3,2024-07-03T07:29:00-Flr-001,Solar Flare,7,GOES-P: EXIS 1.0-8.0,7,No Note,2024,Qtr 3,July,3,S19W62,2024
13723,2024,Qtr 3,July,4,M1.0,2024,Qtr 3,July,4,4,2024,Qtr 3,July,4,2024-07-04T14:06:00-Flr-001,Solar Flare,14,GOES-P: EXIS 1.0-8.0,7,No Note,2024,Qtr 3,July,4,S21W74,2024
13730,2024,Qtr 3,July,5,M1.4,2024,Qtr 3,July,4,4,2024,Qtr 3,July,5,2024-07-04T19:54:00-Flr-001,Solar Flare,19,GOES-P: EXIS 1.0-8.0,7,No Note,2024,Qtr 3,July,5,S20W85,2024
13738,2024,Qtr 3,July,7,M1.0,2024,Qtr 3,July,6,6,2024,Qtr 3,July,7,2024-07-06T22:52:00-Flr-001,Solar Flare,22,GOES-P: EXIS 1.0-8.0,7,There Is Simultaneous Brightening Visible Near S20W90 Which May Have Contributed To This M1.0 Flare Observed Primarily From Active Region 13738.,2024,Qtr 3,July,7,S10E60,2024
13740,2024,Qtr 3,July,8,C4.2,2024,Qtr 3,July,8,8,2024,Qtr 3,July,8,2024-07-08T11:05:00-Flr-001,Solar Flare,11,GOES-P: EXIS 1.0-8.0,7,No Note,2024,Qtr 3,July,8,S18W24,2024
0,2024,Qtr 3,July,8,M1.0,2024,Qtr 3,July,7,7,2024,Qtr 3,July,8,2024-07-07T19:38:00-Flr-001,Solar Flare,19,GOES-P: EXIS 1.0-8.0,7,"This Flare Occurred From A Region Near The Eastern Limb Which Was Unnumbered And Still Rotating Onto The Earth-Facing Disk. This Flare Occurred North Of Ar 3742, Which Was Numbered On 2024-07-09, And May Be Associated With Ar 3745, Which Was Numbered On 2024-07-10.",2024,Qtr 3,July,8,S18E90,2024
13738,2024,Qtr 3,July,8,M1.0,2024,Qtr 3,July,7,7,2024,Qtr 3,July,8,2024-07-07T23:20:00-Flr-001,Solar Flare,23,GOES-P: EXIS 1.0-8.0,7,"Goes X-Ray Flux Was Previously Elevated Near M-Class Levels Due To Flaring Activity From An Unnumbered Region Near The Southeast Limb. The Main Contributor To This M1.0 Flare Was Active Region 13738, But It Is Possible There Is Minor Contribution From The Southeast Unnumbered Region As Well.",2024,Qtr 3,July,8,S10E45,2024
13742,2024,Qtr 3,July,8,M1.1,2024,Qtr 3,July,7,7,2024,Qtr 3,July,8,2024-07-07T21:42:00-Flr-001,Solar Flare,21,GOES-P: EXIS 1.0-8.0,7,This Flare Occurred From A Region Near The Eastern Limb Which Was Unnumbered And Still Rotating Onto The Earth-Facing Disk. Ar 3742 Was Numbered On 2024-07-09 And Is Believed To Be The Source Of This Flare.,2024,Qtr 3,July,8,S26E90,2024
13742,2024,Qtr 3,July,8,M1.1,2024,Qtr 3,July,8,8,2024,Qtr 3,July,8,2024-07-08T12:34:00-Flr-001,Solar Flare,12,GOES-P: EXIS 1.0-8.0,7,This Flare Occurred From A Region Near The Eastern Limb Which Was At The Moment Unnumbered And Still Rotating Onto The Earth-Facing Disk. Ar 3742 Was Numbered On 2024-07-09.,2024,Qtr 3,July,8,S26E78,2024
13742,2024,Qtr 3,July,8,M1.3,2024,Qtr 3,July,7,7,2024,Qtr 3,July,8,2024-07-07T21:14:00-Flr-001,Solar Flare,21,GOES-P: EXIS 1.0-8.0,7,This Flare Occurred From A Region Near The Eastern Limb Which Was Unnumbered And Still Rotating Onto The Earth-Facing Disk. Ar 3742 Was Numbered On 2024-07-09 And Is Believed To Be The Source Of This Flare.,2024,Qtr 3,July,8,S25E90,2024
13742,2024,Qtr 3,July,8,M1.4,2024,Qtr 3,July,7,7,2024,Qtr 3,July,8,2024-07-07T21:54:00-Flr-001,Solar Flare,21,GOES-P: EXIS 1.0-8.0,7,This Flare Occurred From A Region Near The Eastern Limb Which Was Unnumbered And Still Rotating Onto The Earth-Facing Disk. Ar 3742 Was Numbered On 2024-07-09 And Is Believed To Be The Source Of This Flare.,2024,Qtr 3,July,8,S26E90,2024
13742,2024,Qtr 3,July,8,M2.4,2024,Qtr 3,July,7,7,2024,Qtr 3,July,8,2024-07-07T22:04:00-Flr-001,Solar Flare,22,GOES-P: EXIS 1.0-8.0,7,This Flare Occurred From A Region Near The Eastern Limb Which Was Unnumbered And Still Rotating Onto The Earth-Facing Disk. Ar 3742 Was Numbered On 2024-07-09 And Is Believed To Be The Source Of This Flare.,2024,Qtr 3,July,8,S25E90,2024
13738,2024,Qtr 3,July,9,C5.6,2024,Qtr 3,July,9,9,2024,Qtr 3,July,9,2024-07-09T05:44:00-Flr-001,Solar Flare,5,GOES-P: EXIS 1.0-8.0,7,No Note,2024,Qtr 3,July,9,S08E27,2024
13738,2024,Qtr 3,July,10,M1.0,2024,Qtr 3,July,10,10,2024,Qtr 3,July,10,2024-07-10T15:25:00-Flr-001,Solar Flare,15,GOES-P: EXIS 1.0-8.0,7,No Note,2024,Qtr 3,July,10,S10E05,2024
13738,2024,Qtr 3,July,10,M1.1,2024,Qtr 3,July,10,10,2024,Qtr 3,July,10,2024-07-10T12:51:00-Flr-001,Solar Flare,12,GOES-P: EXIS 1.0-8.0,7,"This Brightening Spans Over The Active Region, Which Extends From About S12E10 To S10E00 At The Time Of This Flaring. The Brightest Portion Is Centered At About S09E04 At The Peak Time Of This Flaring.",2024,Qtr 3,July,10,S09E04,2024
13738,2024,Qtr 3,July,10,M1.3,2024,Qtr 3,July,10,10,2024,Qtr 3,July,10,2024-07-10T09:26:00-Flr-001,Solar Flare,9,GOES-P: EXIS 1.0-8.0,7,No Note,2024,Qtr 3,July,10,S12E09,2024
13738,2024,Qtr 3,July,10,M1.4,2024,Qtr 3,July,10,10,2024,Qtr 3,July,10,2024-07-10T11:44:00-Flr-001,Solar Flare,11,GOES-P: EXIS 1.0-8.0,7,No Note,2024,Qtr 3,July,10,S10E06,2024
13738,2024,Qtr 3,July,10,M1.5,2024,Qtr 3,July,10,10,2024,Qtr 3,July,10,2024-07-10T05:44:00-Flr-001,Solar Flare,5,GOES-P: EXIS 1.0-8.0,7,No Note,2024,Qtr 3,July,10,S10E10,2024
13745,2024,Qtr 3,July,11,M1.2,2024,Qtr 3,July,11,11,2024,Qtr 3,July,11,2024-07-11T04:03:00-Flr-001,Solar Flare,4,GOES-P: EXIS 1.0-8.0,7,There Is Also A Slightly Later M1.3 Class Flare From Active Region 3738.,2024,Qtr 3,July,11,S20E56,2024
13738,2024,Qtr 3,July,11,M1.2,2024,Qtr 3,July,11,11,2024,Qtr 3,July,11,2024-07-11T04:29:00-Flr-001,Solar Flare,4,GOES-P: EXIS 1.0-8.0,7,"Double Peaked Flare From Ar 3738, With The First Peak At 2024-07-11T04:23Z(With Intensity Of M1.3)",2024,Qtr 3,July,11,S12W09,2024
13738,2024,Qtr 3,July,11,M1.2,2024,Qtr 3,July,11,11,2024,Qtr 3,July,11,2024-07-11T06:17:00-Flr-001,Solar Flare,6,GOES-P: EXIS 1.0-8.0,7,No Note,2024,Qtr 3,July,11,S10W11,2024
13738,2024,Qtr 3,July,11,M1.3,2024,Qtr 3,July,11,11,2024,Qtr 3,July,11,2024-07-11T04:20:00-Flr-001,Solar Flare,4,GOES-P: EXIS 1.0-8.0,7,"Double Peaked Flare From Ar 3738, With The Second Peak At 2024-07-11T04:32Z (With Intensity Of M1.2)",2024,Qtr 3,July,11,S10W15,2024
13738,2024,Qtr 3,July,13,M1.4,2024,Qtr 3,July,13,13,2024,Qtr 3,July,13,2024-07-13T02:55:00-Flr-001,Solar Flare,2,GOES-P: EXIS 1.0-8.0,7,The Source Is In The Western Part Of Active Region 3738.,2024,Qtr 3,July,13,S10W40,2024
13745,2024,Qtr 3,July,13,M1.8,2024,Qtr 3,July,13,13,2024,Qtr 3,July,13,2024-07-13T14:59:00-Flr-001,Solar Flare,14,GOES-P: EXIS 1.0-8.0,7,No Note,2024,Qtr 3,July,13,S17E20,2024
13745,2024,Qtr 3,July,13,M1.9,2024,Qtr 3,July,13,13,2024,Qtr 3,July,13,2024-07-13T15:41:00-Flr-001,Solar Flare,15,GOES-P: EXIS 1.0-8.0,7,Simultaneous Flaring From Ar13745 And Ar13738.,2024,Qtr 3,July,13,S17E20,2024
13738,2024,Qtr 3,July,13,M5.3,2024,Qtr 3,July,13,13,2024,Qtr 3,July,13,2024-07-13T12:21:00-Flr-001,Solar Flare,12,GOES-P: EXIS 1.0-8.0,7,No Note,2024,Qtr 3,July,13,S06W42,2024
13738,2024,Qtr 3,July,14,M1.0,2024,Qtr 3,July,13,13,2024,Qtr 3,July,14,2024-07-13T19:25:00-Flr-001,Solar Flare,19,GOES-P: EXIS 1.0-8.0,7,Impulsive Flare.,2024,Qtr 3,July,14,S05W45,2024
13751,2024,Qtr 3,July,14,M1.0,2024,Qtr 3,July,14,14,2024,Qtr 3,July,14,2024-07-14T03:48:00-Flr-001,Solar Flare,3,GOES-P: EXIS 1.0-8.0,7,No Note,2024,Qtr 3,July,14,S08E85,2024
13738,2024,Qtr 3,July,14,M1.0,2024,Qtr 3,July,14,14,2024,Qtr 3,July,14,2024-07-14T10:16:00-Flr-001,Solar Flare,10,GOES-P: EXIS 1.0-8.0,7,No Note,2024,Qtr 3,July,14,S13W45,2024
13738,2024,Qtr 3,July,14,M1.7,2024,Qtr 3,July,14,14,2024,Qtr 3,July,14,2024-07-14T01:05:00-Flr-001,Solar Flare,1,GOES-P: EXIS 1.0-8.0,7,No Note,2024,Qtr 3,July,14,S07W50,2024
13738,2024,Qtr 3,July,14,M3.0,2024,Qtr 3,July,14,14,2024,Qtr 3,July,14,2024-07-14T04:05:00-Flr-001,Solar Flare,4,GOES-P: EXIS 1.0-8.0,7,No Note,2024,Qtr 3,July,14,S07W52,2024
13738,2024,Qtr 3,July,14,M5.0,2024,Qtr 3,July,13,13,2024,Qtr 3,July,14,2024-07-13T22:44:00-Flr-001,Solar Flare,22,GOES-P: EXIS 1.0-8.0,7,No Note,2024,Qtr 3,July,14,S05W46,2024
13738,2024,Qtr 3,July,14,X1.2,2024,Qtr 3,July,14,14,2024,Qtr 3,July,14,2024-07-14T02:23:00-Flr-001,Solar Flare,2,GOES-P: EXIS 1.0-8.0,7,No Note,2024,Qtr 3,July,14,S12W39,2024
13738,2024,Qtr 3,July,15,M1.0,2024,Qtr 3,July,14,14,2024,Qtr 3,July,15,2024-07-14T20:50:00-Flr-001,Solar Flare,20,GOES-P: EXIS 1.0-8.0,7,No Note,2024,Qtr 3,July,15,S09W51,2024
13738,2024,Qtr 3,July,15,M1.1,2024,Qtr 3,July,15,15,2024,Qtr 3,July,15,2024-07-15T10:36:00-Flr-001,Solar Flare,10,GOES-P: EXIS 1.0-8.0,7,No Note,2024,Qtr 3,July,15,S10W64,2024
13738,2024,Qtr 3,July,15,M1.2,2024,Qtr 3,July,15,15,2024,Qtr 3,July,15,2024-07-15T03:29:00-Flr-001,Solar Flare,3,GOES-P: EXIS 1.0-8.0,7,No Note,2024,Qtr 3,July,15,S12W54,2024
13738,2024,Qtr 3,July,15,M1.9,2024,Qtr 3,July,15,15,2024,Qtr 3,July,15,2024-07-15T10:08:00-Flr-001,Solar Flare,10,GOES-P: EXIS 1.0-8.0,7,No Note,2024,Qtr 3,July,15,S06W60,2024
13738,2024,Qtr 3,July,15,M2.7,2024,Qtr 3,July,15,15,2024,Qtr 3,July,15,2024-07-15T09:21:00-Flr-001,Solar Flare,9,GOES-P: EXIS 1.0-8.0,7,Also There Is A Sympathetic Eruption From The Active Region On The Ne Limb.,2024,Qtr 3,July,15,S05W65,2024
13744,2024,Qtr 3,July,16,M1.4,2024,Qtr 3,July,16,16,2024,Qtr 3,July,16,2024-07-16T02:49:00-Flr-001,Solar Flare,2,GOES-P: EXIS 1.0-8.0,7,No Note,2024,Qtr 3,July,16,N16E02,2024
13753,2024,Qtr 3,July,16,M3.6,2024,Qtr 3,July,16,16,2024,Qtr 3,July,16,2024-07-16T07:24:00-Flr-001,Solar Flare,7,GOES-P: EXIS 1.0-8.0,7,No Note,2024,Qtr 3,July,16,N11W27,2024
13738,2024,Qtr 3,July,16,X1.9,2024,Qtr 3,July,16,16,2024,Qtr 3,July,16,2024-07-16T13:11:00-Flr-001,Solar Flare,13,GOES-P: EXIS 1.0-8.0,7,No Note,2024,Qtr 3,July,16,S09W85,2024
13738,2024,Qtr 3,July,17,M1.2,2024,Qtr 3,July,17,17,2024,Qtr 3,July,17,2024-07-17T09:26:00-Flr-001,Solar Flare,9,GOES-P: EXIS 1.0-8.0,7,This Brightening Is Associated With Both Flaring Activity And Post-Eruptive Arcades From Active Region 13738 (S10W83). The Flare Source Location Has Been Updated Based On Noaa/Swpc Analysis.,2024,Qtr 3,July,17,S10W83,2024
13753,2024,Qtr 3,July,17,M1.6,2024,Qtr 3,July,16,16,2024,Qtr 3,July,17,2024-07-16T21:06:00-Flr-001,Solar Flare,21,GOES-P: EXIS 1.0-8.0,7,No Note,2024,Qtr 3,July,17,N10W35,2024
13744,2024,Qtr 3,July,17,M1.9,2024,Qtr 3,July,16,16,2024,Qtr 3,July,17,2024-07-16T21:46:00-Flr-001,Solar Flare,21,GOES-P: EXIS 1.0-8.0,7,No Note,2024,Qtr 3,July,17,N18W11,2024
13743,2024,Qtr 3,July,17,M3.4,2024,Qtr 3,July,17,17,2024,Qtr 3,July,17,2024-07-17T07:01:00-Flr-001,Solar Flare,7,GOES-P: EXIS 1.0-8.0,7,Simultaneous But Lesser Flaring From Active Region 13753 (N10W40).,2024,Qtr 3,July,17,S11W31,2024
13743,2024,Qtr 3,July,17,M5.0,2024,Qtr 3,July,17,17,2024,Qtr 3,July,17,2024-07-17T06:26:00-Flr-001,Solar Flare,6,GOES-P: EXIS 1.0-8.0,7,"Some Simultaneous Eruptive Brightening Is Seen From Active Region 13753 (N10W40) Starting At 2024-07-17T06:46Z In Sdo Aia 131, But This M5.0 Flare Is Distinctly From Active Region 13743.",2024,Qtr 3,July,17,S10W30,2024
13753,2024,Qtr 3,July,18,M1.2,2024,Qtr 3,July,17,17,2024,Qtr 3,July,18,2024-07-17T19:40:00-Flr-001,Solar Flare,19,GOES-P: EXIS 1.0-8.0,7,No Note,2024,Qtr 3,July,18,N12W46,2024
13753,2024,Qtr 3,July,18,M2.0,2024,Qtr 3,July,17,17,2024,Qtr 3,July,18,2024-07-17T19:53:00-Flr-001,Solar Flare,19,GOES-P: EXIS 1.0-8.0,7,No Note,2024,Qtr 3,July,18,N12W46,2024
13751,2024,Qtr 3,July,18,M2.0,2024,Qtr 3,July,18,18,2024,Qtr 3,July,18,2024-07-18T10:20:00-Flr-001,Solar Flare,10,GOES-P: EXIS 1.0-8.0,7,"Second Of A Triple-Peaked Eruption From Ar 3751. First Peak Of M2.2 At 2024-07-18T10:14Z And A Smaller Third Peak, Not Distinct In Sdo Aia 131 From The Other Two, Of M1.6 At 2024-07-18T10:40Z.",2024,Qtr 3,July,18,S07E23,2024
13751,2024,Qtr 3,July,18,M2.2,2024,Qtr 3,July,18,18,2024,Qtr 3,July,18,2024-07-18T10:04:00-Flr-001,Solar Flare,10,GOES-P: EXIS 1.0-8.0,7,"First Of A Triple-Peaked Eruption From Ar 3751. Second Peak Of M2.0 At 2024-07-18T10:27Z And A Smaller Third Peak, Not Distinct In Sdo Aia 131 From The Other Two, Of M1.6 At 2024-07-18T10:40Z.",2024,Qtr 3,July,18,S07E22,2024
13751,2024,Qtr 3,July,19,M2.0,2024,Qtr 3,July,19,19,2024,Qtr 3,July,19,2024-07-19T17:53:00-Flr-001,Solar Flare,17,GOES-P: EXIS 1.0-8.0,7,No Note,2024,Qtr 3,July,19,S10E03,2024
13753,2024,Qtr 3,July,19,M3.2,2024,Qtr 3,July,19,19,2024,Qtr 3,July,19,2024-07-19T08:13:00-Flr-001,Solar Flare,8,GOES-P: EXIS 1.0-8.0,7,No Note,2024,Qtr 3,July,19,N11W67,2024
13758,2024,Qtr 3,July,20,M1.0,2024,Qtr 3,July,19,19,2024,Qtr 3,July,20,2024-07-19T22:44:00-Flr-001,Solar Flare,22,GOES-P: EXIS 1.0-8.0,7,No Note,2024,Qtr 3,July,20,S09W70,2024
13751,2024,Qtr 3,July,20,M1.8,2024,Qtr 3,July,20,20,2024,Qtr 3,July,20,2024-07-20T07:10:00-Flr-001,Solar Flare,7,GOES-P: EXIS 1.0-8.0,7,No Note,2024,Qtr 3,July,20,S07W03,2024
13757,2024,Qtr 3,July,21,M1.0,2024,Qtr 3,July,21,21,2024,Qtr 3,July,21,2024-07-21T16:18:00-Flr-001,Solar Flare,16,GOES-P: EXIS 1.0-8.0,7,No Note,2024,Qtr 3,July,21,N15E20,2024
13744,2024,Qtr 3,July,21,M1.4,2024,Qtr 3,July,21,21,2024,Qtr 3,July,21,2024-07-21T03:46:00-Flr-001,Solar Flare,3,GOES-P: EXIS 1.0-8.0,7,No Note,2024,Qtr 3,July,21,N15W73,2024
13744,2024,Qtr 3,July,21,M1.5,2024,Qtr 3,July,20,20,2024,Qtr 3,July,21,2024-07-20T18:36:00-Flr-001,Solar Flare,18,GOES-P: EXIS 1.0-8.0,7,No Note,2024,Qtr 3,July,21,N12W70,2024
13751,2024,Qtr 3,July,21,M1.5,2024,Qtr 3,July,21,21,2024,Qtr 3,July,21,2024-07-21T08:28:00-Flr-001,Solar Flare,8,GOES-P: EXIS 1.0-8.0,7,No Note,2024,Qtr 3,July,21,S10W22,2024
13762,2024,Qtr 3,July,22,M1.4,2024,Qtr 3,July,22,22,2024,Qtr 3,July,22,2024-07-22T03:27:00-Flr-001,Solar Flare,3,GOES-P: EXIS 1.0-8.0,7,No Note,2024,Qtr 3,July,22,S12E55,2024
13744,2024,Qtr 3,July,22,M1.4,2024,Qtr 3,July,22,22,2024,Qtr 3,July,22,2024-07-22T09:31:00-Flr-001,Solar Flare,9,GOES-P: EXIS 1.0-8.0,7,No Note,2024,Qtr 3,July,22,N15W88,2024
13744,2024,Qtr 3,July,22,M1.5,2024,Qtr 3,July,22,22,2024,Qtr 3,July,22,2024-07-22T12:47:00-Flr-001,Solar Flare,12,GOES-P: EXIS 1.0-8.0,7,No Note,2024,Qtr 3,July,22,N15W90,2024
13762,2024,Qtr 3,July,22,M1.9,2024,Qtr 3,July,22,22,2024,Qtr 3,July,22,2024-07-22T04:14:00-Flr-001,Solar Flare,4,GOES-P: EXIS 1.0-8.0,7,No Note,2024,Qtr 3,July,22,S12E54,2024
13744,2024,Qtr 3,July,22,M3.2,2024,Qtr 3,July,21,21,2024,Qtr 3,July,22,2024-07-21T23:21:00-Flr-001,Solar Flare,23,GOES-P: EXIS 1.0-8.0,7,No Note,2024,Qtr 3,July,22,N14W85,2024
13762,2024,Qtr 3,July,22,M3.9,2024,Qtr 3,July,22,22,2024,Qtr 3,July,22,2024-07-22T03:55:00-Flr-001,Solar Flare,3,GOES-P: EXIS 1.0-8.0,7,No Note,2024,Qtr 3,July,22,S12E54,2024
13765,2024,Qtr 3,July,23,M2.4,2024,Qtr 3,July,23,23,2024,Qtr 3,July,23,2024-07-23T13:49:00-Flr-001,Solar Flare,13,GOES-P: EXIS 1.0-8.0,7,"This Region Was Unnumbered At The Time Of The Flare, But Numbered Later On 2024-07-23.",2024,Qtr 3,July,23,S10E77,2024
13751,2024,Qtr 3,July,24,M3.0,2024,Qtr 3,July,24,24,2024,Qtr 3,July,24,2024-07-24T17:07:00-Flr-001,Solar Flare,17,GOES-P: EXIS 1.0-8.0,7,No Note,2024,Qtr 3,July,24,S08W70,2024
13751,2024,Qtr 3,July,24,M3.6,2024,Qtr 3,July,24,24,2024,Qtr 3,July,24,2024-07-24T07:28:00-Flr-001,Solar Flare,7,GOES-P: EXIS 1.0-8.0,7,No Note,2024,Qtr 3,July,24,S08W60,2024
13762,2024,Qtr 3,July,25,C8.4,2024,Qtr 3,July,25,25,2024,Qtr 3,July,25,2024-07-25T00:24:00-Flr-001,Solar Flare,0,GOES-P: EXIS 1.0-8.0,7,No Note,2024,Qtr 3,July,25,S12E12,2024
13751,2024,Qtr 3,July,25,M1.3,2024,Qtr 3,July,25,25,2024,Qtr 3,July,25,2024-07-25T15:27:00-Flr-001,Solar Flare,15,GOES-P: EXIS 1.0-8.0,7,No Note,2024,Qtr 3,July,25,S07W85,2024
13751,2024,Qtr 3,July,26,C3.9,2024,Qtr 3,July,26,26,2024,Qtr 3,July,26,2024-07-26T02:41:00-Flr-001,Solar Flare,2,GOES-P: EXIS 1.0-8.0,7,No Note,2024,Qtr 3,July,26,S08W85,2024
13761,2024,Qtr 3,July,26,M1.7,2024,Qtr 3,July,26,26,2024,Qtr 3,July,26,2024-07-26T04:30:00-Flr-001,Solar Flare,4,GOES-P: EXIS 1.0-8.0,7,No Note,2024,Qtr 3,July,26,S07W73,2024
13765,2024,Qtr 3,July,27,M1.5,2024,Qtr 3,July,27,27,2024,Qtr 3,July,27,2024-07-27T06:25:00-Flr-001,Solar Flare,6,GOES-P: EXIS 1.0-8.0,7,Simultaneous Flaring From Ar13762. This Flare Occurs During Decay Phase Of The M3.1 Flare From Ar13762.,2024,Qtr 3,July,27,S11E32,2024
13767,2024,Qtr 3,July,27,M1.8,2024,Qtr 3,July,27,27,2024,Qtr 3,July,27,2024-07-27T10:50:00-Flr-001,Solar Flare,10,GOES-P: EXIS 1.0-8.0,7,Simultaneous Flaring From Ar13762. This Flare Occurs During Decay Phase Of The M2.0 Flare From Ar13762.,2024,Qtr 3,July,27,S10E41,2024
13762,2024,Qtr 3,July,27,M2.0,2024,Qtr 3,July,27,27,2024,Qtr 3,July,27,2024-07-27T10:16:00-Flr-001,Solar Flare,10,GOES-P: EXIS 1.0-8.0,7,Flare End Time Adjusted Due To Simultaneous Flaring (From Ar13767) Causing An Increase In The Goes X-Ray Flux Timeline (See M1.8 Flare Peaking At 2024-07-27T10:54Z).,2024,Qtr 3,July,27,S12W30,2024
13766,2024,Qtr 3,July,27,M2.7,2024,Qtr 3,July,27,27,2024,Qtr 3,July,27,2024-07-27T17:50:00-Flr-001,Solar Flare,17,GOES-P: EXIS 1.0-8.0,7,Simultaneous Flaring From Ar13762.,2024,Qtr 3,July,27,S07E18,2024
13762,2024,Qtr 3,July,27,M3.1,2024,Qtr 3,July,27,27,2024,Qtr 3,July,27,2024-07-27T05:12:00-Flr-001,Solar Flare,5,GOES-P: EXIS 1.0-8.0,7,No Note,2024,Qtr 3,July,27,S11W25,2024
13762,2024,Qtr 3,July,27,M3.4,2024,Qtr 3,July,27,27,2024,Qtr 3,July,28,2024-07-27T18:24:00-Flr-001,Solar Flare,18,GOES-P: EXIS 1.0-8.0,7,No Note,2024,Qtr 3,July,28,S12W33,2024
13766,2024,Qtr 3,July,27,M4.2,2024,Qtr 3,July,27,27,2024,Qtr 3,July,27,2024-07-27T02:21:00-Flr-001,Solar Flare,2,GOES-P: EXIS 1.0-8.0,7,No Note,2024,Qtr 3,July,27,S07E25,2024
13768,2024,Qtr 3,July,28,M1.3,2024,Qtr 3,July,28,28,2024,Qtr 3,July,29,2024-07-28T18:08:00-Flr-001,Solar Flare,18,GOES-P: EXIS 1.0-8.0,7,No Note,2024,Qtr 3,July,28,S13W30,2024
13762,2024,Qtr 3,July,28,M1.5,2024,Qtr 3,July,28,28,2024,Qtr 3,July,28,2024-07-28T03:37:00-Flr-001,Solar Flare,3,GOES-P: EXIS 1.0-8.0,7,No Note,2024,Qtr 3,July,28,S11W36,2024
13768,2024,Qtr 3,July,28,M1.6,2024,Qtr 3,July,28,28,2024,Qtr 3,July,28,2024-07-28T13:46:00-Flr-001,Solar Flare,13,GOES-P: EXIS 1.0-8.0,7,No Note,2024,Qtr 3,July,28,S15W25,2024
13767,2024,Qtr 3,July,28,M2.6,2024,Qtr 3,July,28,28,2024,Qtr 3,July,28,2024-07-28T12:43:00-Flr-001,Solar Flare,12,GOES-P: EXIS 1.0-8.0,7,Sympathetic Flare From Ar 3762 (Approx. S11W40) Around The Same Time.,2024,Qtr 3,July,28,S09E23,2024
13762,2024,Qtr 3,July,28,M7.7,2024,Qtr 3,July,28,28,2024,Qtr 3,July,28,2024-07-28T10:27:00-Flr-001,Solar Flare,10,GOES-P: EXIS 1.0-8.0,7,No Note,2024,Qtr 3,July,28,S12W41,2024
13766,2024,Qtr 3,July,28,M7.8,2024,Qtr 3,July,28,28,2024,Qtr 3,July,28,2024-07-28T01:39:00-Flr-001,Solar Flare,1,GOES-P: EXIS 1.0-8.0,7,Flare Appears To Occur Between Ars 3766 And 3764 In Available Sdo Aia Imagery.,2024,Qtr 3,July,28,S07E10,2024
13766,2024,Qtr 3,July,28,M9.9,2024,Qtr 3,July,28,28,2024,Qtr 3,July,28,2024-07-28T01:53:00-Flr-001,Solar Flare,1,GOES-P: EXIS 1.0-8.0,7,This Flare Directly Follows The M7.8 Flare From The Same Region.,2024,Qtr 3,July,28,S08E10,2024
13762,2024,Qtr 3,July,29,C8.9,2024,Qtr 3,July,29,29,2024,Qtr 3,July,29,2024-07-29T01:07:00-Flr-001,Solar Flare,1,GOES-P: EXIS 1.0-8.0,7,There May Also Be A Sympathetic Flare From Ar 3768 Peaking At 2024-07-29T01:36Z.,2024,Qtr 3,July,29,S12W45,2024
13768,2024,Qtr 3,July,29,M1.0,2024,Qtr 3,July,29,29,2024,Qtr 3,July,29,2024-07-29T05:10:00-Flr-001,Solar Flare,5,GOES-P: EXIS 1.0-8.0,7,No Note,2024,Qtr 3,July,29,S16W33,2024
13762,2024,Qtr 3,July,29,M1.6,2024,Qtr 3,July,29,29,2024,Qtr 3,July,29,2024-07-29T12:16:00-Flr-001,Solar Flare,12,GOES-P: EXIS 1.0-8.0,7,No Note,2024,Qtr 3,July,29,S11W60,2024
13762,2024,Qtr 3,July,29,M1.9,2024,Qtr 3,July,28,28,2024,Qtr 3,July,29,2024-07-28T20:25:00-Flr-001,Solar Flare,20,GOES-P: EXIS 1.0-8.0,7,No Note,2024,Qtr 3,July,29,S10W46,2024
13766,2024,Qtr 3,July,29,M4.2,2024,Qtr 3,July,29,29,2024,Qtr 3,July,29,2024-07-29T14:04:00-Flr-001,Solar Flare,14,GOES-P: EXIS 1.0-8.0,7,There Is Also A Flare Occurring From An Unnumbered Region On The Se Limb At This Time.,2024,Qtr 3,July,29,S10W02,2024
13762,2024,Qtr 3,July,29,M8.7,2024,Qtr 3,July,29,29,2024,Qtr 3,July,29,2024-07-29T12:47:00-Flr-001,Solar Flare,12,GOES-P: EXIS 1.0-8.0,7,No Note,2024,Qtr 3,July,29,S11W52,2024
13764,2024,Qtr 3,July,29,X1.5,2024,Qtr 3,July,29,29,2024,Qtr 3,July,29,2024-07-29T02:33:00-Flr-001,Solar Flare,2,GOES-P: EXIS 1.0-8.0,7,No Note,2024,Qtr 3,July,29,S05W04,2024
13774,2024,Qtr 3,July,30,M1.1,2024,Qtr 3,July,29,29,2024,Qtr 3,July,30,2024-07-29T20:55:00-Flr-001,Solar Flare,20,GOES-P: EXIS 1.0-8.0,7,"Active Region 13774, Which Is Likely Associated With This Flare, Was Numbered After The Flare Was Observed.",2024,Qtr 3,July,30,S04E90,2024
13762,2024,Qtr 3,July,30,M1.2,2024,Qtr 3,July,30,30,2024,Qtr 3,July,30,2024-07-30T01:20:00-Flr-001,Solar Flare,1,GOES-P: EXIS 1.0-8.0,7,Simultaneous Flaring From Ar13765 (S12W03).,2024,Qtr 3,July,30,S12W63,2024
13765,2024,Qtr 3,July,30,M1.3,2024,Qtr 3,July,30,30,2024,Qtr 3,July,30,2024-07-30T01:30:00-Flr-001,Solar Flare,1,GOES-P: EXIS 1.0-8.0,7,Simultaneous Flaring From Ar13762.,2024,Qtr 3,July,30,S12W03,2024
13766,2024,Qtr 3,July,30,M1.4,2024,Qtr 3,July,30,30,2024,Qtr 3,July,30,2024-07-30T01:35:00-Flr-001,Solar Flare,1,GOES-P: EXIS 1.0-8.0,7,No Note,2024,Qtr 3,July,30,S05W20,2024
13766,2024,Qtr 3,July,30,M1.5,2024,Qtr 3,July,30,30,2024,Qtr 3,July,30,2024-07-30T06:16:00-Flr-001,Solar Flare,6,GOES-P: EXIS 1.0-8.0,7,Simultaneous Flaring Observed With Ar 3762.,2024,Qtr 3,July,30,S06W18,2024
13766,2024,Qtr 3,July,30,M1.5,2024,Qtr 3,July,30,30,2024,Qtr 3,July,30,2024-07-30T16:12:00-Flr-001,Solar Flare,16,GOES-P: EXIS 1.0-8.0,7,"Associated With Simultaneous Brightening At Ar 3762, Ar 3768, And An Unnumbered Region On The East Limb Around S05E90.",2024,Qtr 3,July,30,S06W21,2024
13762,2024,Qtr 3,July,30,M1.7,2024,Qtr 3,July,30,30,2024,Qtr 3,July,30,2024-07-30T00:52:00-Flr-001,Solar Flare,0,GOES-P: EXIS 1.0-8.0,7,No Note,2024,Qtr 3,July,30,S12W63,2024
13772,2024,Qtr 3,July,30,M6.4,2024,Qtr 3,July,29,29,2024,Qtr 3,July,30,2024-07-29T19:40:00-Flr-001,Solar Flare,19,GOES-P: EXIS 1.0-8.0,7,"Active Region 13772, Which Is Likely Associated With This Flare, Was Numbered After The Flare Was Observed.",2024,Qtr 3,July,30,S25E85,2024
13774,2024,Qtr 3,July,31,M1.4,2024,Qtr 3,July,31,31,2024,Qtr 3,July,31,2024-07-31T16:10:00-Flr-001,Solar Flare,16,GOES-P: EXIS 1.0-8.0,7,No Note,2024,Qtr 3,July,31,S07E75,2024
13762,2024,Qtr 3,July,31,M1.9,2024,Qtr 3,July,30,30,2024,Qtr 3,July,31,2024-07-30T19:10:00-Flr-001,Solar Flare,19,GOES-P: EXIS 1.0-8.0,7,No Note,2024,Qtr 3,July,31,S12W75,2024
13773,2024,Qtr 3,July,31,M1.9,2024,Qtr 3,July,31,31,2024,Qtr 3,July,31,2024-07-31T01:43:00-Flr-001,Solar Flare,1,GOES-P: EXIS 1.0-8.0,7,No Note,2024,Qtr 3,July,31,S07W44,2024
13772,2024,Qtr 3,July,31,M4.4,2024,Qtr 3,July,31,31,2024,Qtr 3,July,31,2024-07-31T13:26:00-Flr-001,Solar Flare,13,GOES-P: EXIS 1.0-8.0,7,Flare Occurring At The Same Time From Ar 3762.,2024,Qtr 3,July,31,S25E55,2024
13774,2024,Qtr 3,July,31,M4.7,2024,Qtr 3,July,31,31,2024,Qtr 3,July,31,2024-07-31T05:07:00-Flr-001,Solar Flare,5,GOES-P: EXIS 1.0-8.0,7,No Note,2024,Qtr 3,July,31,S07E90,2024
13768,2024,Qtr 3,July,31,M5.3,2024,Qtr 3,July,31,31,2024,Qtr 3,August,1,2024-07-31T18:05:00-Flr-001,Solar Flare,18,GOES-P: EXIS 1.0-8.0,7,No Note,2024,Qtr 3,August,1,S15W73,2024
13772,2024,Qtr 3,July,31,M6.0,2024,Qtr 3,July,31,31,2024,Qtr 3,July,31,2024-07-31T12:45:00-Flr-001,Solar Flare,12,GOES-P: EXIS 1.0-8.0,7,No Note,2024,Qtr 3,July,31,S25E55,2024
13768,2024,Qtr 3,July,31,M7.7,2024,Qtr 3,July,31,31,2024,Qtr 3,July,31,2024-07-31T06:28:00-Flr-001,Solar Flare,6,GOES-P: EXIS 1.0-8.0,7,No Note,2024,Qtr 3,July,31,S15W60,2024
13772,2024,Qtr 3,July,31,M9.4,2024,Qtr 3,July,30,30,2024,Qtr 3,July,31,2024-07-30T19:25:00-Flr-001,Solar Flare,19,GOES-P: EXIS 1.0-8.0,7,No Note,2024,Qtr 3,July,31,S25E65,2024
13774,2024,Qtr 3,August,1,M1.0,2024,Qtr 3,July,31,31,2024,Qtr 3,August,1,2024-07-31T19:57:00-Flr-001,Solar Flare,19,GOES-P: EXIS 1.0-8.0,7,Some Simultaneous Brightening At S10W26 Between Ar 3767/3765.,2024,Qtr 3,August,1,S07E76,2024
13774,2024,Qtr 3,August,1,M1.0,2024,Qtr 3,July,31,31,2024,Qtr 3,August,1,2024-07-31T22:42:00-Flr-001,Solar Flare,22,GOES-P: EXIS 1.0-8.0,7,No Note,2024,Qtr 3,August,1,S06E75,2024
13764,2024,Qtr 3,August,1,M1.0,2024,Qtr 3,August,1,1,2024,Qtr 3,August,1,2024-08-01T16:04:00-Flr-001,Solar Flare,16,GOES-P: EXIS 1.0-8.0,8,No Note,2024,Qtr 3,August,1,S03W56,2024
13774,2024,Qtr 3,August,1,M1.0,2024,Qtr 3,August,1,1,2024,Qtr 3,August,1,2024-08-01T17:01:00-Flr-001,Solar Flare,17,GOES-P: EXIS 1.0-8.0,8,No Note,2024,Qtr 3,August,1,S06E61,2024
13770,2024,Qtr 3,August,1,M1.1,2024,Qtr 3,August,1,1,2024,Qtr 3,August,1,2024-08-01T00:52:00-Flr-001,Solar Flare,0,GOES-P: EXIS 1.0-8.0,8,No Note,2024,Qtr 3,August,1,N09W28,2024
13767,2024,Qtr 3,August,1,M1.2,2024,Qtr 3,July,31,31,2024,Qtr 3,August,1,2024-07-31T21:36:00-Flr-001,Solar Flare,21,GOES-P: EXIS 1.0-8.0,7,No Note,2024,Qtr 3,August,1,S07W22,2024
13770,2024,Qtr 3,August,1,M1.2,2024,Qtr 3,August,1,1,2024,Qtr 3,August,1,2024-08-01T00:50:00-Flr-001,Solar Flare,0,GOES-P: EXIS 1.0-8.0,8,"Brief Initial Peak Of M1.1 At 2024-07-31T00:54Z, Appears To Be From This Same Region In Sdo Aia 131 Imagery.",2024,Qtr 3,August,1,N09W28,2024
13774,2024,Qtr 3,August,1,M1.2,2024,Qtr 3,August,1,1,2024,Qtr 3,August,1,2024-08-01T02:58:00-Flr-001,Solar Flare,2,GOES-P: EXIS 1.0-8.0,8,Simultaneous Flaring Observed From Active Region 13765 (S11W34).,2024,Qtr 3,August,1,S06E68,2024
13768,2024,Qtr 3,August,1,M1.3,2024,Qtr 3,August,1,1,2024,Qtr 3,August,1,2024-08-01T16:33:00-Flr-001,Solar Flare,16,GOES-P: EXIS 1.0-8.0,8,No Note,2024,Qtr 3,August,1,S16W80,2024
13774,2024,Qtr 3,August,1,M1.3,2024,Qtr 3,August,1,1,2024,Qtr 3,August,1,2024-08-01T17:22:00-Flr-001,Solar Flare,17,GOES-P: EXIS 1.0-8.0,8,No Note,2024,Qtr 3,August,1,S06E60,2024
13768,2024,Qtr 3,August,1,M1.5,2024,Qtr 3,August,1,1,2024,Qtr 3,August,1,2024-08-01T05:52:00-Flr-001,Solar Flare,5,GOES-P: EXIS 1.0-8.0,8,No Note,2024,Qtr 3,August,1,S15W60,2024
13770,2024,Qtr 3,August,1,M1.6,2024,Qtr 3,August,1,1,2024,Qtr 3,August,1,2024-08-01T06:27:00-Flr-001,Solar Flare,6,GOES-P: EXIS 1.0-8.0,8,No Note,2024,Qtr 3,August,1,N07W33,2024
13768,2024,Qtr 3,August,1,M1.6,2024,Qtr 3,August,1,1,2024,Qtr 3,August,1,2024-08-01T16:44:00-Flr-001,Solar Flare,16,GOES-P: EXIS 1.0-8.0,8,No Note,2024,Qtr 3,August,1,S16W80,2024
13772,2024,Qtr 3,August,1,M1.7,2024,Qtr 3,August,1,1,2024,Qtr 3,August,1,2024-08-01T08:24:00-Flr-001,Solar Flare,8,GOES-P: EXIS 1.0-8.0,8,No Note,2024,Qtr 3,August,1,S25E43,2024
13774,2024,Qtr 3,August,1,M1.9,2024,Qtr 3,August,1,1,2024,Qtr 3,August,1,2024-08-01T03:59:00-Flr-001,Solar Flare,3,GOES-P: EXIS 1.0-8.0,8,With A Potential Contribution From Ar3772 (S25E45).,2024,Qtr 3,August,1,S06E67,2024
13772,2024,Qtr 3,August,1,M2.1,2024,Qtr 3,August,1,1,2024,Qtr 3,August,1,2024-08-01T12:35:00-Flr-001,Solar Flare,12,GOES-P: EXIS 1.0-8.0,8,Simultenous Contributions From Ar3772 And Ar3768 (S16W78).,2024,Qtr 3,August,1,S25E41,2024
13765,2024,Qtr 3,August,1,M2.2,2024,Qtr 3,August,1,1,2024,Qtr 3,August,1,2024-08-01T08:06:00-Flr-001,Solar Flare,8,GOES-P: EXIS 1.0-8.0,8,No Note,2024,Qtr 3,August,1,S11W38,2024
13768,2024,Qtr 3,August,1,M3.3,2024,Qtr 3,August,1,1,2024,Qtr 3,August,1,2024-08-01T12:12:00-Flr-001,Solar Flare,12,GOES-P: EXIS 1.0-8.0,8,Simultaneous Flaring From Active Region 13772 (S25E41).,2024,Qtr 3,August,1,S16W78,2024
13765,2024,Qtr 3,August,1,M4.0,2024,Qtr 3,August,1,1,2024,Qtr 3,August,1,2024-08-01T04:35:00-Flr-001,Solar Flare,4,GOES-P: EXIS 1.0-8.0,8,No Note,2024,Qtr 3,August,1,S11W36,2024
13772,2024,Qtr 3,August,1,M4.1,2024,Qtr 3,August,1,1,2024,Qtr 3,August,1,2024-08-01T11:09:00-Flr-001,Solar Flare,11,GOES-P: EXIS 1.0-8.0,8,With A Potential Contribution From Ar3768 (S16W77).,2024,Qtr 3,August,1,S25E41,2024
13773,2024,Qtr 3,August,1,M6.3,2024,Qtr 3,August,1,1,2024,Qtr 3,August,1,2024-08-01T01:47:00-Flr-001,Solar Flare,1,GOES-P: EXIS 1.0-8.0,8,No Note,2024,Qtr 3,August,1,S07W60,2024
13768,2024,Qtr 3,August,1,M8.2,2024,Qtr 3,August,1,1,2024,Qtr 3,August,1,2024-08-01T06:23:00-Flr-001,Solar Flare,6,GOES-P: EXIS 1.0-8.0,8,No Note,2024,Qtr 3,August,1,S15W80,2024
13765,2024,Qtr 3,August,2,M1.0,2024,Qtr 3,August,2,2,2024,Qtr 3,August,2,2024-08-02T01:54:00-Flr-001,Solar Flare,1,GOES-P: EXIS 1.0-8.0,8,No Note,2024,Qtr 3,August,2,S08W45,2024
13772,2024,Qtr 3,August,2,M1.1,2024,Qtr 3,August,2,2,2024,Qtr 3,August,2,2024-08-02T03:17:00-Flr-001,Solar Flare,3,GOES-P: EXIS 1.0-8.0,8,No Note,2024,Qtr 3,August,2,S24E31,2024
13768,2024,Qtr 3,August,2,M1.1,2024,Qtr 3,August,2,2,2024,Qtr 3,August,2,2024-08-02T03:53:00-Flr-001,Solar Flare,3,GOES-P: EXIS 1.0-8.0,8,No Note,2024,Qtr 3,August,2,S16W86,2024
13775,2024,Qtr 3,August,2,M1.1,2024,Qtr 3,August,2,2,2024,Qtr 3,August,2,2024-08-02T13:44:00-Flr-001,Solar Flare,13,GOES-P: EXIS 1.0-8.0,8,No Note,2024,Qtr 3,August,2,N18E42,2024
13774,2024,Qtr 3,August,2,M1.2,2024,Qtr 3,August,1,1,2024,Qtr 3,August,2,2024-08-01T20:12:00-Flr-001,Solar Flare,20,GOES-P: EXIS 1.0-8.0,8,No Note,2024,Qtr 3,August,2,S12E59,2024
13772,2024,Qtr 3,August,2,M1.2,2024,Qtr 3,August,2,2,2024,Qtr 3,August,2,2024-08-02T09:08:00-Flr-001,Solar Flare,9,GOES-P: EXIS 1.0-8.0,8,No Note,2024,Qtr 3,August,2,S26E30,2024
13773,2024,Qtr 3,August,2,M1.2,2024,Qtr 3,August,2,2,2024,Qtr 3,August,2,2024-08-02T12:28:00-Flr-001,Solar Flare,12,GOES-P: EXIS 1.0-8.0,8,No Note,2024,Qtr 3,August,2,S07W80,2024
13773,2024,Qtr 3,August,2,M1.3,2024,Qtr 3,August,2,2,2024,Qtr 3,August,2,2024-08-02T08:19:00-Flr-001,Solar Flare,8,GOES-P: EXIS 1.0-8.0,8,No Note,2024,Qtr 3,August,2,S08W80,2024
13768,2024,Qtr 3,August,2,M1.4,2024,Qtr 3,August,1,1,2024,Qtr 3,August,2,2024-08-01T23:00:00-Flr-001,Solar Flare,23,GOES-P: EXIS 1.0-8.0,8,No Note,2024,Qtr 3,August,2,S14W85,2024
13766,2024,Qtr 3,August,2,M1.5,2024,Qtr 3,August,2,2,2024,Qtr 3,August,2,2024-08-02T15:21:00-Flr-001,Solar Flare,15,GOES-P: EXIS 1.0-8.0,8,No Note,2024,Qtr 3,August,2,S05W63,2024
13766,2024,Qtr 3,August,2,M1.6,2024,Qtr 3,August,2,2,2024,Qtr 3,August,2,2024-08-02T09:45:00-Flr-001,Solar Flare,9,GOES-P: EXIS 1.0-8.0,8,No Note,2024,Qtr 3,August,2,S05W59,2024
13765,2024,Qtr 3,August,2,M2.1,2024,Qtr 3,August,2,2,2024,Qtr 3,August,2,2024-08-02T07:51:00-Flr-001,Solar Flare,7,GOES-P: EXIS 1.0-8.0,8,No Note,2024,Qtr 3,August,2,S12W51,2024
13768,2024,Qtr 3,August,2,M7.4,2024,Qtr 3,August,2,2,2024,Qtr 3,August,2,2024-08-02T04:23:00-Flr-001,Solar Flare,4,GOES-P: EXIS 1.0-8.0,8,Flare Occurs Just On/Inside The West Limb.,2024,Qtr 3,August,2,S14W88,2024
13768,2024,Qtr 3,August,3,M1.0,2024,Qtr 3,August,3,3,2024,Qtr 3,August,3,2024-08-03T00:22:00-Flr-001,Solar Flare,0,GOES-P: EXIS 1.0-8.0,8,No Note,2024,Qtr 3,August,3,S13W98,2024
13781,2024,Qtr 3,August,3,M1.3,2024,Qtr 3,August,2,2,2024,Qtr 3,August,3,2024-08-02T23:41:00-Flr-001,Solar Flare,23,GOES-P: EXIS 1.0-8.0,8,"This Flare Likely Originated From Active Region 13781, Which Was Unnumbered At The Time Of The Flare But Has Since Been Numbered.",2024,Qtr 3,August,3,N14E90,2024
13770,2024,Qtr 3,August,3,M1.5,2024,Qtr 3,August,3,3,2024,Qtr 3,August,3,2024-08-03T04:45:00-Flr-001,Solar Flare,4,GOES-P: EXIS 1.0-8.0,8,No Note,2024,Qtr 3,August,3,N10W59,2024
13768,2024,Qtr 3,August,3,M1.5,2024,Qtr 3,August,3,3,2024,Qtr 3,August,3,2024-08-03T06:52:00-Flr-001,Solar Flare,6,GOES-P: EXIS 1.0-8.0,8,"Flare May Be Occurring Slightly Beyond The Sw Limb, Partially Occulted. Sdo 131 Is Not Available For The Time Of The Flare B/C Of An Eclipse, But Flare Can Be Seen Just Beyond The Sw Limb In Goes Suvi 131. Ar 3768 Was Located At W99 At The Time.

Swpc Associates This Flare With Ar 3770.",2024,Qtr 3,August,3,S14W99,2024
13774,2024,Qtr 3,August,3,M1.8,2024,Qtr 3,August,3,3,2024,Qtr 3,August,3,2024-08-03T13:26:00-Flr-001,Solar Flare,13,GOES-P: EXIS 1.0-8.0,8,No Note,2024,Qtr 3,August,3,S07E41,2024
13768,2024,Qtr 3,August,3,M1.9,2024,Qtr 3,August,3,3,2024,Qtr 3,August,3,2024-08-03T07:11:00-Flr-001,Solar Flare,7,GOES-P: EXIS 1.0-8.0,8,"Continued Background X-Ray Brightening From Ar 3768 Over The West Limb, Following M1.5 Flare Which Peaked At 2024-08-03T07:05Z. The Peak Of M1.9 Also Gets A Contribution From A Smaller Eruption From Ar 3765 On Top Of This Increasing Background Brightening.
Sdo 131 Is Not Available For The Time Of The Flare B/C Of An Eclipse, But Flare Can Be Seen Just Beyond The Sw Limb In Goes Suvi 131. Ar 3768 Was Located At W99 At The Time.",2024,Qtr 3,August,3,S10W63,2024
13766,2024,Qtr 3,August,3,M1.9,2024,Qtr 3,August,3,3,2024,Qtr 3,August,3,2024-08-03T17:13:00-Flr-001,Solar Flare,17,GOES-P: EXIS 1.0-8.0,8,No Note,2024,Qtr 3,August,3,S06W79,2024
13770,2024,Qtr 3,August,3,M2.8,2024,Qtr 3,August,3,3,2024,Qtr 3,August,3,2024-08-03T16:49:00-Flr-001,Solar Flare,16,GOES-P: EXIS 1.0-8.0,8,No Note,2024,Qtr 3,August,3,N10W65,2024
13775,2024,Qtr 3,August,3,M7.3,2024,Qtr 3,August,3,3,2024,Qtr 3,August,4,2024-08-03T18:29:00-Flr-001,Solar Flare,18,GOES-P: EXIS 1.0-8.0,8,"Impulsive Part Of This Flare Begins At 2024-08-03T18:36Z, But T18:29Z Is When Some Brightening In The Region Is Observed In Sdo Aia 131. So The Start Time Will Remain As Is, Noting This Nature Of The Eruption.",2024,Qtr 3,August,4,N17E26,2024
13766,2024,Qtr 3,August,4,M1.1,2024,Qtr 3,August,4,4,2024,Qtr 3,August,4,2024-08-04T09:48:00-Flr-001,Solar Flare,9,GOES-P: EXIS 1.0-8.0,8,There Is Simultaneous Flaring Observed From An Unnumbered Region Near N15E90 At This Time.,2024,Qtr 3,August,4,S07W88,2024
13781,2024,Qtr 3,August,4,M1.2,2024,Qtr 3,August,4,4,2024,Qtr 3,August,4,2024-08-04T09:35:00-Flr-001,Solar Flare,9,GOES-P: EXIS 1.0-8.0,8,"This Flare Likely Originated From Active Region 13781, Which Was Unnumbered At The Time Of The Flare But Has Since Been Numbered.",2024,Qtr 3,August,4,N14E90,2024
13781,2024,Qtr 3,August,4,M1.4,2024,Qtr 3,August,4,4,2024,Qtr 3,August,4,2024-08-04T01:45:00-Flr-001,Solar Flare,1,GOES-P: EXIS 1.0-8.0,8,"This Flare Likely Originated From Active Region 13781, Which Was Unnumbered At The Time Of The Flare But Has Since Been Numbered.",2024,Qtr 3,August,4,N12E90,2024
13781,2024,Qtr 3,August,4,M1.4,2024,Qtr 3,August,4,4,2024,Qtr 3,August,4,2024-08-04T10:03:00-Flr-001,Solar Flare,10,GOES-P: EXIS 1.0-8.0,8,"There Is Simultaneous Flaring Observed From Active Region 13766 (S07E88) At This Time. This Flare Likely Originated From Active Region 13781, Which Was Unnumbered At The Time Of The Flare But Has Since Been Numbered.",2024,Qtr 3,August,4,N13E90,2024
13781,2024,Qtr 3,August,4,M1.9,2024,Qtr 3,August,4,4,2024,Qtr 3,August,4,2024-08-04T10:27:00-Flr-001,Solar Flare,10,GOES-P: EXIS 1.0-8.0,8,"This Flare Likely Originated From Active Region 13781, Which Was Unnumbered At The Time Of The Flare But Has Since Been Numbered.",2024,Qtr 3,August,4,N12E90,2024
13780,2024,Qtr 3,August,4,M2.2,2024,Qtr 3,August,4,4,2024,Qtr 3,August,4,2024-08-04T15:11:00-Flr-001,Solar Flare,15,GOES-P: EXIS 1.0-8.0,8,No Note,2024,Qtr 3,August,4,S10E69,2024
13781,2024,Qtr 3,August,4,M5.4,2024,Qtr 3,August,3,3,2024,Qtr 3,August,4,2024-08-03T19:17:00-Flr-001,Solar Flare,19,GOES-P: EXIS 1.0-8.0,8,"This Flare Likely Originated From Active Region 13781, Which Was Unnumbered At The Time Of The Flare But Has Since Been Numbered.",2024,Qtr 3,August,4,N14E90,2024
13780,2024,Qtr 3,August,5,M1.0,2024,Qtr 3,August,4,4,2024,Qtr 3,August,5,2024-08-04T22:04:00-Flr-001,Solar Flare,22,GOES-P: EXIS 1.0-8.0,8,No Note,2024,Qtr 3,August,5,S10E64,2024
13765,2024,Qtr 3,August,5,M1.0,2024,Qtr 3,August,5,5,2024,Qtr 3,August,5,2024-08-05T17:56:00-Flr-001,Solar Flare,17,GOES-P: EXIS 1.0-8.0,8,The Flare May Be Associated With Ar3767 But It Is Difficult To Discern The Exact Source Due To Occultation Behind The Western Limb.,2024,Qtr 3,August,5,S12W98,2024
13780,2024,Qtr 3,August,5,M1.1,2024,Qtr 3,August,5,5,2024,Qtr 3,August,5,2024-08-05T02:22:00-Flr-001,Solar Flare,2,GOES-P: EXIS 1.0-8.0,8,No Note,2024,Qtr 3,August,5,S10E61,2024
13780,2024,Qtr 3,August,5,M1.2,2024,Qtr 3,August,5,5,2024,Qtr 3,August,6,2024-08-05T18:20:00-Flr-001,Solar Flare,18,GOES-P: EXIS 1.0-8.0,8,"There Is A Simultaneous Flaring From East Of Active Region 3774, Centered Around (S10E12) But The Major Contribution Seems To Be From Active Region 3780.",2024,Qtr 3,August,6,S10E60,2024
13767,2024,Qtr 3,August,5,M1.7,2024,Qtr 3,August,5,5,2024,Qtr 3,August,5,2024-08-05T09:49:00-Flr-001,Solar Flare,9,GOES-P: EXIS 1.0-8.0,8,No Note,2024,Qtr 3,August,5,S09W90,2024
13780,2024,Qtr 3,August,5,M6.1,2024,Qtr 3,August,5,5,2024,Qtr 3,August,5,2024-08-05T05:13:00-Flr-001,Solar Flare,5,GOES-P: EXIS 1.0-8.0,8,No Note,2024,Qtr 3,August,5,S10E60,2024
13780,2024,Qtr 3,August,5,X1.1,2024,Qtr 3,August,5,5,2024,Qtr 3,August,5,2024-08-05T15:18:00-Flr-001,Solar Flare,15,GOES-P: EXIS 1.0-8.0,8,No Note,2024,Qtr 3,August,5,S10E55,2024
13765,2024,Qtr 3,August,5,X1.7,2024,Qtr 3,August,5,5,2024,Qtr 3,August,5,2024-08-05T13:24:00-Flr-001,Solar Flare,13,GOES-P: EXIS 1.0-8.0,8,"Close Inspection Was Conducted Regarding The Location Of This Flare. Initial Impressions Using Sdo Aia Imagery Indicated An Approximate Longitude Of W99. After Close Manual Inspection Of Euv Imagery From Stereo-A, Which Was 21 Degrees Upstream Of The Sdo Aia Viewpoint At L1, It Was Determined That This Flare Was More Likely Located At Approximately S12W95 And Had Most Likely Originated From Ar 13765. Attribution To Active Region 13765 Was Based On The Close Agreement Between The Location Of The Flare Seen In Uv Imagery (S12W97) And The Separate Manual Calculation Of The Approximate Location Of Ar 13765 At The Peak Time Of The Flare (S11W95-97), As Well As The Qualitative Comparison Of Features Seen On The Disk At The Time Of The Flare With The Location Of Those Features In Earlier Frames Where The Location Of Each Active Region Is More Distinguishable. Stix On Solo Also Confirms The Approximate Location Of The Flare.",2024,Qtr 3,August,5,S12W95,2024
13781,2024,Qtr 3,August,6,M1.1,2024,Qtr 3,August,6,6,2024,Qtr 3,August,6,2024-08-06T02:50:00-Flr-001,Solar Flare,2,GOES-P: EXIS 1.0-8.0,8,No Note,2024,Qtr 3,August,6,N12E65,2024
0,2024,Qtr 3,August,7,C8.5,2024,Qtr 3,August,7,7,2024,Qtr 3,August,7,2024-08-07T01:55:00-Flr-001,Solar Flare,1,GOES-P: EXIS 1.0-8.0,8,Associated Active Region Could Not Be Determined Based On Euv Imagery.,2024,Qtr 3,August,7,N05W85,2024
13781,2024,Qtr 3,August,7,M1.1,2024,Qtr 3,August,7,7,2024,Qtr 3,August,7,2024-08-07T04:52:00-Flr-001,Solar Flare,4,GOES-P: EXIS 1.0-8.0,8,No Note,2024,Qtr 3,August,7,N13E53,2024
13774,2024,Qtr 3,August,7,M1.8,2024,Qtr 3,August,7,7,2024,Qtr 3,August,7,2024-08-07T02:21:00-Flr-001,Solar Flare,2,GOES-P: EXIS 1.0-8.0,8,No Note,2024,Qtr 3,August,7,S08W18,2024
13774,2024,Qtr 3,August,7,M4.5,2024,Qtr 3,August,7,7,2024,Qtr 3,August,7,2024-08-07T13:30:00-Flr-001,Solar Flare,13,GOES-P: EXIS 1.0-8.0,8,No Note,2024,Qtr 3,August,7,S10W22,2024
13781,2024,Qtr 3,August,8,M1.0,2024,Qtr 3,August,8,8,2024,Qtr 3,August,8,2024-08-08T12:05:00-Flr-001,Solar Flare,12,GOES-P: EXIS 1.0-8.0,8,Simultaneous Flaring Is Observed From Active Region 13777 At The Time Of This Event.,2024,Qtr 3,August,8,N14E34,2024
13781,2024,Qtr 3,August,8,M1.0,2024,Qtr 3,August,8,8,2024,Qtr 3,August,8,2024-08-08T12:56:00-Flr-001,Solar Flare,12,GOES-P: EXIS 1.0-8.0,8,No Note,2024,Qtr 3,August,8,N14E34,2024
13777,2024,Qtr 3,August,8,M1.3,2024,Qtr 3,August,8,8,2024,Qtr 3,August,8,2024-08-08T03:27:00-Flr-001,Solar Flare,3,GOES-P: EXIS 1.0-8.0,8,No Note,2024,Qtr 3,August,8,S05W15,2024
13788,2024,Qtr 3,August,8,M1.5,2024,Qtr 3,August,8,8,2024,Qtr 3,August,8,2024-08-08T13:36:00-Flr-001,Solar Flare,13,GOES-P: EXIS 1.0-8.0,8,"Update: This Flare Likely Originated From Active Region 13788, Which Was Unnumbered At The Time Of This Event. Simultaneous Flaring Was Also Observed From Active Region 13777 (S10W11).",2024,Qtr 3,August,8,S10E90,2024
13777,2024,Qtr 3,August,8,M1.6,2024,Qtr 3,August,8,8,2024,Qtr 3,August,8,2024-08-08T11:24:00-Flr-001,Solar Flare,11,GOES-P: EXIS 1.0-8.0,8,No Note,2024,Qtr 3,August,8,S07W20,2024
13777,2024,Qtr 3,August,8,M2.1,2024,Qtr 3,August,8,8,2024,Qtr 3,August,8,2024-08-08T00:49:00-Flr-001,Solar Flare,0,GOES-P: EXIS 1.0-8.0,8,No Note,2024,Qtr 3,August,8,S12W05,2024
13777,2024,Qtr 3,August,8,M5.0,2024,Qtr 3,August,7,7,2024,Qtr 3,August,8,2024-08-07T18:31:00-Flr-001,Solar Flare,18,GOES-P: EXIS 1.0-8.0,8,No Note,2024,Qtr 3,August,8,S09W05,2024
13781,2024,Qtr 3,August,9,M1.0,2024,Qtr 3,August,9,9,2024,Qtr 3,August,9,2024-08-09T12:38:00-Flr-001,Solar Flare,12,GOES-P: EXIS 1.0-8.0,8,No Note,2024,Qtr 3,August,9,N15E22,2024
13780,2024,Qtr 3,August,9,M1.0,2024,Qtr 3,August,9,9,2024,Qtr 3,August,9,2024-08-09T12:51:00-Flr-001,Solar Flare,12,GOES-P: EXIS 1.0-8.0,8,No Note,2024,Qtr 3,August,9,S12E08,2024
13780,2024,Qtr 3,August,9,M1.2,2024,Qtr 3,August,8,8,2024,Qtr 3,August,9,2024-08-08T22:46:00-Flr-001,Solar Flare,22,GOES-P: EXIS 1.0-8.0,8,No Note,2024,Qtr 3,August,9,S14E18,2024
13777,2024,Qtr 3,August,9,M1.2,2024,Qtr 3,August,9,9,2024,Qtr 3,August,9,2024-08-09T10:41:00-Flr-001,Solar Flare,10,GOES-P: EXIS 1.0-8.0,8,No Note,2024,Qtr 3,August,9,S09W28,2024
13780,2024,Qtr 3,August,9,M1.4,2024,Qtr 3,August,9,9,2024,Qtr 3,August,9,2024-08-09T11:56:00-Flr-001,Solar Flare,11,GOES-P: EXIS 1.0-8.0,8,No Note,2024,Qtr 3,August,9,S09W08,2024
13777,2024,Qtr 3,August,9,X1.3,2024,Qtr 3,August,8,8,2024,Qtr 3,August,9,2024-08-08T19:01:00-Flr-001,Solar Flare,19,GOES-P: EXIS 1.0-8.0,8,"Notification Id 20240808-Al-004 Was Sent Erroneously Due To A Brief Goes Data Gap During The Flare'S Rising Phase, Which Triggered A Second >M5 Notification When The Data Backfilled Shortly After. It Remains Linked Here To Avoid Confusion, But The First Two Notifications Here Are The True Ones For This Flare Entry.",2024,Qtr 3,August,9,S04W23,2024
13777,2024,Qtr 3,August,10,M1.0,2024,Qtr 3,August,9,9,2024,Qtr 3,August,10,2024-08-09T20:27:00-Flr-001,Solar Flare,20,GOES-P: EXIS 1.0-8.0,8,No Note,2024,Qtr 3,August,10,S07W39,2024
13780,2024,Qtr 3,August,10,M1.1,2024,Qtr 3,August,9,9,2024,Qtr 3,August,10,2024-08-09T23:43:00-Flr-001,Solar Flare,23,GOES-P: EXIS 1.0-8.0,8,No Note,2024,Qtr 3,August,10,S12W03,2024
13782,2024,Qtr 3,August,10,M1.2,2024,Qtr 3,August,10,10,2024,Qtr 3,August,10,2024-08-10T15:11:00-Flr-001,Solar Flare,15,GOES-P: EXIS 1.0-8.0,8,No Note,2024,Qtr 3,August,10,N03E33,2024
13780,2024,Qtr 3,August,10,M1.3,2024,Qtr 3,August,10,10,2024,Qtr 3,August,10,2024-08-10T00:52:00-Flr-001,Solar Flare,0,GOES-P: EXIS 1.0-8.0,8,No Note,2024,Qtr 3,August,10,S10W00,2024
13780,2024,Qtr 3,August,10,M1.3,2024,Qtr 3,August,10,10,2024,Qtr 3,August,10,2024-08-10T14:09:00-Flr-001,Solar Flare,14,GOES-P: EXIS 1.0-8.0,8,No Note,2024,Qtr 3,August,10,S12W02,2024
13780,2024,Qtr 3,August,10,M1.6,2024,Qtr 3,August,10,10,2024,Qtr 3,August,10,2024-08-10T04:03:00-Flr-001,Solar Flare,4,GOES-P: EXIS 1.0-8.0,8,No Note,2024,Qtr 3,August,10,S14W01,2024
13784,2024,Qtr 3,August,10,M2.9,2024,Qtr 3,August,9,9,2024,Qtr 3,August,10,2024-08-09T21:50:00-Flr-001,Solar Flare,21,GOES-P: EXIS 1.0-8.0,8,"This Flare Is Attributed To Ar 3784 Based On Brightening From This Region In Sdo Aia 131 Imagery, But Occurs Directly Following The M4.5 Flare Peaking At 2024-08-09T21:23Z From Ar 3777.",2024,Qtr 3,August,10,N15E65,2024
13774,2024,Qtr 3,August,10,M4.5,2024,Qtr 3,August,9,9,2024,Qtr 3,August,10,2024-08-09T21:10:00-Flr-001,Solar Flare,21,GOES-P: EXIS 1.0-8.0,8,"This Flare Occurs Between Ars 3777 And 3774, And Is Assigned To Ar 3774. Flare Location Has Been Updated From Original Donki Entry.",2024,Qtr 3,August,10,S05W40,2024
13780,2024,Qtr 3,August,10,M5.3,2024,Qtr 3,August,10,10,2024,Qtr 3,August,10,2024-08-10T02:14:00-Flr-001,Solar Flare,2,GOES-P: EXIS 1.0-8.0,8,"The Flare Started In Ar 3780 Centered Around S12E02 But A Brighter, More Pointed, Flare Developed At ~S08W02 Starting At 2024-08-10T02:31Z. Location Of The M5.3 Class Flare Still Needs To Be Clarified.",2024,Qtr 3,August,10,S08W02,2024
13780,2024,Qtr 3,August,11,M1.0,2024,Qtr 3,August,11,11,2024,Qtr 3,August,11,2024-08-11T00:22:00-Flr-001,Solar Flare,0,GOES-P: EXIS 1.0-8.0,8,No Note,2024,Qtr 3,August,11,S15W10,2024
13774,2024,Qtr 3,August,11,M1.0,2024,Qtr 3,August,11,11,2024,Qtr 3,August,11,2024-08-11T01:09:00-Flr-001,Solar Flare,1,GOES-P: EXIS 1.0-8.0,8,No Note,2024,Qtr 3,August,11,S10W60,2024
13780,2024,Qtr 3,August,11,M1.6,2024,Qtr 3,August,11,11,2024,Qtr 3,August,11,2024-08-11T05:23:00-Flr-001,Solar Flare,5,GOES-P: EXIS 1.0-8.0,8,No Note,2024,Qtr 3,August,11,S15W15,2024
13780,2024,Qtr 3,August,12,M1.2,2024,Qtr 3,August,11,11,2024,Qtr 3,August,12,2024-08-11T23:40:00-Flr-001,Solar Flare,23,GOES-P: EXIS 1.0-8.0,8,No Note,2024,Qtr 3,August,12,S14W22,2024
13777,2024,Qtr 3,August,12,M1.6,2024,Qtr 3,August,11,11,2024,Qtr 3,August,12,2024-08-11T19:57:00-Flr-001,Solar Flare,19,GOES-P: EXIS 1.0-8.0,8,No Note,2024,Qtr 3,August,12,S10W57,2024
13780,2024,Qtr 3,August,13,C6.6,2024,Qtr 3,August,13,13,2024,Qtr 3,August,13,2024-08-13T07:30:00-Flr-001,Solar Flare,7,GOES-P: EXIS 1.0-8.0,8,No Note,2024,Qtr 3,August,13,S10W38,2024
13784,2024,Qtr 3,August,13,M1.0,2024,Qtr 3,August,13,13,2024,Qtr 3,August,13,2024-08-13T17:25:00-Flr-001,Solar Flare,17,GOES-P: EXIS 1.0-8.0,8,No Note,2024,Qtr 3,August,13,N15E11,2024
13784,2024,Qtr 3,August,13,M1.2,2024,Qtr 3,August,12,12,2024,Qtr 3,August,13,2024-08-12T22:47:00-Flr-001,Solar Flare,22,GOES-P: EXIS 1.0-8.0,8,No Note,2024,Qtr 3,August,13,N12E20,2024
13790,2024,Qtr 3,August,14,M1.0,2024,Qtr 3,August,14,14,2024,Qtr 3,August,14,2024-08-14T13:16:00-Flr-001,Solar Flare,13,GOES-P: EXIS 1.0-8.0,8,Simultaneous Smaller Contribution From Active Region 13784 (N15W02).,2024,Qtr 3,August,14,S09E90,2024
13784,2024,Qtr 3,August,14,M1.3,2024,Qtr 3,August,13,13,2024,Qtr 3,August,14,2024-08-13T22:38:00-Flr-001,Solar Flare,22,GOES-P: EXIS 1.0-8.0,8,With A Contribution From Ar3777 (S10W88).,2024,Qtr 3,August,14,N15E08,2024
13784,2024,Qtr 3,August,14,M4.2,2024,Qtr 3,August,13,13,2024,Qtr 3,August,14,2024-08-13T23:26:00-Flr-001,Solar Flare,23,GOES-P: EXIS 1.0-8.0,8,No Note,2024,Qtr 3,August,14,N15E08,2024
13777,2024,Qtr 3,August,14,M4.4,2024,Qtr 3,August,14,14,2024,Qtr 3,August,14,2024-08-14T03:33:00-Flr-001,Solar Flare,3,GOES-P: EXIS 1.0-8.0,8,"Simultaneous, Less Intense Flaring Is Observed From Active Region 13784 During This Event As Well.",2024,Qtr 3,August,14,S04W89,2024
13790,2024,Qtr 3,August,14,M5.3,2024,Qtr 3,August,14,14,2024,Qtr 3,August,14,2024-08-14T15:44:00-Flr-001,Solar Flare,15,GOES-P: EXIS 1.0-8.0,8,"Immediately Preceded By A C7.9 Flare From Active Region 13784 (N15W02): Start Time 2024-08-14T15:39Z, Peak 2024-08-14T15:42Z, End 2024-08-14T15:44Z.",2024,Qtr 3,August,14,S09E90,2024
13784,2024,Qtr 3,August,14,X1.1,2024,Qtr 3,August,14,14,2024,Qtr 3,August,14,2024-08-14T06:00:00-Flr-001,Solar Flare,6,GOES-P: EXIS 1.0-8.0,8,No Note,2024,Qtr 3,August,14,N14E03,2024
13780,2024,Qtr 3,August,15,M1.1,2024,Qtr 3,August,15,15,2024,Qtr 3,August,15,2024-08-15T03:35:00-Flr-001,Solar Flare,3,GOES-P: EXIS 1.0-8.0,8,No Note,2024,Qtr 3,August,15,S10W65,2024
13789,2024,Qtr 3,August,16,C5.9,2024,Qtr 3,August,16,16,2024,Qtr 3,August,16,2024-08-16T14:00:00-Flr-001,Solar Flare,14,GOES-P: EXIS 1.0-8.0,8,No Note,2024,Qtr 3,August,16,N28E04,2024
13780,2024,Qtr 3,August,16,M1.3,2024,Qtr 3,August,16,16,2024,Qtr 3,August,16,2024-08-16T13:13:00-Flr-001,Solar Flare,13,GOES-P: EXIS 1.0-8.0,8,No Note,2024,Qtr 3,August,16,S04W90,2024
13785,2024,Qtr 3,August,17,M1.1,2024,Qtr 3,August,17,17,2024,Qtr 3,August,17,2024-08-17T11:22:00-Flr-001,Solar Flare,11,GOES-P: EXIS 1.0-8.0,8,No Note,2024,Qtr 3,August,17,S15W27,2024
13784,2024,Qtr 3,August,17,M1.6,2024,Qtr 3,August,17,17,2024,Qtr 3,August,17,2024-08-17T10:24:00-Flr-001,Solar Flare,10,GOES-P: EXIS 1.0-8.0,8,No Note,2024,Qtr 3,August,17,N17W41,2024
13790,2024,Qtr 3,August,18,M1.1,2024,Qtr 3,August,17,17,2024,Qtr 3,August,18,2024-08-17T21:37:00-Flr-001,Solar Flare,21,GOES-P: EXIS 1.0-8.0,8,There Was Also Less Intense Flaring From Beyond The Eastern Limb.,2024,Qtr 3,August,18,S12E48,2024
13784,2024,Qtr 3,August,18,M1.1,2024,Qtr 3,August,18,18,2024,Qtr 3,August,18,2024-08-18T04:07:00-Flr-001,Solar Flare,4,GOES-P: EXIS 1.0-8.0,8,Simultaneous Flaring In Ars 3790 (S13E44) And 3784 (N17W49).,2024,Qtr 3,August,18,N17W49,2024
13784,2024,Qtr 3,August,18,M1.2,2024,Qtr 3,August,18,18,2024,Qtr 3,August,18,2024-08-18T07:15:00-Flr-001,Solar Flare,7,GOES-P: EXIS 1.0-8.0,8,No Note,2024,Qtr 3,August,18,N17W51,2024
13790,2024,Qtr 3,August,18,M1.4,2024,Qtr 3,August,17,17,2024,Qtr 3,August,18,2024-08-17T21:57:00-Flr-001,Solar Flare,21,GOES-P: EXIS 1.0-8.0,8,Simultaneous Flaring From Beyond The Eastern Limb (~S03E90+).,2024,Qtr 3,August,18,S11E48,2024
13784,2024,Qtr 3,August,18,M2.4,2024,Qtr 3,August,18,18,2024,Qtr 3,August,18,2024-08-18T01:50:00-Flr-001,Solar Flare,1,GOES-P: EXIS 1.0-8.0,8,No Note,2024,Qtr 3,August,18,N17W50,2024
13796,2024,Qtr 3,August,19,M1.3,2024,Qtr 3,August,18,18,2024,Qtr 3,August,19,2024-08-18T20:52:00-Flr-001,Solar Flare,20,GOES-P: EXIS 1.0-8.0,8,No Note,2024,Qtr 3,August,19,S07E80,2024
13785,2024,Qtr 3,August,19,M1.3,2024,Qtr 3,August,19,19,2024,Qtr 3,August,19,2024-08-19T09:28:00-Flr-001,Solar Flare,9,GOES-P: EXIS 1.0-8.0,8,No Note,2024,Qtr 3,August,19,S17W57,2024
13796,2024,Qtr 3,August,19,M1.4,2024,Qtr 3,August,18,18,2024,Qtr 3,August,19,2024-08-18T23:46:00-Flr-001,Solar Flare,23,GOES-P: EXIS 1.0-8.0,8,No Note,2024,Qtr 3,August,19,S03E70,2024
13796,2024,Qtr 3,August,20,M1.0,2024,Qtr 3,August,19,19,2024,Qtr 3,August,20,2024-08-19T22:55:00-Flr-001,Solar Flare,22,GOES-P: EXIS 1.0-8.0,8,No Note,2024,Qtr 3,August,20,S07E65,2024
13796,2024,Qtr 3,August,20,M1.2,2024,Qtr 3,August,20,20,2024,Qtr 3,August,20,2024-08-20T04:37:00-Flr-001,Solar Flare,4,GOES-P: EXIS 1.0-8.0,8,No Note,2024,Qtr 3,August,20,S07E60,2024
13785,2024,Qtr 3,August,20,M1.3,2024,Qtr 3,August,20,20,2024,Qtr 3,August,20,2024-08-20T17:06:00-Flr-001,Solar Flare,17,GOES-P: EXIS 1.0-8.0,8,No Note,2024,Qtr 3,August,20,S13W81,2024
13796,2024,Qtr 3,August,20,M3.7,2024,Qtr 3,August,19,19,2024,Qtr 3,August,20,2024-08-19T21:41:00-Flr-001,Solar Flare,21,GOES-P: EXIS 1.0-8.0,8,No Note,2024,Qtr 3,August,20,S03E57,2024
13796,2024,Qtr 3,August,21,M1.1,2024,Qtr 3,August,21,21,2024,Qtr 3,August,21,2024-08-21T05:53:00-Flr-001,Solar Flare,5,GOES-P: EXIS 1.0-8.0,8,No Note,2024,Qtr 3,August,21,S04E40,2024
13801,2024,Qtr 3,August,22,C5.6,2024,Qtr 3,August,22,22,2024,Qtr 3,August,22,2024-08-22T08:04:00-Flr-001,Solar Flare,8,GOES-P: EXIS 1.0-8.0,8,No Note,2024,Qtr 3,August,22,N09E75,2024
13796,2024,Qtr 3,August,22,M1.5,2024,Qtr 3,August,22,22,2024,Qtr 3,August,22,2024-08-22T10:32:00-Flr-001,Solar Flare,10,GOES-P: EXIS 1.0-8.0,8,No Note,2024,Qtr 3,August,22,S03E23,2024
13796,2024,Qtr 3,August,22,M5.1,2024,Qtr 3,August,21,21,2024,Qtr 3,August,22,2024-08-21T21:59:00-Flr-001,Solar Flare,21,GOES-P: EXIS 1.0-8.0,8,No Note,2024,Qtr 3,August,22,S04E28,2024
13794,2024,Qtr 3,August,23,C5.6,2024,Qtr 3,August,23,23,2024,Qtr 3,August,23,2024-08-23T01:05:00-Flr-001,Solar Flare,1,GOES-P: EXIS 1.0-8.0,8,No Note,2024,Qtr 3,August,23,N20W31,2024
13800,2024,Qtr 3,August,23,M1.0,2024,Qtr 3,August,23,23,2024,Qtr 3,August,23,2024-08-23T04:12:00-Flr-001,Solar Flare,4,GOES-P: EXIS 1.0-8.0,8,No Note,2024,Qtr 3,August,23,S28E32,2024
13800,2024,Qtr 3,August,23,M1.1,2024,Qtr 3,August,23,23,2024,Qtr 3,August,23,2024-08-23T16:33:00-Flr-001,Solar Flare,16,GOES-P: EXIS 1.0-8.0,8,No Note,2024,Qtr 3,August,23,S28E23,2024
13800,2024,Qtr 3,August,23,M1.7,2024,Qtr 3,August,23,23,2024,Qtr 3,August,23,2024-08-23T13:50:00-Flr-001,Solar Flare,13,GOES-P: EXIS 1.0-8.0,8,No Note,2024,Qtr 3,August,23,S28E25,2024
13801,2024,Qtr 3,August,23,M1.7,2024,Qtr 3,August,23,23,2024,Qtr 3,August,23,2024-08-23T14:52:00-Flr-001,Solar Flare,14,GOES-P: EXIS 1.0-8.0,8,No Note,2024,Qtr 3,August,23,N09E59,2024
13801,2024,Qtr 3,August,23,M3.4,2024,Qtr 3,August,23,23,2024,Qtr 3,August,23,2024-08-23T03:31:00-Flr-001,Solar Flare,3,GOES-P: EXIS 1.0-8.0,8,No Note,2024,Qtr 3,August,23,N09E63,2024
13801,2024,Qtr 3,August,24,M1.1,2024,Qtr 3,August,23,23,2024,Qtr 3,August,24,2024-08-23T19:23:00-Flr-001,Solar Flare,19,GOES-P: EXIS 1.0-8.0,8,No Note,2024,Qtr 3,August,24,N09E57,2024
13796,2024,Qtr 3,August,24,M1.6,2024,Qtr 3,August,24,24,2024,Qtr 3,August,24,2024-08-24T00:02:00-Flr-001,Solar Flare,0,GOES-P: EXIS 1.0-8.0,8,No Note,2024,Qtr 3,August,24,S04E00,2024
13800,2024,Qtr 3,August,24,M3.4,2024,Qtr 3,August,23,23,2024,Qtr 3,August,24,2024-08-23T19:39:00-Flr-001,Solar Flare,19,GOES-P: EXIS 1.0-8.0,8,No Note,2024,Qtr 3,August,24,S27E21,2024
13800,2024,Qtr 3,August,24,M5.1,2024,Qtr 3,August,23,23,2024,Qtr 3,August,24,2024-08-23T20:08:00-Flr-001,Solar Flare,20,GOES-P: EXIS 1.0-8.0,8,No Note,2024,Qtr 3,August,24,S27E21,2024
13796,2024,Qtr 3,August,25,M1.0,2024,Qtr 3,August,24,24,2024,Qtr 3,August,25,2024-08-24T18:46:00-Flr-001,Solar Flare,18,GOES-P: EXIS 1.0-8.0,8,No Note,2024,Qtr 3,August,25,S03W10,2024
13800,2024,Qtr 3,August,25,M1.3,2024,Qtr 3,August,24,24,2024,Qtr 3,August,25,2024-08-24T21:28:00-Flr-001,Solar Flare,21,GOES-P: EXIS 1.0-8.0,8,No Note,2024,Qtr 3,August,25,S26E08,2024
13796,2024,Qtr 3,August,25,M1.4,2024,Qtr 3,August,24,24,2024,Qtr 3,August,25,2024-08-24T19:17:00-Flr-001,Solar Flare,19,GOES-P: EXIS 1.0-8.0,8,No Note,2024,Qtr 3,August,25,S05W10,2024
13800,2024,Qtr 3,August,25,M1.7,2024,Qtr 3,August,24,24,2024,Qtr 3,August,25,2024-08-24T23:18:00-Flr-001,Solar Flare,23,GOES-P: EXIS 1.0-8.0,8,No Note,2024,Qtr 3,August,25,S26E06,2024
13796,2024,Qtr 3,August,26,M1.4,2024,Qtr 3,August,26,26,2024,Qtr 3,August,26,2024-08-26T11:28:00-Flr-001,Solar Flare,11,GOES-P: EXIS 1.0-8.0,8,No Note,2024,Qtr 3,August,26,S05W33,2024
13796,2024,Qtr 3,August,27,M1.1,2024,Qtr 3,August,27,27,2024,Qtr 3,August,27,2024-08-27T09:30:00-Flr-001,Solar Flare,9,GOES-P: EXIS 1.0-8.0,8,No Note,2024,Qtr 3,August,27,S05W41,2024
13808,2024,Qtr 3,August,30,M1.2,2024,Qtr 3,August,30,30,2024,Qtr 3,August,30,2024-08-30T02:00:00-Flr-001,Solar Flare,2,GOES-P: EXIS 1.0-8.0,8,This Flare Occurs About 15 Degrees East Of The Designated Location Of Ar 13806.,2024,Qtr 3,August,30,S09E70,2024
13806,2024,Qtr 3,August,30,M3.8,2024,Qtr 3,August,30,30,2024,Qtr 3,August,30,2024-08-30T12:13:00-Flr-001,Solar Flare,12,GOES-P: EXIS 1.0-8.0,8,No Note,2024,Qtr 3,August,30,S12E55,2024
13806,2024,Qtr 3,August,31,M1.1,2024,Qtr 3,August,31,31,2024,Qtr 3,August,31,2024-08-31T00:38:00-Flr-001,Solar Flare,0,GOES-P: EXIS 1.0-8.0,8,No Note,2024,Qtr 3,August,31,S12E48,2024
13806,2024,Qtr 3,August,31,M1.2,2024,Qtr 3,August,31,31,2024,Qtr 3,August,31,2024-08-31T02:26:00-Flr-001,Solar Flare,2,GOES-P: EXIS 1.0-8.0,8,No Note,2024,Qtr 3,August,31,S09E46,2024
13813,2024,Qtr 3,August,31,M1.2,2024,Qtr 3,August,31,31,2024,Qtr 3,August,31,2024-08-31T08:52:00-Flr-001,Solar Flare,8,GOES-P: EXIS 1.0-8.0,8,"Ar Was Unnumbered At Time Of Flare, Possibly Came From Newly Numbered Ar 13813 Based On Visual Inspection Of Sdo/Aia 131 Imagery.",2024,Qtr 3,August,31,S18E90,2024
13806,2024,Qtr 3,August,31,M1.8,2024,Qtr 3,August,31,31,2024,Qtr 3,August,31,2024-08-31T12:50:00-Flr-001,Solar Flare,12,GOES-P: EXIS 1.0-8.0,8,No Note,2024,Qtr 3,August,31,S10E39,2024
13807,2024,Qtr 3,September,1,M1.1,2024,Qtr 3,September,1,1,2024,Qtr 3,September,1,2024-09-01T18:00:00-Flr-001,Solar Flare,18,GOES-P: EXIS 1.0-8.0,9,No Note,2024,Qtr 3,September,1,S16W28,2024
13807,2024,Qtr 3,September,1,M1.4,2024,Qtr 3,September,1,1,2024,Qtr 3,September,1,2024-09-01T07:47:00-Flr-001,Solar Flare,7,GOES-P: EXIS 1.0-8.0,9,"A Series Of Three Smaller Flares, First From Ar 13807 (S16W24) Starting At 07:47Z, Followed By A Small Amount Of Brightening From Ar 13806 (S12E30) Starting At 07:52Z (In Sdo Aia 131), Followed By The Relatively Brightest Small Flare Of The Three, Located On The East Limb (S20E90) And Starting At 07:54Z (In Goes Suvi 131).",2024,Qtr 3,September,1,S16W24,2024
13806,2024,Qtr 3,September,1,M1.9,2024,Qtr 3,September,1,1,2024,Qtr 3,September,1,2024-09-01T16:14:00-Flr-001,Solar Flare,16,GOES-P: EXIS 1.0-8.0,9,No Note,2024,Qtr 3,September,1,S11E24,2024
0,2024,Qtr 3,September,1,M5.5,2024,Qtr 3,September,1,1,2024,Qtr 3,September,1,2024-09-01T11:45:00-Flr-001,Solar Flare,11,GOES-P: EXIS 1.0-8.0,9,"Long-Duration Brightening Associated With Post-Eruptive Arcades, Spanning From S20 To S30 On The East Limb.",2024,Qtr 3,September,1,S25E90,2024
13813,2024,Qtr 3,September,2,M1.0,2024,Qtr 3,September,1,1,2024,Qtr 3,September,2,2024-09-01T20:13:00-Flr-001,Solar Flare,20,GOES-P: EXIS 1.0-8.0,9,No Note,2024,Qtr 3,September,2,S20E90,2024
13813,2024,Qtr 3,September,2,M1.1,2024,Qtr 3,September,1,1,2024,Qtr 3,September,2,2024-09-01T19:55:00-Flr-001,Solar Flare,19,GOES-P: EXIS 1.0-8.0,9,No Note,2024,Qtr 3,September,2,S19E78,2024
13807,2024,Qtr 3,September,2,M1.5,2024,Qtr 3,September,1,1,2024,Qtr 3,September,2,2024-09-01T22:37:00-Flr-001,Solar Flare,22,GOES-P: EXIS 1.0-8.0,9,No Note,2024,Qtr 3,September,2,S19W22,2024
13813,2024,Qtr 3,September,2,M1.8,2024,Qtr 3,September,2,2,2024,Qtr 3,September,2,2024-09-02T13:13:00-Flr-001,Solar Flare,13,GOES-P: EXIS 1.0-8.0,9,No Note,2024,Qtr 3,September,2,S17E62,2024
13813,2024,Qtr 3,September,2,M1.9,2024,Qtr 3,September,2,2,2024,Qtr 3,September,2,2024-09-02T05:21:00-Flr-001,Solar Flare,5,GOES-S: EXIS 1.0-8.0,9,No Note,2024,Qtr 3,September,2,S20E72,2024
13807,2024,Qtr 3,September,2,M2.9,2024,Qtr 3,September,2,2,2024,Qtr 3,September,2,2024-09-02T13:34:00-Flr-001,Solar Flare,13,GOES-P: EXIS 1.0-8.0,9,Simultaneous Ongoing Flaring From Ar 3813 (S17E62).,2024,Qtr 3,September,2,S18W40,2024
13807,2024,Qtr 3,September,3,M1.4,2024,Qtr 3,September,2,2,2024,Qtr 3,September,3,2024-09-02T19:57:00-Flr-001,Solar Flare,19,GOES-P: EXIS 1.0-8.0,9,No Note,2024,Qtr 3,September,3,S16W39,2024
13813,2024,Qtr 3,September,3,M1.4,2024,Qtr 3,September,3,3,2024,Qtr 3,September,3,2024-09-03T07:12:00-Flr-001,Solar Flare,7,GOES-P: EXIS 1.0-8.0,9,There Is Simultaneous Flaring In Active Region 3807 (S16W49) As Well.,2024,Qtr 3,September,3,S22E54,2024
13807,2024,Qtr 3,September,3,M1.5,2024,Qtr 3,September,2,2,2024,Qtr 3,September,3,2024-09-02T22:35:00-Flr-001,Solar Flare,22,GOES-P: EXIS 1.0-8.0,9,No Note,2024,Qtr 3,September,3,S15W50,2024
13813,2024,Qtr 3,September,3,M1.8,2024,Qtr 3,September,2,2,2024,Qtr 3,September,3,2024-09-02T20:56:00-Flr-001,Solar Flare,20,GOES-P: EXIS 1.0-8.0,9,No Note,2024,Qtr 3,September,3,S20E62,2024
13813,2024,Qtr 3,September,3,M2.9,2024,Qtr 3,September,3,3,2024,Qtr 3,September,3,2024-09-03T16:08:00-Flr-001,Solar Flare,16,GOES-P: EXIS 1.0-8.0,9,No Note,2024,Qtr 3,September,3,S19E51,2024
13813,2024,Qtr 3,September,3,M3.3,2024,Qtr 3,September,3,3,2024,Qtr 3,September,3,2024-09-03T15:51:00-Flr-001,Solar Flare,15,GOES-P: EXIS 1.0-8.0,9,No Note,2024,Qtr 3,September,3,S19E51,2024
13806,2024,Qtr 3,September,4,M1.0,2024,Qtr 3,September,4,4,2024,Qtr 3,September,4,2024-09-04T05:55:00-Flr-001,Solar Flare,5,GOES-P: EXIS 1.0-8.0,9,No Note,2024,Qtr 3,September,4,S12W13,2024
13806,2024,Qtr 3,September,4,M1.0,2024,Qtr 3,September,4,4,2024,Qtr 3,September,4,2024-09-04T06:07:00-Flr-001,Solar Flare,6,GOES-P: EXIS 1.0-8.0,9,No Note,2024,Qtr 3,September,4,S12W12,2024
13813,2024,Qtr 3,September,4,M1.0,2024,Qtr 3,September,4,4,2024,Qtr 3,September,4,2024-09-04T13:08:00-Flr-001,Solar Flare,13,GOES-P: EXIS 1.0-8.0,9,No Note,2024,Qtr 3,September,4,S22E44,2024
13807,2024,Qtr 3,September,4,M1.2,2024,Qtr 3,September,4,4,2024,Qtr 3,September,4,2024-09-04T04:49:00-Flr-001,Solar Flare,4,GOES-S: EXIS 1.0-8.0,9,No Note,2024,Qtr 3,September,4,S18E44,2024
13813,2024,Qtr 3,September,4,M1.4,2024,Qtr 3,September,4,4,2024,Qtr 3,September,4,2024-09-04T02:43:00-Flr-001,Solar Flare,2,GOES-P: EXIS 1.0-8.0,9,No Note,2024,Qtr 3,September,4,S22E49,2024
13807,2024,Qtr 3,September,5,M1.0,2024,Qtr 3,September,5,5,2024,Qtr 3,September,5,2024-09-05T00:17:00-Flr-001,Solar Flare,0,GOES-P: EXIS 1.0-8.0,9,There Also Was Simultaneous Flaring From Active Region 3813 (S26E38).,2024,Qtr 3,September,5,S15W73,2024
13813,2024,Qtr 3,September,5,M1.0,2024,Qtr 3,September,5,5,2024,Qtr 3,September,5,2024-09-05T03:37:00-Flr-001,Solar Flare,3,GOES-P: EXIS 1.0-8.0,9,No Note,2024,Qtr 3,September,5,S23E33,2024
13806,2024,Qtr 3,September,5,M1.1,2024,Qtr 3,September,5,5,2024,Qtr 3,September,5,2024-09-05T03:12:00-Flr-001,Solar Flare,3,GOES-P: EXIS 1.0-8.0,9,No Note,2024,Qtr 3,September,5,S12W24,2024
13811,2024,Qtr 3,September,5,M1.2,2024,Qtr 3,September,4,4,2024,Qtr 3,September,5,2024-09-04T19:41:00-Flr-001,Solar Flare,19,GOES-P: EXIS 1.0-8.0,9,There Was Also Simultaneous Flaring In Active Region 3806 (~S27W22).,2024,Qtr 3,September,5,S13E20,2024
13807,2024,Qtr 3,September,5,M1.3,2024,Qtr 3,September,5,5,2024,Qtr 3,September,5,2024-09-05T13:20:00-Flr-001,Solar Flare,13,GOES-P: EXIS 1.0-8.0,9,No Note,2024,Qtr 3,September,5,S15W80,2024
13807,2024,Qtr 3,September,5,M1.4,2024,Qtr 3,September,5,5,2024,Qtr 3,September,5,2024-09-05T09:02:00-Flr-001,Solar Flare,9,GOES-S: EXIS 1.0-8.0,9,No Note,2024,Qtr 3,September,5,S15W77,2024
13807,2024,Qtr 3,September,5,M1.6,2024,Qtr 3,September,5,5,2024,Qtr 3,September,5,2024-09-05T09:26:00-Flr-001,Solar Flare,9,GOES-P: EXIS 1.0-8.0,9,No Note,2024,Qtr 3,September,5,S15W77,2024
13807,2024,Qtr 3,September,5,M2.8,2024,Qtr 3,September,5,5,2024,Qtr 3,September,5,2024-09-05T08:47:00-Flr-001,Solar Flare,8,GOES-S: EXIS 1.0-8.0,9,No Note,2024,Qtr 3,September,5,S18W72,2024
13815,2024,Qtr 3,September,7,M1.6,2024,Qtr 3,September,7,7,2024,Qtr 3,September,7,2024-09-07T06:17:00-Flr-001,Solar Flare,6,GOES-P: EXIS 1.0-8.0,9,Long Duration Flare From Between Ar 3815 And 3813 (~S30E15).,2024,Qtr 3,September,7,S30E15,2024
13811,2024,Qtr 3,September,8,M1.5,2024,Qtr 3,September,8,8,2024,Qtr 3,September,8,2024-09-08T15:07:00-Flr-001,Solar Flare,15,GOES-P: EXIS 1.0-8.0,9,No Note,2024,Qtr 3,September,8,S15W30,2024
13806,2024,Qtr 3,September,9,M1.0,2024,Qtr 3,September,9,9,2024,Qtr 3,September,9,2024-09-09T00:57:00-Flr-001,Solar Flare,0,GOES-P: EXIS 1.0-8.0,9,No Note,2024,Qtr 3,September,9,S05W89,2024
13811,2024,Qtr 3,September,9,M1.0,2024,Qtr 3,September,9,9,2024,Qtr 3,September,9,2024-09-09T12:11:00-Flr-001,Solar Flare,12,GOES-P: EXIS 1.0-8.0,9,No Note,2024,Qtr 3,September,9,S14W45,2024
13814,2024,Qtr 3,September,9,M1.1,2024,Qtr 3,September,9,9,2024,Qtr 3,September,9,2024-09-09T09:18:00-Flr-001,Solar Flare,9,GOES-S: EXIS 1.0-8.0,9,"With A Contribution From An Ongoing M1.5-Class Flare From Ar 3806 In The West, Seen As A Brightening In Sdo 131.",2024,Qtr 3,September,9,N20E30,2024
13819,2024,Qtr 3,September,9,M1.2,2024,Qtr 3,September,9,9,2024,Qtr 3,September,9,2024-09-09T05:18:00-Flr-001,Solar Flare,5,GOES-P: EXIS 1.0-8.0,9,No Note,2024,Qtr 3,September,9,S30E03,2024
13806,2024,Qtr 3,September,9,M1.5,2024,Qtr 3,September,9,9,2024,Qtr 3,September,9,2024-09-09T08:41:00-Flr-001,Solar Flare,8,GOES-P: EXIS 1.0-8.0,9,No Note,2024,Qtr 3,September,9,S12W86,2024
13806,2024,Qtr 3,September,9,M1.7,2024,Qtr 3,September,9,9,2024,Qtr 3,September,9,2024-09-09T09:57:00-Flr-001,Solar Flare,9,GOES-P: EXIS 1.0-8.0,9,No Note,2024,Qtr 3,September,9,S12W87,2024
13808,2024,Qtr 3,September,9,M1.8,2024,Qtr 3,September,9,9,2024,Qtr 3,September,9,2024-09-09T05:40:00-Flr-001,Solar Flare,5,GOES-P: EXIS 1.0-8.0,9,"Swpc Attributes This Flare To Active Region 3806 (~S08W84), However Both Sdo And Euvi A Data Are More Indicative Of Active Region 3808.",2024,Qtr 3,September,9,S12W76,2024
13814,2024,Qtr 3,September,9,M3.4,2024,Qtr 3,September,9,9,2024,Qtr 3,September,9,2024-09-09T16:58:00-Flr-001,Solar Flare,16,GOES-P: EXIS 1.0-8.0,9,No Note,2024,Qtr 3,September,9,N15E15,2024
13814,2024,Qtr 3,September,10,M1.2,2024,Qtr 3,September,9,9,2024,Qtr 3,September,10,2024-09-09T23:47:00-Flr-001,Solar Flare,23,GOES-P: EXIS 1.0-8.0,9,No Note,2024,Qtr 3,September,10,N15E10,2024
0,2024,Qtr 3,September,10,M1.6,2024,Qtr 3,September,10,10,2024,Qtr 3,September,10,2024-09-10T15:34:00-Flr-001,Solar Flare,15,GOES-P: EXIS 1.0-8.0,9,No Note,2024,Qtr 3,September,10,S12W90,2024
13814,2024,Qtr 3,September,11,M1.0,2024,Qtr 3,September,10,10,2024,Qtr 3,September,11,2024-09-10T23:38:00-Flr-001,Solar Flare,23,GOES-P: EXIS 1.0-8.0,9,No Note,2024,Qtr 3,September,11,N15W02,2024
13818,2024,Qtr 3,September,11,M1.4,2024,Qtr 3,September,11,11,2024,Qtr 3,September,11,2024-09-11T15:09:00-Flr-001,Solar Flare,15,GOES-P: EXIS 1.0-8.0,9,Flare End Time Is Cut Off By Second Flare From East Limb. Brightening Is Observed In Between Active Regions 13811 And 13818.,2024,Qtr 3,September,11,S15W80,2024
13811,2024,Qtr 3,September,11,M1.6,2024,Qtr 3,September,11,11,2024,Qtr 3,September,11,2024-09-11T17:16:00-Flr-001,Solar Flare,17,GOES-P: EXIS 1.0-8.0,9,In The Vicinity Of Active Region 13811,2024,Qtr 3,September,11,S15W80,2024
13814,2024,Qtr 3,September,11,M1.8,2024,Qtr 3,September,11,11,2024,Qtr 3,September,11,2024-09-11T12:27:00-Flr-001,Solar Flare,12,GOES-P: EXIS 1.0-8.0,9,No Note,2024,Qtr 3,September,11,N15W10,2024
13825,2024,Qtr 3,September,11,M1.8,2024,Qtr 3,September,11,11,2024,Qtr 3,September,11,2024-09-11T15:24:00-Flr-001,Solar Flare,15,GOES-P: EXIS 1.0-8.0,9,"This Flare Likely Originated From Active Region 13825, Which Was Numbered After The Flare Was Observed.",2024,Qtr 3,September,11,S12E90,2024
13814,2024,Qtr 3,September,11,M2.0,2024,Qtr 3,September,11,11,2024,Qtr 3,September,11,2024-09-11T17:44:00-Flr-001,Solar Flare,17,GOES-P: EXIS 1.0-8.0,9,No Note,2024,Qtr 3,September,11,N15W12,2024
13811,2024,Qtr 3,September,12,M1.0,2024,Qtr 3,September,12,12,2024,Qtr 3,September,12,2024-09-12T03:55:00-Flr-001,Solar Flare,3,GOES-P: EXIS 1.0-8.0,9,No Note,2024,Qtr 3,September,12,S15W80,2024
13814,2024,Qtr 3,September,12,M1.2,2024,Qtr 3,September,12,12,2024,Qtr 3,September,12,2024-09-12T04:26:00-Flr-001,Solar Flare,4,GOES-S: EXIS 1.0-8.0,9,No Note,2024,Qtr 3,September,12,N15W19,2024
13811,2024,Qtr 3,September,12,M1.2,2024,Qtr 3,September,12,12,2024,Qtr 3,September,12,2024-09-12T13:13:00-Flr-001,Solar Flare,13,GOES-P: EXIS 1.0-8.0,9,No Note,2024,Qtr 3,September,12,S15W83,2024
13825,2024,Qtr 3,September,12,M1.6,2024,Qtr 3,September,12,12,2024,Qtr 3,September,12,2024-09-12T14:56:00-Flr-001,Solar Flare,14,GOES-P: EXIS 1.0-8.0,9,No Note,2024,Qtr 3,September,12,S15E80,2024
13811,2024,Qtr 3,September,12,M2.7,2024,Qtr 3,September,12,12,2024,Qtr 3,September,12,2024-09-12T06:04:00-Flr-001,Solar Flare,6,GOES-P: EXIS 1.0-8.0,9,No Note,2024,Qtr 3,September,12,S15W82,2024
13811,2024,Qtr 3,September,12,M5.0,2024,Qtr 3,September,11,11,2024,Qtr 3,September,12,2024-09-11T23:49:00-Flr-001,Solar Flare,23,GOES-P: EXIS 1.0-8.0,9,"Some Simultaneous Flaring From Ar 13814 (N15W16), But The Clear Majority Of This Brightening Is From Ar 13811.",2024,Qtr 3,September,12,S15W80,2024
13811,2024,Qtr 3,September,12,M6.8,2024,Qtr 3,September,12,12,2024,Qtr 3,September,12,2024-09-12T14:31:00-Flr-001,Solar Flare,14,GOES-P: EXIS 1.0-8.0,9,No Note,2024,Qtr 3,September,12,S15W85,2024
13825,2024,Qtr 3,September,12,X1.3,2024,Qtr 3,September,12,12,2024,Qtr 3,September,12,2024-09-12T09:31:00-Flr-001,Solar Flare,9,GOES-P: EXIS 1.0-8.0,9,A Flare From/Close To The Southeast Limb From A Yet Unnumbered Active Region Later Numbered Active Region 3825.,2024,Qtr 3,September,12,S15E80,2024
13825,2024,Qtr 3,September,13,C9.7,2024,Qtr 3,September,12,12,2024,Qtr 3,September,13,2024-09-12T18:46:00-Flr-001,Solar Flare,18,GOES-P: EXIS 1.0-8.0,9,No Note,2024,Qtr 3,September,13,S18E80,2024
13811,2024,Qtr 3,September,13,M1.2,2024,Qtr 3,September,12,12,2024,Qtr 3,September,13,2024-09-12T23:57:00-Flr-001,Solar Flare,23,GOES-P: EXIS 1.0-8.0,9,No Note,2024,Qtr 3,September,13,S13W91,2024
13811,2024,Qtr 3,September,13,M1.2,2024,Qtr 3,September,13,13,2024,Qtr 3,September,13,2024-09-13T14:56:00-Flr-001,Solar Flare,14,GOES-P: EXIS 1.0-8.0,9,"Occulted Flare Behind The Sw Limb, Possibly From Active Region 3811 (S13W100). There Is Also Simultaneous Flaring From Active Region 3825 (S16E63).",2024,Qtr 3,September,13,S12E90,2024
13823,2024,Qtr 3,September,13,M1.3,2024,Qtr 3,September,13,13,2024,Qtr 3,September,13,2024-09-13T02:33:00-Flr-001,Solar Flare,2,GOES-P: EXIS 1.0-8.0,9,No Note,2024,Qtr 3,September,13,S18W80,2024
13825,2024,Qtr 3,September,13,M1.4,2024,Qtr 3,September,13,13,2024,Qtr 3,September,13,2024-09-13T17:49:00-Flr-001,Solar Flare,17,GOES-P: EXIS 1.0-8.0,9,There Is Simultaneous Flaring From The Sw Limb (Or Behind The Limb).,2024,Qtr 3,September,13,S16E63,2024
13811,2024,Qtr 3,September,13,M1.5,2024,Qtr 3,September,13,13,2024,Qtr 3,September,13,2024-09-13T00:46:00-Flr-001,Solar Flare,0,GOES-P: EXIS 1.0-8.0,9,No Note,2024,Qtr 3,September,13,S19W80,2024
13811,2024,Qtr 3,September,13,M1.6,2024,Qtr 3,September,13,13,2024,Qtr 3,September,13,2024-09-13T01:29:00-Flr-001,Solar Flare,1,GOES-P: EXIS 1.0-8.0,9,No Note,2024,Qtr 3,September,13,S13W93,2024
13825,2024,Qtr 3,September,13,M2.0,2024,Qtr 3,September,12,12,2024,Qtr 3,September,13,2024-09-12T21:36:00-Flr-001,Solar Flare,21,GOES-P: EXIS 1.0-8.0,9,"Majority Of Brightening Is From The Yet Unnumbered Region On The East Limb (Later Numbered To 3825), However There Is Some Contribution From Active Regions 3811 And 3814",2024,Qtr 3,September,13,S15E85,2024
13815,2024,Qtr 3,September,13,M2.1,2024,Qtr 3,September,13,13,2024,Qtr 3,September,13,2024-09-13T04:37:00-Flr-001,Solar Flare,4,GOES-S: EXIS 1.0-8.0,9,No Note,2024,Qtr 3,September,13,S25W54,2024
13811,2024,Qtr 3,September,13,M2.3,2024,Qtr 3,September,13,13,2024,Qtr 3,September,13,2024-09-13T04:58:00-Flr-001,Solar Flare,4,GOES-S: EXIS 1.0-8.0,9,Occulted Flare Beyond The West Limb.,2024,Qtr 3,September,13,S14W90,2024
13823,2024,Qtr 3,September,13,M2.9,2024,Qtr 3,September,13,13,2024,Qtr 3,September,13,2024-09-13T08:14:00-Flr-001,Solar Flare,8,GOES-P: EXIS 1.0-8.0,9,"Flare Close To The Southwestern Limb, Most Likely From Active Region 3823, However There Is A Cluster Of Active Regions In The Southwest Close To The Limb, So It Is Hard To Determine.",2024,Qtr 3,September,13,S19W84,2024
13811,2024,Qtr 3,September,13,M5.2,2024,Qtr 3,September,13,13,2024,Qtr 3,September,13,2024-09-13T07:03:00-Flr-001,Solar Flare,7,GOES-P: EXIS 1.0-8.0,9,Occulted Flare From Behind The Limb.,2024,Qtr 3,September,13,S13W96,2024
13811,2024,Qtr 3,September,13,M5.4,2024,Qtr 3,September,13,13,2024,Qtr 3,September,13,2024-09-13T06:38:00-Flr-001,Solar Flare,6,GOES-P: EXIS 1.0-8.0,9,"Occulted Flare From Behind The Limb, Likely From Active Region 3811 Which Has Rotated Behind The Limb.",2024,Qtr 3,September,13,S13W96,2024
13823,2024,Qtr 3,September,14,M1.0,2024,Qtr 3,September,14,14,2024,Qtr 3,September,14,2024-09-14T03:10:00-Flr-001,Solar Flare,3,GOES-S: EXIS 1.0-8.0,9,"Occulted Flare Behind The Sw Limb, Possibly From Active Region 3823 (S19W95).",2024,Qtr 3,September,14,S21W95,2024
13825,2024,Qtr 3,September,14,M1.1,2024,Qtr 3,September,13,13,2024,Qtr 3,September,14,2024-09-13T20:41:00-Flr-001,Solar Flare,20,GOES-P: EXIS 1.0-8.0,9,No Note,2024,Qtr 3,September,14,S15E65,2024
13825,2024,Qtr 3,September,14,M3.0,2024,Qtr 3,September,14,14,2024,Qtr 3,September,14,2024-09-14T07:26:00-Flr-001,Solar Flare,7,GOES-P: EXIS 1.0-8.0,9,No Note,2024,Qtr 3,September,14,S18E55,2024
13825,2024,Qtr 3,September,14,X4.5,2024,Qtr 3,September,14,14,2024,Qtr 3,September,14,2024-09-14T15:13:00-Flr-001,Solar Flare,15,GOES-P: EXIS 1.0-8.0,9,No Note,2024,Qtr 3,September,14,S18E55,2024
13825,2024,Qtr 3,September,17,C9.6,2024,Qtr 3,September,16,16,2024,Qtr 3,September,17,2024-09-16T23:29:00-Flr-001,Solar Flare,23,GOES-P: EXIS 1.0-8.0,9,No Note,2024,Qtr 3,September,17,S15E18,2024
13836,2024,Qtr 3,September,23,M1.3,2024,Qtr 3,September,23,23,2024,Qtr 3,September,23,2024-09-23T14:23:00-Flr-001,Solar Flare,14,GOES-P: EXIS 1.0-8.0,9,No Note,2024,Qtr 3,September,23,S12E90,2024
13835,2024,Qtr 3,September,23,M3.7,2024,Qtr 3,September,22,22,2024,Qtr 3,September,23,2024-09-22T21:12:00-Flr-001,Solar Flare,21,GOES-P: EXIS 1.0-8.0,9,No Note,2024,Qtr 3,September,23,S23E65,2024
13828,2024,Qtr 3,September,26,M1.3,2024,Qtr 3,September,25,25,2024,Qtr 3,September,26,2024-09-25T22:57:00-Flr-001,Solar Flare,22,GOES-P: EXIS 1.0-8.0,9,No Note,2024,Qtr 3,September,26,S13W45,2024
13839,2024,Qtr 3,September,27,C5.0,2024,Qtr 3,September,26,26,2024,Qtr 3,September,27,2024-09-26T19:41:00-Flr-001,Solar Flare,19,GOES-P: EXIS 1.0-8.0,9,No Note,2024,Qtr 3,September,27,S12E75,2024
13839,2024,Qtr 3,September,27,M1.4,2024,Qtr 3,September,26,26,2024,Qtr 3,September,27,2024-09-26T22:58:00-Flr-001,Solar Flare,22,GOES-P: EXIS 1.0-8.0,9,No Note,2024,Qtr 3,September,27,S16E87,2024
13834,2024,Qtr 3,September,29,C5.0,2024,Qtr 3,September,29,29,2024,Qtr 3,September,29,2024-09-29T05:26:00-Flr-001,Solar Flare,5,GOES-P: EXIS 1.0-8.0,9,No Note,2024,Qtr 3,September,29,S25W35,2024
13843,2024,Qtr 3,September,29,M1.0,2024,Qtr 3,September,29,29,2024,Qtr 3,September,29,2024-09-29T12:49:00-Flr-001,Solar Flare,12,GOES-P: EXIS 1.0-8.0,9,No Note,2024,Qtr 3,September,29,S11E25,2024
13842,2024,Qtr 3,September,29,M1.7,2024,Qtr 3,September,29,29,2024,Qtr 3,September,29,2024-09-29T14:09:00-Flr-001,Solar Flare,14,GOES-P: EXIS 1.0-8.0,9,No Note,2024,Qtr 3,September,29,S15E51,2024
13842,2024,Qtr 3,September,29,M1.7,2024,Qtr 3,September,29,29,2024,Qtr 3,September,29,2024-09-29T14:31:00-Flr-001,Solar Flare,14,GOES-P: EXIS 1.0-8.0,9,No Note,2024,Qtr 3,September,29,S15E51,2024
13843,2024,Qtr 4,October,1,M1.0,2024,Qtr 4,October,1,1,2024,Qtr 4,October,1,2024-10-01T14:41:00-Flr-001,Solar Flare,14,GOES-P: EXIS 1.0-8.0,10,No Note,2024,Qtr 4,October,1,S12W10,2024
13842,2024,Qtr 4,October,1,M7.6,2024,Qtr 3,September,30,30,2024,Qtr 4,October,1,2024-09-30T23:37:00-Flr-001,Solar Flare,23,GOES-P: EXIS 1.0-8.0,9,Significant Flare To The South Of Active Region 3842. There Is Also A Simultaneous Less Significant Occulted Flare From Behind The Northeast Limb.,2024,Qtr 4,October,1,S18E30,2024
13842,2024,Qtr 4,October,2,M1.1,2024,Qtr 4,October,2,2,2024,Qtr 4,October,2,2024-10-02T01:43:00-Flr-001,Solar Flare,1,GOES-P: EXIS 1.0-8.0,10,No Note,2024,Qtr 4,October,2,S20E15,2024
13848,2024,Qtr 4,October,2,M1.1,2024,Qtr 4,October,2,2,2024,Qtr 4,October,2,2024-10-02T06:19:00-Flr-001,Solar Flare,6,GOES-P: EXIS 1.0-8.0,10,No Note,2024,Qtr 4,October,2,N10E78,2024
13841,2024,Qtr 4,October,2,M1.2,2024,Qtr 4,October,2,2,2024,Qtr 4,October,2,2024-10-02T02:31:00-Flr-001,Solar Flare,2,GOES-P: EXIS 1.0-8.0,10,No Note,2024,Qtr 4,October,2,N12E07,2024
13842,2024,Qtr 4,October,2,M1.5,2024,Qtr 4,October,1,1,2024,Qtr 4,October,2,2024-10-01T18:52:00-Flr-001,Solar Flare,18,GOES-P: EXIS 1.0-8.0,10,Source Location And Active Region Number Based On Sdo Aia 131 Imagery,2024,Qtr 4,October,2,S17E18,2024
13842,2024,Qtr 4,October,2,M3.2,2024,Qtr 4,October,2,2,2024,Qtr 4,October,2,2024-10-02T13:22:00-Flr-001,Solar Flare,13,GOES-P: EXIS 1.0-8.0,10,No Note,2024,Qtr 4,October,2,S18E09,2024
13842,2024,Qtr 4,October,2,M3.6,2024,Qtr 4,October,2,2,2024,Qtr 4,October,2,2024-10-02T05:30:00-Flr-001,Solar Flare,5,GOES-P: EXIS 1.0-8.0,10,No Note,2024,Qtr 4,October,2,S18E12,2024
13842,2024,Qtr 4,October,2,X7.1,2024,Qtr 4,October,1,1,2024,Qtr 4,October,2,2024-10-01T21:58:00-Flr-001,Solar Flare,21,GOES-P: EXIS 1.0-8.0,10,No Note,2024,Qtr 4,October,2,S17E18,2024
13844,2024,Qtr 4,October,3,M1.0,2024,Qtr 4,October,3,3,2024,Qtr 4,October,3,2024-10-03T12:00:00-Flr-001,Solar Flare,12,GOES-P: EXIS 1.0-8.0,10,No Note,2024,Qtr 4,October,3,S15W22,2024
13841,2024,Qtr 4,October,3,M1.1,2024,Qtr 4,October,3,3,2024,Qtr 4,October,3,2024-10-03T02:23:00-Flr-001,Solar Flare,2,GOES-P: EXIS 1.0-8.0,10,"The Main Source Of Brightening Is Ar3841 (N13W09), However There Is Some Contribution From Ar 3842 (S15E04) As Well.",2024,Qtr 4,October,3,N13W09,2024
13841,2024,Qtr 4,October,3,M1.1,2024,Qtr 4,October,3,3,2024,Qtr 4,October,3,2024-10-03T09:19:00-Flr-001,Solar Flare,9,GOES-P: EXIS 1.0-8.0,10,No Note,2024,Qtr 4,October,3,N13W13,2024
13842,2024,Qtr 4,October,3,M1.4,2024,Qtr 4,October,2,2,2024,Qtr 4,October,3,2024-10-02T19:58:00-Flr-001,Solar Flare,19,GOES-P: EXIS 1.0-8.0,10,No Note,2024,Qtr 4,October,3,S19E04,2024
13842,2024,Qtr 4,October,3,M1.5,2024,Qtr 4,October,3,3,2024,Qtr 4,October,3,2024-10-03T03:22:00-Flr-001,Solar Flare,3,GOES-P: EXIS 1.0-8.0,10,No Note,2024,Qtr 4,October,3,S15E04,2024
13842,2024,Qtr 4,October,3,M1.5,2024,Qtr 4,October,3,3,2024,Qtr 4,October,3,2024-10-03T08:10:00-Flr-001,Solar Flare,8,GOES-P: EXIS 1.0-8.0,10,No Note,2024,Qtr 4,October,3,S15E01,2024
13843,2024,Qtr 4,October,3,M1.5,2024,Qtr 4,October,3,3,2024,Qtr 4,October,3,2024-10-03T08:30:00-Flr-001,Solar Flare,8,GOES-P: EXIS 1.0-8.0,10,No Note,2024,Qtr 4,October,3,S09W29,2024
13844,2024,Qtr 4,October,3,M1.5,2024,Qtr 4,October,3,3,2024,Qtr 4,October,3,2024-10-03T17:18:00-Flr-001,Solar Flare,17,GOES-P: EXIS 1.0-8.0,10,No Note,2024,Qtr 4,October,3,S15W27,2024
13842,2024,Qtr 4,October,3,M3.3,2024,Qtr 4,October,2,2,2024,Qtr 4,October,3,2024-10-02T20:27:00-Flr-001,Solar Flare,20,GOES-P: EXIS 1.0-8.0,10,No Note,2024,Qtr 4,October,3,S15E03,2024
13842,2024,Qtr 4,October,3,X9.0,2024,Qtr 4,October,3,3,2024,Qtr 4,October,3,2024-10-03T12:08:00-Flr-001,Solar Flare,12,GOES-P: EXIS 1.0-8.0,10,No Note,2024,Qtr 4,October,3,S15W05,2024
13844,2024,Qtr 4,October,4,M1.1,2024,Qtr 4,October,3,3,2024,Qtr 4,October,4,2024-10-03T19:18:00-Flr-001,Solar Flare,19,GOES-P: EXIS 1.0-8.0,10,No Note,2024,Qtr 4,October,4,S15W27,2024
13842,2024,Qtr 4,October,4,M1.1,2024,Qtr 4,October,3,3,2024,Qtr 4,October,4,2024-10-03T23:26:00-Flr-001,Solar Flare,23,GOES-P: EXIS 1.0-8.0,10,No Note,2024,Qtr 4,October,4,S10W01,2024
13848,2024,Qtr 4,October,4,M1.1,2024,Qtr 4,October,4,4,2024,Qtr 4,October,4,2024-10-04T05:30:00-Flr-001,Solar Flare,5,GOES-P: EXIS 1.0-8.0,10,No Note,2024,Qtr 4,October,4,N17E49,2024
13841,2024,Qtr 4,October,4,M1.2,2024,Qtr 4,October,4,4,2024,Qtr 4,October,4,2024-10-04T00:09:00-Flr-001,Solar Flare,0,GOES-P: EXIS 1.0-8.0,10,No Note,2024,Qtr 4,October,4,N13W22,2024
13836,2024,Qtr 4,October,4,M1.2,2024,Qtr 4,October,4,4,2024,Qtr 4,October,4,2024-10-04T10:58:00-Flr-001,Solar Flare,10,GOES-P: EXIS 1.0-8.0,10,No Note,2024,Qtr 4,October,4,S12W67,2024
13844,2024,Qtr 4,October,4,M2.3,2024,Qtr 4,October,3,3,2024,Qtr 4,October,4,2024-10-03T21:39:00-Flr-001,Solar Flare,21,GOES-P: EXIS 1.0-8.0,10,No Note,2024,Qtr 4,October,4,S15W28,2024
13842,2024,Qtr 4,October,4,M4.0,2024,Qtr 4,October,4,4,2024,Qtr 4,October,4,2024-10-04T04:36:00-Flr-001,Solar Flare,4,GOES-S: EXIS 1.0-8.0,10,This Flare Was Observed In Goes-S As Goes-P Was In An Eclipse.,2024,Qtr 4,October,4,S16W17,2024
13843,2024,Qtr 4,October,4,M6.7,2024,Qtr 4,October,3,3,2024,Qtr 4,October,4,2024-10-03T20:09:00-Flr-001,Solar Flare,20,GOES-P: EXIS 1.0-8.0,10,No Note,2024,Qtr 4,October,4,S10W47,2024
13842,2024,Qtr 4,October,5,M1.0,2024,Qtr 4,October,5,5,2024,Qtr 4,October,5,2024-10-05T00:07:00-Flr-001,Solar Flare,0,GOES-P: EXIS 1.0-8.0,10,No Note,2024,Qtr 4,October,5,S15W21,2024
13844,2024,Qtr 4,October,5,M1.1,2024,Qtr 4,October,4,4,2024,Qtr 4,October,5,2024-10-04T20:55:00-Flr-001,Solar Flare,20,GOES-P: EXIS 1.0-8.0,10,No Note,2024,Qtr 4,October,5,S15W42,2024
13845,2024,Qtr 4,October,5,M1.2,2024,Qtr 4,October,4,4,2024,Qtr 4,October,5,2024-10-04T22:04:00-Flr-001,Solar Flare,22,GOES-P: EXIS 1.0-8.0,10,No Note,2024,Qtr 4,October,5,N17W86,2024
13842,2024,Qtr 4,October,5,M1.4,2024,Qtr 4,October,5,5,2024,Qtr 4,October,5,2024-10-05T08:18:00-Flr-001,Solar Flare,8,GOES-P: EXIS 1.0-8.0,10,There Is A Simultaneous Flare From The Se Limb (~S10E80).,2024,Qtr 4,October,5,S16W29,2024
13842,2024,Qtr 4,October,5,M1.6,2024,Qtr 4,October,5,5,2024,Qtr 4,October,5,2024-10-05T08:37:00-Flr-001,Solar Flare,8,GOES-P: EXIS 1.0-8.0,10,No Note,2024,Qtr 4,October,5,S16W25,2024
13842,2024,Qtr 4,October,6,M1.0,2024,Qtr 4,October,6,6,2024,Qtr 4,October,6,2024-10-06T00:09:00-Flr-001,Solar Flare,0,GOES-P: EXIS 1.0-8.0,10,No Note,2024,Qtr 4,October,6,S23W35,2024
13844,2024,Qtr 4,October,6,M1.0,2024,Qtr 4,October,6,6,2024,Qtr 4,October,6,2024-10-06T01:30:00-Flr-001,Solar Flare,1,GOES-P: EXIS 1.0-8.0,10,"Active Region And Source Location Based On Sdo Aia 131 Imagery. Start, Stop And Peak Times Based On Goes Primary X-Ray Flux.",2024,Qtr 4,October,6,S15W58,2024
13842,2024,Qtr 4,October,6,M1.0,2024,Qtr 4,October,6,6,2024,Qtr 4,October,6,2024-10-06T16:41:00-Flr-001,Solar Flare,16,GOES-P: EXIS 1.0-8.0,10,No Note,2024,Qtr 4,October,6,S14W44,2024
13842,2024,Qtr 4,October,6,M1.1,2024,Qtr 4,October,5,5,2024,Qtr 4,October,6,2024-10-05T20:33:00-Flr-001,Solar Flare,20,GOES-P: EXIS 1.0-8.0,10,No Note,2024,Qtr 4,October,6,S20W40,2024
13844,2024,Qtr 4,October,6,M1.3,2024,Qtr 4,October,6,6,2024,Qtr 4,October,6,2024-10-06T15:14:00-Flr-001,Solar Flare,15,GOES-P: EXIS 1.0-8.0,10,No Note,2024,Qtr 4,October,6,S15W65,2024
13842,2024,Qtr 4,October,6,M2.4,2024,Qtr 4,October,5,5,2024,Qtr 4,October,6,2024-10-05T23:10:00-Flr-001,Solar Flare,23,GOES-P: EXIS 1.0-8.0,10,No Note,2024,Qtr 4,October,6,S16W37,2024
13844,2024,Qtr 4,October,7,M1.3,2024,Qtr 4,October,7,7,2024,Qtr 4,October,8,2024-10-07T18:03:00-Flr-001,Solar Flare,18,GOES-P: EXIS 1.0-8.0,10,No Note,2024,Qtr 4,October,8,S16W82,2024
13842,2024,Qtr 4,October,7,M1.4,2024,Qtr 4,October,6,6,2024,Qtr 4,October,7,2024-10-06T18:52:00-Flr-001,Solar Flare,18,GOES-P: EXIS 1.0-8.0,10,No Note,2024,Qtr 4,October,7,S17W50,2024
13842,2024,Qtr 4,October,7,M1.5,2024,Qtr 4,October,6,6,2024,Qtr 4,October,7,2024-10-06T20:52:00-Flr-001,Solar Flare,20,GOES-P: EXIS 1.0-8.0,10,No Note,2024,Qtr 4,October,7,S14W57,2024
13842,2024,Qtr 4,October,8,M1.2,2024,Qtr 4,October,8,8,2024,Qtr 4,October,8,2024-10-08T08:43:00-Flr-001,Solar Flare,8,GOES-P: EXIS 1.0-8.0,10,No Note,2024,Qtr 4,October,8,S13W66,2024
13849,2024,Qtr 4,October,8,M1.8,2024,Qtr 4,October,8,8,2024,Qtr 4,October,8,2024-10-08T01:01:00-Flr-001,Solar Flare,1,GOES-P: EXIS 1.0-8.0,10,No Note,2024,Qtr 4,October,8,S09E30,2024
13842,2024,Qtr 4,October,8,X1.0,2024,Qtr 4,October,7,7,2024,Qtr 4,October,8,2024-10-07T19:31:00-Flr-001,Solar Flare,19,GOES-P: EXIS 1.0-8.0,10,"Following The X2.1-Class Flare From Ar3842 (S16W60) Peaking At 2024-10-07T19:13Z, X-Ray Flux Subsided To M7-Levels Before Gradually Rising Again In Association With Continued Flare Activity And Energetic Enhancement In The Magnetic Field Structure High Above Active Region 3842 As Seen Best In Sdo 131 Imagery.",2024,Qtr 4,October,8,S16W60,2024
13842,2024,Qtr 4,October,8,X2.1,2024,Qtr 4,October,7,7,2024,Qtr 4,October,8,2024-10-07T19:02:00-Flr-001,Solar Flare,19,GOES-P: EXIS 1.0-8.0,10,No Note,2024,Qtr 4,October,8,S16W61,2024
13849,2024,Qtr 4,October,9,M1.6,2024,Qtr 4,October,9,9,2024,Qtr 4,October,9,2024-10-09T05:41:00-Flr-001,Solar Flare,5,GOES-P: EXIS 1.0-8.0,10,No Note,2024,Qtr 4,October,9,S08E09,2024
13842,2024,Qtr 4,October,9,X1.4,2024,Qtr 4,October,9,9,2024,Qtr 4,October,9,2024-10-09T15:44:00-Flr-001,Solar Flare,15,GOES-P: EXIS 1.0-8.0,10,No Note,2024,Qtr 4,October,9,S11W85,2024
13848,2024,Qtr 4,October,9,X1.8,2024,Qtr 4,October,9,9,2024,Qtr 4,October,9,2024-10-09T01:25:00-Flr-001,Solar Flare,1,GOES-P: EXIS 1.0-8.0,10,Simultaneous Flaring From A Region Near N21E62.,2024,Qtr 4,October,9,N13W08,2024
13842,2024,Qtr 4,October,10,M1.0,2024,Qtr 4,October,10,10,2024,Qtr 4,October,10,2024-10-10T16:51:00-Flr-001,Solar Flare,16,GOES-P: EXIS 1.0-8.0,10,No Note,2024,Qtr 4,October,10,S08W90,2024
13852,2024,Qtr 4,October,10,M1.1,2024,Qtr 4,October,10,10,2024,Qtr 4,October,10,2024-10-10T12:10:00-Flr-001,Solar Flare,12,GOES-P: EXIS 1.0-8.0,10,"First Of A Double Peaked Flare From Ar 3852, Second Peak Of M1.2 At 2024-10-10T12:19Z.",2024,Qtr 4,October,10,S13E33,2024
13852,2024,Qtr 4,October,10,M1.2,2024,Qtr 4,October,10,10,2024,Qtr 4,October,10,2024-10-10T12:22:00-Flr-001,Solar Flare,12,GOES-P: EXIS 1.0-8.0,10,"Second Of A Double Peaked Flare From Ar 3852, First Peak Of M1.1 At 2024-10-10T12:25Z. Flare End Time Manually Calculated From Timeline Inspection.",2024,Qtr 4,October,10,S13E33,2024
13842,2024,Qtr 4,October,10,M1.3,2024,Qtr 4,October,10,10,2024,Qtr 4,October,10,2024-10-10T11:47:00-Flr-001,Solar Flare,11,GOES-P: EXIS 1.0-8.0,10,No Note,2024,Qtr 4,October,10,S11W90,2024
13842,2024,Qtr 4,October,10,M7.7,2024,Qtr 4,October,9,9,2024,Qtr 4,October,10,2024-10-09T22:59:00-Flr-001,Solar Flare,22,GOES-P: EXIS 1.0-8.0,10,No Note,2024,Qtr 4,October,10,S16W90,2024
13852,2024,Qtr 4,October,11,M1.4,2024,Qtr 4,October,11,11,2024,Qtr 4,October,11,2024-10-11T15:48:00-Flr-001,Solar Flare,15,GOES-P: EXIS 1.0-8.0,10,"This Flare Occurs Between Active Regions 3852(S10E17) And 3854(S05E25), But Seems More Magnetically Connected To Ar3852",2024,Qtr 4,October,11,S08E23,2024
13852,2024,Qtr 4,October,11,M2.1,2024,Qtr 4,October,11,11,2024,Qtr 4,October,11,2024-10-11T16:07:00-Flr-001,Solar Flare,16,GOES-P: EXIS 1.0-8.0,10,"This Flare Is The Second Peak Of A Long Duration Flare Beginning At 2024-10-11T15:48Z, First Peaking At M1.4 Before Dipping And Later Rising To M2.1",2024,Qtr 4,October,11,S09E23,2024
13842,2024,Qtr 4,October,11,M3.0,2024,Qtr 4,October,10,10,2024,Qtr 4,October,11,2024-10-10T21:54:00-Flr-001,Solar Flare,21,GOES-P: EXIS 1.0-8.0,10,No Note,2024,Qtr 4,October,11,S15W99,2024
13842,2024,Qtr 4,October,12,M1.0,2024,Qtr 4,October,11,11,2024,Qtr 4,October,12,2024-10-11T22:50:00-Flr-001,Solar Flare,22,GOES-P: EXIS 1.0-8.0,10,Long Duration Solar Flare Which Likely Originates From Active Region 13842 Beyond The Western Limb.,2024,Qtr 4,October,12,S13W90,2024
13848,2024,Qtr 4,October,14,M1.8,2024,Qtr 4,October,14,14,2024,Qtr 4,October,14,2024-10-14T13:22:00-Flr-001,Solar Flare,13,GOES-P: EXIS 1.0-8.0,10,No Note,2024,Qtr 4,October,14,N17W86,2024
13848,2024,Qtr 4,October,14,M3.4,2024,Qtr 4,October,14,14,2024,Qtr 4,October,14,2024-10-14T00:04:00-Flr-001,Solar Flare,0,GOES-P: EXIS 1.0-8.0,10,No Note,2024,Qtr 4,October,14,N17W78,2024
13852,2024,Qtr 4,October,15,M1.1,2024,Qtr 4,October,15,15,2024,Qtr 4,October,15,2024-10-15T02:23:00-Flr-001,Solar Flare,2,GOES-P: EXIS 1.0-8.0,10,No Note,2024,Qtr 4,October,15,S09W25,2024
13852,2024,Qtr 4,October,15,M1.3,2024,Qtr 4,October,15,15,2024,Qtr 4,October,15,2024-10-15T10:00:00-Flr-001,Solar Flare,10,GOES-P: EXIS 1.0-8.0,10,No Note,2024,Qtr 4,October,15,S09W30,2024
13848,2024,Qtr 4,October,15,M1.7,2024,Qtr 4,October,15,15,2024,Qtr 4,October,15,2024-10-15T18:00:00-Flr-001,Solar Flare,18,GOES-P: EXIS 1.0-8.0,10,No Note,2024,Qtr 4,October,15,N19W90,2024
13852,2024,Qtr 4,October,15,M1.9,2024,Qtr 4,October,15,15,2024,Qtr 4,October,15,2024-10-15T02:02:00-Flr-001,Solar Flare,2,GOES-P: EXIS 1.0-8.0,10,No Note,2024,Qtr 4,October,15,S07W25,2024
13854,2024,Qtr 4,October,15,M2.1,2024,Qtr 4,October,15,15,2024,Qtr 4,October,16,2024-10-15T18:28:00-Flr-001,Solar Flare,18,GOES-P: EXIS 1.0-8.0,10,This Flare Directly Follows The M1.7-Class Flare From Ar 13848 Peaking At 2024-10-15T18:18Z.,2024,Qtr 4,October,16,S05W35,2024
13852,2024,Qtr 4,October,16,M1.3,2024,Qtr 4,October,16,16,2024,Qtr 4,October,16,2024-10-16T14:29:00-Flr-001,Solar Flare,14,GOES-P: EXIS 1.0-8.0,10,No Note,2024,Qtr 4,October,16,S09W44,2024
13852,2024,Qtr 4,October,16,M1.3,2024,Qtr 4,October,16,16,2024,Qtr 4,October,16,2024-10-16T14:51:00-Flr-001,Solar Flare,14,GOES-P: EXIS 1.0-8.0,10,No Note,2024,Qtr 4,October,16,S07W43,2024
13852,2024,Qtr 4,October,16,M1.5,2024,Qtr 4,October,16,16,2024,Qtr 4,October,16,2024-10-16T13:12:00-Flr-001,Solar Flare,13,GOES-P: EXIS 1.0-8.0,10,No Note,2024,Qtr 4,October,16,S10W45,2024
13852,2024,Qtr 4,October,16,M2.2,2024,Qtr 4,October,16,16,2024,Qtr 4,October,16,2024-10-16T03:28:00-Flr-001,Solar Flare,3,GOES-P: EXIS 1.0-8.0,10,"Third Of Four Back-To-Back Peaks From Ar 3854/3852, Each Distinct In Sdo Aia 131. This Peak Follows The M3.7 From Ar 3852, Both Observed As A Separate More Sw Brightening And With A Start Time Just Barely After The M3.7 Reached Its End Time. End Time Manually Calculated Here Via Timeline Inspection.",2024,Qtr 4,October,16,S10W40,2024
13852,2024,Qtr 4,October,16,M2.8,2024,Qtr 4,October,16,16,2024,Qtr 4,October,16,2024-10-16T04:57:00-Flr-001,Solar Flare,4,GOES-P: EXIS 1.0-8.0,10,No Note,2024,Qtr 4,October,16,S08W37,2024
13854,2024,Qtr 4,October,16,M3.0,2024,Qtr 4,October,16,16,2024,Qtr 4,October,16,2024-10-16T03:12:00-Flr-001,Solar Flare,3,GOES-P: EXIS 1.0-8.0,10,"First Of Four Back-To-Back Peaks From Ar 3854/3852, Each Distinct In Sdo Aia 131. This Peak Is Clearly From Ar 3854 Directly Preceeding An M3.7 From Ar 3852 Peaking At 2024-10-16T03:23Z. End Time Chosen Manually Due To The Following M3.7 Flare'S Start Time Cutting Off This Flare'S Decay In The Timeline.",2024,Qtr 4,October,16,S05W38,2024
13852,2024,Qtr 4,October,16,M3.7,2024,Qtr 4,October,16,16,2024,Qtr 4,October,16,2024-10-16T03:21:00-Flr-001,Solar Flare,3,GOES-P: EXIS 1.0-8.0,10,"Second Of Four Back-To-Back Peaks From Ar 3854/3852, Each Distinct In Sdo Aia 131. This Peak Is Clearly From Ar 3852 Directly Following An M3.0 Peak From Ar 3842 Peaking At 2024-10-16T03:19Z. End Time Manually Calculated Here Via Timeline Inspection.",2024,Qtr 4,October,16,S08W38,2024
13854,2024,Qtr 4,October,16,M3.7,2024,Qtr 4,October,16,16,2024,Qtr 4,October,16,2024-10-16T03:38:00-Flr-001,Solar Flare,3,GOES-P: EXIS 1.0-8.0,10,"Fourth Of Four Back-To-Back Peaks From Ar 3854/3852, Each Distinct In Sdo Aia 131. This Peak Is Clearly From Ar 3854 Via Separate Brightening In Sdo Aia 131.",2024,Qtr 4,October,16,S06W37,2024
13856,2024,Qtr 4,October,17,M1.0,2024,Qtr 4,October,17,17,2024,Qtr 4,October,17,2024-10-17T02:12:00-Flr-001,Solar Flare,2,GOES-P: EXIS 1.0-8.0,10,No Note,2024,Qtr 4,October,17,N10W09,2024
13854,2024,Qtr 4,October,17,M2.4,2024,Qtr 4,October,17,17,2024,Qtr 4,October,17,2024-10-17T04:53:00-Flr-001,Solar Flare,4,GOES-P: EXIS 1.0-8.0,10,No Note,2024,Qtr 4,October,17,S04W55,2024
13854,2024,Qtr 4,October,18,M1.1,2024,Qtr 4,October,18,18,2024,Qtr 4,October,18,2024-10-18T17:28:00-Flr-001,Solar Flare,17,GOES-P: EXIS 1.0-8.0,10,The Flare Location Is To The West Of Active Region 4859.,2024,Qtr 4,October,18,S03W76,2024
13854,2024,Qtr 4,October,19,M1.7,2024,Qtr 4,October,19,19,2024,Qtr 4,October,19,2024-10-19T14:27:00-Flr-001,Solar Flare,14,GOES-P: EXIS 1.0-8.0,10,No Note,2024,Qtr 4,October,19,S04W85,2024
13854,2024,Qtr 4,October,19,M4.7,2024,Qtr 4,October,18,18,2024,Qtr 4,October,19,2024-10-18T23:13:00-Flr-001,Solar Flare,23,GOES-P: EXIS 1.0-8.0,10,Some Simultaneous Brightening From Ar 3856 (N10W35).,2024,Qtr 4,October,19,S04W80,2024
13854,2024,Qtr 4,October,19,M4.8,2024,Qtr 4,October,18,18,2024,Qtr 4,October,19,2024-10-18T19:27:00-Flr-001,Solar Flare,19,GOES-P: EXIS 1.0-8.0,10,No Note,2024,Qtr 4,October,19,S04W80,2024
13854,2024,Qtr 4,October,19,M6.5,2024,Qtr 4,October,19,19,2024,Qtr 4,October,19,2024-10-19T06:48:00-Flr-001,Solar Flare,6,GOES-P: EXIS 1.0-8.0,10,No Note,2024,Qtr 4,October,19,S03W82,2024
0,2024,Qtr 4,October,21,C6.2,2024,Qtr 4,October,21,21,2024,Qtr 4,October,21,2024-10-21T09:01:00-Flr-001,Solar Flare,9,GOES-P: EXIS 1.0-8.0,10,Long Duration Flare Associated With Eruptive Activity On Southeastern Limb.,2024,Qtr 4,October,21,S20E90,2024
13869,2024,Qtr 4,October,24,M1.2,2024,Qtr 4,October,24,24,2024,Qtr 4,October,24,2024-10-24T10:22:00-Flr-001,Solar Flare,10,GOES-P: EXIS 1.0-8.0,10,No Note,2024,Qtr 4,October,24,S17E90,2024
13869,2024,Qtr 4,October,24,X3.3,2024,Qtr 4,October,24,24,2024,Qtr 4,October,24,2024-10-24T03:30:00-Flr-001,Solar Flare,3,GOES-P: EXIS 1.0-8.0,10,No Note,2024,Qtr 4,October,24,S17E68,2024
13873,2024,Qtr 4,October,25,M1.1,2024,Qtr 4,October,25,25,2024,Qtr 4,October,25,2024-10-25T07:23:00-Flr-001,Solar Flare,7,GOES-P: EXIS 1.0-8.0,10,No Note,2024,Qtr 4,October,25,S10E72,2024
13878,2024,Qtr 4,October,26,M1.6,2024,Qtr 4,October,26,26,2024,Qtr 4,October,26,2024-10-26T14:04:00-Flr-001,Solar Flare,14,GOES-P: EXIS 1.0-8.0,10,Occulted Flare On Ne Limb. | Active Region Assigned On 2024-10-28.,2024,Qtr 4,October,26,N17E90,2024
13878,2024,Qtr 4,October,26,M2.2,2024,Qtr 4,October,26,26,2024,Qtr 4,October,26,2024-10-26T11:36:00-Flr-001,Solar Flare,11,GOES-P: EXIS 1.0-8.0,10,Active Region Assigned On 2024-10-28.,2024,Qtr 4,October,26,N18E90,2024
13878,2024,Qtr 4,October,26,M2.8,2024,Qtr 4,October,26,26,2024,Qtr 4,October,26,2024-10-26T11:58:00-Flr-001,Solar Flare,11,GOES-P: EXIS 1.0-8.0,10,Occulted Flare From The Ne Limb.  | Active Region Assigned On 2024-10-28.,2024,Qtr 4,October,26,N17E90,2024
13873,2024,Qtr 4,October,26,M9.5,2024,Qtr 4,October,26,26,2024,Qtr 4,October,26,2024-10-26T05:57:00-Flr-001,Solar Flare,5,GOES-P: EXIS 1.0-8.0,10,"The First Short Minor Peak Of A Double Peaked Flare, With The Second Peak Reaching X1.8 Class Intensity.",2024,Qtr 4,October,26,S14E56,2024
13873,2024,Qtr 4,October,26,X1.8,2024,Qtr 4,October,26,26,2024,Qtr 4,October,26,2024-10-26T06:32:00-Flr-001,Solar Flare,6,GOES-P: EXIS 1.0-8.0,10,"The Second, Long Duration, Peak Of A Double Peaked Flare, With The Immediately Preceding Short Duration Peak Reaching M9.5 Class Intensity.",2024,Qtr 4,October,26,S16E60,2024
13869,2024,Qtr 4,October,28,M1.2,2024,Qtr 4,October,28,28,2024,Qtr 4,October,28,2024-10-28T14:41:00-Flr-001,Solar Flare,14,GOES-P: EXIS 1.0-8.0,10,"The Main Brightening Of This Flare Was From Ar 3869, However There Was Some Brightening Contribution From Ar 3871 (S09E03)",2024,Qtr 4,October,28,S16E11,2024
13878,2024,Qtr 4,October,28,M1.3,2024,Qtr 4,October,28,28,2024,Qtr 4,October,28,2024-10-28T03:59:00-Flr-001,Solar Flare,3,GOES-P: EXIS 1.0-8.0,10,No Note,2024,Qtr 4,October,28,N18E75,2024
13878,2024,Qtr 4,October,28,M2.8,2024,Qtr 4,October,27,27,2024,Qtr 4,October,28,2024-10-27T23:05:00-Flr-001,Solar Flare,23,GOES-P: EXIS 1.0-8.0,10,No Note,2024,Qtr 4,October,28,N14E78,2024
13878,2024,Qtr 4,October,28,M4.2,2024,Qtr 4,October,28,28,2024,Qtr 4,October,28,2024-10-28T16:13:00-Flr-001,Solar Flare,16,GOES-P: EXIS 1.0-8.0,10,No Note,2024,Qtr 4,October,28,N15E65,2024
13873,2024,Qtr 4,October,29,M1.1,2024,Qtr 4,October,29,29,2024,Qtr 4,October,29,2024-10-29T16:21:00-Flr-001,Solar Flare,16,GOES-P: EXIS 1.0-8.0,10,No Note,2024,Qtr 4,October,29,S12E10,2024
13878,2024,Qtr 4,October,31,M1.0,2024,Qtr 4,October,31,31,2024,Qtr 4,October,31,2024-10-31T02:16:00-Flr-001,Solar Flare,2,GOES-P: EXIS 1.0-8.0,10,Start Time Updated From 2024-10-31T02:48Z To 2024-10-31T02:16Z.,2024,Qtr 4,October,31,N15E35,2024
13878,2024,Qtr 4,October,31,M1.0,2024,Qtr 4,October,31,31,2024,Qtr 4,October,31,2024-10-31T03:23:00-Flr-001,Solar Flare,3,GOES-P: EXIS 1.0-8.0,10,No Note,2024,Qtr 4,October,31,N16E40,2024
13876,2024,Qtr 4,October,31,M1.2,2024,Qtr 4,October,31,31,2024,Qtr 4,October,31,2024-10-31T13:46:00-Flr-001,Solar Flare,13,GOES-P: EXIS 1.0-8.0,10,No Note,2024,Qtr 4,October,31,S09W40,2024
13878,2024,Qtr 4,October,31,M1.3,2024,Qtr 4,October,31,31,2024,Qtr 4,October,31,2024-10-31T09:22:00-Flr-001,Solar Flare,9,GOES-P: EXIS 1.0-8.0,10,No Note,2024,Qtr 4,October,31,N16E36,2024
13875,2024,Qtr 4,October,31,M2.4,2024,Qtr 4,October,31,31,2024,Qtr 4,October,31,2024-10-31T12:41:00-Flr-001,Solar Flare,12,GOES-P: EXIS 1.0-8.0,10,Some Simultaneous Brightening From Ar 13877 (S15E05).,2024,Qtr 4,October,31,N26W35,2024
13878,2024,Qtr 4,October,31,M7.2,2024,Qtr 4,October,30,30,2024,Qtr 4,October,31,2024-10-30T20:29:00-Flr-001,Solar Flare,20,GOES-P: EXIS 1.0-8.0,10,No Note,2024,Qtr 4,October,31,N16E40,2024
13876,2024,Qtr 4,November,1,M1.0,2024,Qtr 4,October,31,31,2024,Qtr 4,November,1,2024-10-31T18:57:00-Flr-001,Solar Flare,18,GOES-P: EXIS 1.0-8.0,10,No Note,2024,Qtr 4,November,1,S11W43,2024
13876,2024,Qtr 4,November,1,M1.0,2024,Qtr 4,November,1,1,2024,Qtr 4,November,1,2024-11-01T09:46:00-Flr-001,Solar Flare,9,GOES-P: EXIS 1.0-8.0,11,No Note,2024,Qtr 4,November,1,S10W50,2024
13878,2024,Qtr 4,November,1,M1.3,2024,Qtr 4,November,1,1,2024,Qtr 4,November,1,2024-11-01T02:05:00-Flr-001,Solar Flare,2,GOES-P: EXIS 1.0-8.0,11,No Note,2024,Qtr 4,November,1,N17E27,2024
13876,2024,Qtr 4,November,1,M1.3,2024,Qtr 4,November,1,1,2024,Qtr 4,November,1,2024-11-01T12:39:00-Flr-001,Solar Flare,12,GOES-P: EXIS 1.0-8.0,11,No Note,2024,Qtr 4,November,1,S10W55,2024
13878,2024,Qtr 4,November,1,M2.0,2024,Qtr 4,November,1,1,2024,Qtr 4,November,1,2024-11-01T14:18:00-Flr-001,Solar Flare,14,GOES-P: EXIS 1.0-8.0,11,No Note,2024,Qtr 4,November,1,N16E15,2024
13876,2024,Qtr 4,November,1,M2.7,2024,Qtr 4,October,31,31,2024,Qtr 4,November,1,2024-10-31T22:41:00-Flr-001,Solar Flare,22,GOES-P: EXIS 1.0-8.0,10,No Note,2024,Qtr 4,November,1,S10W48,2024
13878,2024,Qtr 4,November,1,M4.6,2024,Qtr 4,October,31,31,2024,Qtr 4,November,1,2024-10-31T21:03:00-Flr-001,Solar Flare,21,GOES-P: EXIS 1.0-8.0,10,No Note,2024,Qtr 4,November,1,N16E28,2024
13878,2024,Qtr 4,November,1,M9.4,2024,Qtr 4,October,31,31,2024,Qtr 4,November,1,2024-10-31T21:43:00-Flr-001,Solar Flare,21,GOES-P: EXIS 1.0-8.0,10,No Note,2024,Qtr 4,November,1,N16E28,2024
13878,2024,Qtr 4,November,1,X2.0,2024,Qtr 4,October,31,31,2024,Qtr 4,November,1,2024-10-31T21:12:00-Flr-001,Solar Flare,21,GOES-P: EXIS 1.0-8.0,10,No Note,2024,Qtr 4,November,1,N16E28,2024
13869,2024,Qtr 4,November,2,M1.0,2024,Qtr 4,November,2,2,2024,Qtr 4,November,2,2024-11-02T07:27:00-Flr-001,Solar Flare,7,GOES-P: EXIS 1.0-8.0,11,No Note,2024,Qtr 4,November,2,S15W50,2024
13876,2024,Qtr 4,November,2,M1.2,2024,Qtr 4,November,2,2,2024,Qtr 4,November,2,2024-11-02T08:13:00-Flr-001,Solar Flare,8,GOES-P: EXIS 1.0-8.0,11,No Note,2024,Qtr 4,November,2,S10W64,2024
13869,2024,Qtr 4,November,3,M1.1,2024,Qtr 4,November,3,3,2024,Qtr 4,November,3,2024-11-03T03:02:00-Flr-001,Solar Flare,3,GOES-P: EXIS 1.0-8.0,11,No Note,2024,Qtr 4,November,3,S15W61,2024
13878,2024,Qtr 4,November,3,M1.1,2024,Qtr 4,November,3,3,2024,Qtr 4,November,3,2024-11-03T08:39:00-Flr-001,Solar Flare,8,GOES-P: EXIS 1.0-8.0,11,No Note,2024,Qtr 4,November,3,N15W06,2024
13883,2024,Qtr 4,November,3,M1.1,2024,Qtr 4,November,3,3,2024,Qtr 4,November,3,2024-11-03T15:13:00-Flr-001,Solar Flare,15,GOES-P: EXIS 1.0-8.0,11,No Note,2024,Qtr 4,November,3,S10E53,2024
13883,2024,Qtr 4,November,3,M1.3,2024,Qtr 4,November,3,3,2024,Qtr 4,November,3,2024-11-03T17:38:00-Flr-001,Solar Flare,17,GOES-P: EXIS 1.0-8.0,11,No Note,2024,Qtr 4,November,3,S08E48,2024
13869,2024,Qtr 4,November,3,M1.4,2024,Qtr 4,November,3,3,2024,Qtr 4,November,3,2024-11-03T15:19:00-Flr-001,Solar Flare,15,GOES-P: EXIS 1.0-8.0,11,No Note,2024,Qtr 4,November,3,S15E75,2024
13885,2024,Qtr 4,November,4,C6.6,2024,Qtr 4,November,4,4,2024,Qtr 4,November,4,2024-11-04T11:46:00-Flr-001,Solar Flare,11,GOES-P: EXIS 1.0-8.0,11,No Note,2024,Qtr 4,November,4,S08W55,2024
13883,2024,Qtr 4,November,4,M1.0,2024,Qtr 4,November,4,4,2024,Qtr 4,November,4,2024-11-04T04:06:00-Flr-001,Solar Flare,4,GOES-P: EXIS 1.0-8.0,11,No Note,2024,Qtr 4,November,4,S08E45,2024
13886,2024,Qtr 4,November,4,M1.1,2024,Qtr 4,November,4,4,2024,Qtr 4,November,4,2024-11-04T03:38:00-Flr-001,Solar Flare,3,GOES-P: EXIS 1.0-8.0,11,No Note,2024,Qtr 4,November,4,S05E73,2024
13883,2024,Qtr 4,November,4,M1.1,2024,Qtr 4,November,4,4,2024,Qtr 4,November,4,2024-11-04T14:05:00-Flr-001,Solar Flare,14,GOES-P: EXIS 1.0-8.0,11,Simultaneous Flaring Also Seen Near Ar 3869 (S18W82) Near The West Limb.,2024,Qtr 4,November,4,S07E40,2024
13883,2024,Qtr 4,November,4,M1.2,2024,Qtr 4,November,4,4,2024,Qtr 4,November,4,2024-11-04T08:29:00-Flr-001,Solar Flare,8,GOES-P: EXIS 1.0-8.0,11,No Note,2024,Qtr 4,November,4,S08E43,2024
13883,2024,Qtr 4,November,4,M1.3,2024,Qtr 4,November,4,4,2024,Qtr 4,November,4,2024-11-04T07:02:00-Flr-001,Solar Flare,7,GOES-P: EXIS 1.0-8.0,11,No Note,2024,Qtr 4,November,4,S08E45,2024
13883,2024,Qtr 4,November,4,M1.3,2024,Qtr 4,November,4,4,2024,Qtr 4,November,4,2024-11-04T15:00:00-Flr-001,Solar Flare,15,GOES-P: EXIS 1.0-8.0,11,No Note,2024,Qtr 4,November,4,S07E38,2024
13878,2024,Qtr 4,November,4,M1.4,2024,Qtr 4,November,4,4,2024,Qtr 4,November,4,2024-11-04T04:31:00-Flr-001,Solar Flare,4,GOES-P: EXIS 1.0-8.0,11,No Note,2024,Qtr 4,November,4,N17W11,2024
13883,2024,Qtr 4,November,4,M1.5,2024,Qtr 4,November,4,4,2024,Qtr 4,November,4,2024-11-04T00:52:00-Flr-001,Solar Flare,0,GOES-P: EXIS 1.0-8.0,11,No Note,2024,Qtr 4,November,4,S08E44,2024
13883,2024,Qtr 4,November,4,M1.6,2024,Qtr 4,November,4,4,2024,Qtr 4,November,4,2024-11-04T10:07:00-Flr-001,Solar Flare,10,GOES-P: EXIS 1.0-8.0,11,No Note,2024,Qtr 4,November,4,S08E43,2024
13883,2024,Qtr 4,November,4,M3.7,2024,Qtr 4,November,4,4,2024,Qtr 4,November,4,2024-11-04T15:26:00-Flr-001,Solar Flare,15,GOES-P: EXIS 1.0-8.0,11,Double-Peaked Flare Directly Followed By An M5.5 Flare Peaking At 2024-11-04T15:33Z From The Same Ar. End Time Manually Selected As Start Of Following M5.5.,2024,Qtr 4,November,4,S07E39,2024
13883,2024,Qtr 4,November,4,M3.8,2024,Qtr 4,November,4,4,2024,Qtr 4,November,4,2024-11-04T01:05:00-Flr-001,Solar Flare,1,GOES-P: EXIS 1.0-8.0,11,No Note,2024,Qtr 4,November,4,S04E42,2024
13883,2024,Qtr 4,November,4,M5.5,2024,Qtr 4,November,4,4,2024,Qtr 4,November,4,2024-11-04T15:36:00-Flr-001,Solar Flare,15,GOES-P: EXIS 1.0-8.0,11,Double-Peaked Flare Directly Preceded By An M3.7 Flare Peaking At 2024-11-04T15:33Z From The Same Ar. End Time Manually Calculated.,2024,Qtr 4,November,4,S07E38,2024
13883,2024,Qtr 4,November,5,M1.0,2024,Qtr 4,November,5,5,2024,Qtr 4,November,5,2024-11-05T09:11:00-Flr-001,Solar Flare,9,GOES-P: EXIS 1.0-8.0,11,No Note,2024,Qtr 4,November,5,S07E28,2024
13883,2024,Qtr 4,November,5,M1.2,2024,Qtr 4,November,5,5,2024,Qtr 4,November,5,2024-11-05T13:28:00-Flr-001,Solar Flare,13,GOES-P: EXIS 1.0-8.0,11,No Note,2024,Qtr 4,November,5,S08E28,2024
13889,2024,Qtr 4,November,5,M2.6,2024,Qtr 4,November,5,5,2024,Qtr 4,November,5,2024-11-05T06:35:00-Flr-001,Solar Flare,6,GOES-P: EXIS 1.0-8.0,11,No Note,2024,Qtr 4,November,5,S07E85,2024
13883,2024,Qtr 4,November,5,M2.9,2024,Qtr 4,November,5,5,2024,Qtr 4,November,5,2024-11-05T13:58:00-Flr-001,Solar Flare,13,GOES-P: EXIS 1.0-8.0,11,Double Peaked Flare With The M1.2 Flare Peaking At 2024-11-05T13:39Z From Ar 3883.,2024,Qtr 4,November,5,S08E28,2024
13872,2024,Qtr 4,November,5,M4.1,2024,Qtr 4,November,5,5,2024,Qtr 4,November,5,2024-11-05T15:05:00-Flr-001,Solar Flare,15,GOES-P: EXIS 1.0-8.0,11,No Note,2024,Qtr 4,November,5,S15W88,2024
13883,2024,Qtr 4,November,6,M1.1,2024,Qtr 4,November,6,6,2024,Qtr 4,November,6,2024-11-06T02:28:00-Flr-001,Solar Flare,2,GOES-P: EXIS 1.0-8.0,11,No Note,2024,Qtr 4,November,6,S06E15,2024
13883,2024,Qtr 4,November,6,M1.2,2024,Qtr 4,November,6,6,2024,Qtr 4,November,6,2024-11-06T03:02:00-Flr-001,Solar Flare,3,GOES-P: EXIS 1.0-8.0,11,No Note,2024,Qtr 4,November,6,S06E15,2024
13889,2024,Qtr 4,November,6,M1.2,2024,Qtr 4,November,6,6,2024,Qtr 4,November,6,2024-11-06T12:56:00-Flr-001,Solar Flare,12,GOES-P: EXIS 1.0-8.0,11,No Note,2024,Qtr 4,November,6,S10E90,2024
13889,2024,Qtr 4,November,6,M1.2,2024,Qtr 4,November,6,6,2024,Qtr 4,November,6,2024-11-06T17:10:00-Flr-001,Solar Flare,17,GOES-P: EXIS 1.0-8.0,11,No Note,2024,Qtr 4,November,6,S10E90,2024
13883,2024,Qtr 4,November,6,M1.5,2024,Qtr 4,November,6,6,2024,Qtr 4,November,6,2024-11-06T11:56:00-Flr-001,Solar Flare,11,GOES-P: EXIS 1.0-8.0,11,"Simultaneous Flaring From An Unnumbered Region On The East Limb, Around Latitude S10.",2024,Qtr 4,November,6,S06E15,2024
13889,2024,Qtr 4,November,6,M1.6,2024,Qtr 4,November,6,6,2024,Qtr 4,November,6,2024-11-06T15:50:00-Flr-001,Solar Flare,15,GOES-P: EXIS 1.0-8.0,11,No Note,2024,Qtr 4,November,6,S10E90,2024
13883,2024,Qtr 4,November,6,M2.9,2024,Qtr 4,November,6,6,2024,Qtr 4,November,6,2024-11-06T07:36:00-Flr-001,Solar Flare,7,GOES-P: EXIS 1.0-8.0,11,No Note,2024,Qtr 4,November,6,S06E15,2024
13889,2024,Qtr 4,November,6,M5.3,2024,Qtr 4,November,6,6,2024,Qtr 4,November,6,2024-11-06T14:27:00-Flr-001,Solar Flare,14,GOES-P: EXIS 1.0-8.0,11,"This Flare Was Observed From A Region That Was Unnumbered At The Time, But Has Since Been Numbered As Active Region 13889. The Observed X-Ray Flux Associated With This Flare Fluctuated Above M5.0 Levels Twice, But The Associated Euv Imagery, Seen In Sdo Aia 131, Confirms That This Is One Event.",2024,Qtr 4,November,6,S10E90,2024
13887,2024,Qtr 4,November,6,M5.8,2024,Qtr 4,November,6,6,2024,Qtr 4,November,6,2024-11-06T08:48:00-Flr-001,Solar Flare,8,GOES-P: EXIS 1.0-8.0,11,No Note,2024,Qtr 4,November,6,N16W60,2024
13883,2024,Qtr 4,November,6,X2.3,2024,Qtr 4,November,6,6,2024,Qtr 4,November,6,2024-11-06T13:36:00-Flr-001,Solar Flare,13,GOES-P: EXIS 1.0-8.0,11,No Note,2024,Qtr 4,November,6,S06E13,2024
13889,2024,Qtr 4,November,7,M1.1,2024,Qtr 4,November,6,6,2024,Qtr 4,November,7,2024-11-06T18:53:00-Flr-001,Solar Flare,18,GOES-P: EXIS 1.0-8.0,11,Simultaneous Flaring From Ar 3883 As Well.,2024,Qtr 4,November,7,S10E90,2024
13889,2024,Qtr 4,November,7,M1.1,2024,Qtr 4,November,6,6,2024,Qtr 4,November,7,2024-11-06T22:43:00-Flr-001,Solar Flare,22,GOES-P: EXIS 1.0-8.0,11,No Note,2024,Qtr 4,November,7,S10E90,2024
13889,2024,Qtr 4,November,7,M1.1,2024,Qtr 4,November,6,6,2024,Qtr 4,November,7,2024-11-06T23:10:00-Flr-001,Solar Flare,23,GOES-P: EXIS 1.0-8.0,11,Simultaneous Flaring From Ar 3889 On E Limb And Ar 3878.,2024,Qtr 4,November,7,S10E90,2024
13889,2024,Qtr 4,November,7,M1.2,2024,Qtr 4,November,6,6,2024,Qtr 4,November,7,2024-11-06T23:24:00-Flr-001,Solar Flare,23,GOES-P: EXIS 1.0-8.0,11,No Note,2024,Qtr 4,November,7,S10E90,2024
13889,2024,Qtr 4,November,7,M1.3,2024,Qtr 4,November,6,6,2024,Qtr 4,November,7,2024-11-06T20:35:00-Flr-001,Solar Flare,20,GOES-P: EXIS 1.0-8.0,11,No Note,2024,Qtr 4,November,7,S10E90,2024
13883,2024,Qtr 4,November,7,M1.3,2024,Qtr 4,November,7,7,2024,Qtr 4,November,7,2024-11-07T07:20:00-Flr-001,Solar Flare,7,GOES-P: EXIS 1.0-8.0,11,No Note,2024,Qtr 4,November,7,S09E05,2024
13889,2024,Qtr 4,November,7,M1.4,2024,Qtr 4,November,7,7,2024,Qtr 4,November,7,2024-11-07T11:53:00-Flr-001,Solar Flare,11,GOES-P: EXIS 1.0-8.0,11,No Note,2024,Qtr 4,November,7,S08E78,2024
13883,2024,Qtr 4,November,7,M1.6,2024,Qtr 4,November,6,6,2024,Qtr 4,November,7,2024-11-06T23:42:00-Flr-001,Solar Flare,23,GOES-P: EXIS 1.0-8.0,11,Simultaneous Flaring From Ar 3883 And Ar 3889 On The E Limb.,2024,Qtr 4,November,7,S06E08,2024
13889,2024,Qtr 4,November,7,M1.6,2024,Qtr 4,November,7,7,2024,Qtr 4,November,7,2024-11-07T07:36:00-Flr-001,Solar Flare,7,GOES-P: EXIS 1.0-8.0,11,No Note,2024,Qtr 4,November,7,S11E85,2024
13883,2024,Qtr 4,November,7,M2.3,2024,Qtr 4,November,7,7,2024,Qtr 4,November,7,2024-11-07T14:49:00-Flr-001,Solar Flare,14,GOES-P: EXIS 1.0-8.0,11,No Note,2024,Qtr 4,November,7,S08W03,2024
13889,2024,Qtr 4,November,7,M2.5,2024,Qtr 4,November,7,7,2024,Qtr 4,November,7,2024-11-07T01:15:00-Flr-001,Solar Flare,1,GOES-P: EXIS 1.0-8.0,11,No Note,2024,Qtr 4,November,7,S10E90,2024
13883,2024,Qtr 4,November,7,M2.5,2024,Qtr 4,November,7,7,2024,Qtr 4,November,7,2024-11-07T03:52:00-Flr-001,Solar Flare,3,GOES-P: EXIS 1.0-8.0,11,No Note,2024,Qtr 4,November,7,S07E04,2024
13889,2024,Qtr 4,November,7,M2.7,2024,Qtr 4,November,7,7,2024,Qtr 4,November,7,2024-11-07T07:46:00-Flr-001,Solar Flare,7,GOES-P: EXIS 1.0-8.0,11,No Note,2024,Qtr 4,November,7,S11E85,2024
13883,2024,Qtr 4,November,8,M1.5,2024,Qtr 4,November,8,8,2024,Qtr 4,November,8,2024-11-08T02:53:00-Flr-001,Solar Flare,2,GOES-P: EXIS 1.0-8.0,11,No Note,2024,Qtr 4,November,8,S06W07,2024
13889,2024,Qtr 4,November,10,C6.7,2024,Qtr 4,November,10,10,2024,Qtr 4,November,10,2024-11-10T15:51:00-Flr-001,Solar Flare,15,GOES-P: EXIS 1.0-8.0,11,No Note,2024,Qtr 4,November,10,S10E30,2024
13889,2024,Qtr 4,November,10,M1.2,2024,Qtr 4,November,9,9,2024,Qtr 4,November,10,2024-11-09T20:44:00-Flr-001,Solar Flare,20,GOES-P: EXIS 1.0-8.0,11,No Note,2024,Qtr 4,November,10,S10E37,2024
13889,2024,Qtr 4,November,10,M4.2,2024,Qtr 4,November,10,10,2024,Qtr 4,November,10,2024-11-10T00:04:00-Flr-001,Solar Flare,0,GOES-P: EXIS 1.0-8.0,11,No Note,2024,Qtr 4,November,10,S07E34,2024
13889,2024,Qtr 4,November,10,M9.4,2024,Qtr 4,November,10,10,2024,Qtr 4,November,10,2024-11-10T11:51:00-Flr-001,Solar Flare,11,GOES-P: EXIS 1.0-8.0,11,No Note,2024,Qtr 4,November,10,S10E27,2024
13881,2024,Qtr 4,November,11,C8.4,2024,Qtr 4,November,10,10,2024,Qtr 4,November,11,2024-11-10T22:31:00-Flr-001,Solar Flare,22,GOES-P: EXIS 1.0-8.0,11,No Note,2024,Qtr 4,November,11,S09W98,2024
13889,2024,Qtr 4,November,11,M1.1,2024,Qtr 4,November,11,11,2024,Qtr 4,November,11,2024-11-11T05:07:00-Flr-001,Solar Flare,5,GOES-P: EXIS 1.0-8.0,11,No Note,2024,Qtr 4,November,11,S08E19,2024
13889,2024,Qtr 4,November,11,M1.4,2024,Qtr 4,November,11,11,2024,Qtr 4,November,11,2024-11-11T05:36:00-Flr-001,Solar Flare,5,GOES-P: EXIS 1.0-8.0,11,No Note,2024,Qtr 4,November,11,S08E17,2024
13889,2024,Qtr 4,November,11,M4.9,2024,Qtr 4,November,10,10,2024,Qtr 4,November,11,2024-11-10T20:09:00-Flr-001,Solar Flare,20,GOES-P: EXIS 1.0-8.0,11,No Note,2024,Qtr 4,November,11,S12E35,2024
0,2024,Qtr 4,November,12,C8.2,2024,Qtr 4,November,12,12,2024,Qtr 4,November,12,2024-11-12T12:47:00-Flr-001,Solar Flare,12,GOES-P: EXIS 1.0-8.0,11,No Note,2024,Qtr 4,November,12,N15W90,2024
13889,2024,Qtr 4,November,13,M1.0,2024,Qtr 4,November,13,13,2024,Qtr 4,November,13,2024-11-13T00:11:00-Flr-001,Solar Flare,0,GOES-P: EXIS 1.0-8.0,11,Flare Occurs Centered Between Active Regions 13889 And 13892.,2024,Qtr 4,November,13,S12E02,2024
13889,2024,Qtr 4,November,13,M1.7,2024,Qtr 4,November,13,13,2024,Qtr 4,November,13,2024-11-13T16:57:00-Flr-001,Solar Flare,16,GOES-P: EXIS 1.0-8.0,11,No Note,2024,Qtr 4,November,13,S09W10,2024
13893,2024,Qtr 4,November,15,M1.0,2024,Qtr 4,November,15,15,2024,Qtr 4,November,15,2024-11-15T12:05:00-Flr-001,Solar Flare,12,GOES-P: EXIS 1.0-8.0,11,No Note,2024,Qtr 4,November,15,S20E43,2024
13893,2024,Qtr 4,November,15,M1.1,2024,Qtr 4,November,15,15,2024,Qtr 4,November,15,2024-11-15T01:38:00-Flr-001,Solar Flare,1,GOES-P: EXIS 1.0-8.0,11,No Note,2024,Qtr 4,November,15,S19E47,2024
13892,2024,Qtr 4,November,16,M1.6,2024,Qtr 4,November,16,16,2024,Qtr 4,November,16,2024-11-16T01:26:00-Flr-001,Solar Flare,1,GOES-P: EXIS 1.0-8.0,11,Ar 3889 (S10W39) Was In Close Proximity To Ar 3892 (S10W35) And Maybe Also Have Been The Source Of This Flare.,2024,Qtr 4,November,16,S10W35,2024
0,2024,Qtr 4,November,17,C5.3,2024,Qtr 4,November,17,17,2024,Qtr 4,November,17,2024-11-17T10:38:00-Flr-001,Solar Flare,10,GOES-P: EXIS 1.0-8.0,11,No Note,2024,Qtr 4,November,17,S10E95,2024
13901,2024,Qtr 4,November,18,M1.0,2024,Qtr 4,November,18,18,2024,Qtr 4,November,18,2024-11-18T05:13:00-Flr-001,Solar Flare,5,GOES-P: EXIS 1.0-8.0,11,No Note,2024,Qtr 4,November,18,S08E80,2024
13901,2024,Qtr 4,November,18,M1.2,2024,Qtr 4,November,18,18,2024,Qtr 4,November,18,2024-11-18T07:54:00-Flr-001,Solar Flare,7,GOES-P: EXIS 1.0-8.0,11,No Note,2024,Qtr 4,November,18,S08E79,2024
13897,2024,Qtr 4,November,18,M1.5,2024,Qtr 4,November,18,18,2024,Qtr 4,November,18,2024-11-18T11:19:00-Flr-001,Solar Flare,11,GOES-P: EXIS 1.0-8.0,11,No Note,2024,Qtr 4,November,18,S11W56,2024
13897,2024,Qtr 4,November,18,M1.6,2024,Qtr 4,November,18,18,2024,Qtr 4,November,18,2024-11-18T11:06:00-Flr-001,Solar Flare,11,GOES-P: EXIS 1.0-8.0,11,No Note,2024,Qtr 4,November,18,S12W55,2024
13901,2024,Qtr 4,November,18,M1.7,2024,Qtr 4,November,18,18,2024,Qtr 4,November,18,2024-11-18T07:25:00-Flr-001,Solar Flare,7,GOES-P: EXIS 1.0-8.0,11,No Note,2024,Qtr 4,November,18,S08E79,2024
13901,2024,Qtr 4,November,18,M1.8,2024,Qtr 4,November,18,18,2024,Qtr 4,November,18,2024-11-18T17:43:00-Flr-001,Solar Flare,17,GOES-P: EXIS 1.0-8.0,11,No Note,2024,Qtr 4,November,18,S08E71,2024
13901,2024,Qtr 4,November,18,M2.5,2024,Qtr 4,November,18,18,2024,Qtr 4,November,18,2024-11-18T10:41:00-Flr-001,Solar Flare,10,GOES-P: EXIS 1.0-8.0,11,"Majority Of Brightening Visible In Sdo Aia 131 Is From Ar 3901; However, There Is Simultaneous Flaring From Ar 3897 (S12W55) And Ar 3889 (S09W77).",2024,Qtr 4,November,18,S08E78,2024
13901,2024,Qtr 4,November,18,M3.7,2024,Qtr 4,November,18,18,2024,Qtr 4,November,18,2024-11-18T12:42:00-Flr-001,Solar Flare,12,GOES-P: EXIS 1.0-8.0,11,No Note,2024,Qtr 4,November,18,S08E73,2024
13889,2024,Qtr 4,November,19,M1.1,2024,Qtr 4,November,18,18,2024,Qtr 4,November,19,2024-11-18T20:48:00-Flr-001,Solar Flare,20,GOES-P: EXIS 1.0-8.0,11,"Based On Sdo Aia 131 Imagery, There Is Brightening From Both Ar 3889 (S11W88) And Ar 3901 (S10E74).",2024,Qtr 4,November,19,S11W88,2024
13889,2024,Qtr 4,November,19,M1.1,2024,Qtr 4,November,18,18,2024,Qtr 4,November,19,2024-11-18T23:50:00-Flr-001,Solar Flare,23,GOES-P: EXIS 1.0-8.0,11,No Note,2024,Qtr 4,November,19,S11W88,2024
13901,2024,Qtr 4,November,19,M2.0,2024,Qtr 4,November,18,18,2024,Qtr 4,November,19,2024-11-18T18:45:00-Flr-001,Solar Flare,18,GOES-P: EXIS 1.0-8.0,11,No Note,2024,Qtr 4,November,19,S10E74,2024
13897,2024,Qtr 4,November,21,M1.1,2024,Qtr 4,November,20,20,2024,Qtr 4,November,21,2024-11-20T19:11:00-Flr-001,Solar Flare,19,GOES-P: EXIS 1.0-8.0,11,No Note,2024,Qtr 4,November,21,S08W89,2024
13905,2024,Qtr 4,November,22,M1.6,2024,Qtr 4,November,22,22,2024,Qtr 4,November,22,2024-11-22T15:42:00-Flr-001,Solar Flare,15,GOES-P: EXIS 1.0-8.0,11,No Note,2024,Qtr 4,November,22,S08E73,2024
13906,2024,Qtr 4,November,23,M1.0,2024,Qtr 4,November,22,22,2024,Qtr 4,November,23,2024-11-22T21:26:00-Flr-001,Solar Flare,21,GOES-P: EXIS 1.0-8.0,11,No Note,2024,Qtr 4,November,23,S18E74,2024
13901,2024,Qtr 4,November,23,M1.1,2024,Qtr 4,November,23,23,2024,Qtr 4,November,23,2024-11-23T15:54:00-Flr-001,Solar Flare,15,GOES-P: EXIS 1.0-8.0,11,No Note,2024,Qtr 4,November,23,S08E02,2024
13908,2024,Qtr 4,November,23,M1.1,2024,Qtr 4,November,23,23,2024,Qtr 4,November,24,2024-11-23T17:49:00-Flr-001,Solar Flare,17,GOES-P: EXIS 1.0-8.0,11,No Note,2024,Qtr 4,November,23,N15E80,2024
13893,2024,Qtr 4,November,24,C5.4,2024,Qtr 4,November,23,23,2024,Qtr 4,November,24,2024-11-23T19:01:00-Flr-001,Solar Flare,19,GOES-P: EXIS 1.0-8.0,11,No Note,2024,Qtr 4,November,24,S18W63,2024
13906,2024,Qtr 4,November,25,M1.0,2024,Qtr 4,November,25,25,2024,Qtr 4,November,25,2024-11-25T16:07:00-Flr-001,Solar Flare,16,GOES-P: EXIS 1.0-8.0,11,This Flare Is Between Ar 13906 And Ar 13905.,2024,Qtr 4,November,25,S14E32,2024
13910,2024,Qtr 4,November,25,M1.1,2024,Qtr 4,November,24,24,2024,Qtr 4,November,25,2024-11-24T20:11:00-Flr-001,Solar Flare,20,GOES-P: EXIS 1.0-8.0,11,This Flare Was Originally Observed From An Occulted Region Beyond The Northeast Limb Which Has Since Been Numbered As Active Region 13910.,2024,Qtr 4,November,25,N21E90,2024
13906,2024,Qtr 4,November,25,M1.1,2024,Qtr 4,November,25,25,2024,Qtr 4,November,25,2024-11-25T01:39:00-Flr-001,Solar Flare,1,GOES-P: EXIS 1.0-8.0,11,No Note,2024,Qtr 4,November,25,S13E46,2024
13910,2024,Qtr 4,November,25,M1.5,2024,Qtr 4,November,25,25,2024,Qtr 4,November,25,2024-11-25T16:58:00-Flr-001,Solar Flare,16,GOES-P: EXIS 1.0-8.0,11,This Flare Was Originally Observed From An Occulted Region Beyond The Northeast Limb Which Has Since Been Numbered As Active Region 13910.,2024,Qtr 4,November,25,N20E90,2024
13906,2024,Qtr 4,November,25,M1.8,2024,Qtr 4,November,25,25,2024,Qtr 4,November,25,2024-11-25T04:39:00-Flr-001,Solar Flare,4,GOES-P: EXIS 1.0-8.0,11,No Note,2024,Qtr 4,November,25,S16E45,2024
13906,2024,Qtr 4,November,25,M2.0,2024,Qtr 4,November,25,25,2024,Qtr 4,November,25,2024-11-25T12:01:00-Flr-001,Solar Flare,12,GOES-P: EXIS 1.0-8.0,11,Simultaneous Flaring Is Also Observed From Active Region 13095.,2024,Qtr 4,November,25,S16E40,2024
13910,2024,Qtr 4,November,25,M9.4,2024,Qtr 4,November,25,25,2024,Qtr 4,November,25,2024-11-25T07:24:00-Flr-001,Solar Flare,7,GOES-P: EXIS 1.0-8.0,11,This Flare Was Originally Observed From An Occulted Region Beyond The Northeast Limb Which Has Since Been Numbered As Active Region 13910.,2024,Qtr 4,November,25,N20E90,2024
13906,2024,Qtr 4,November,26,M1.1,2024,Qtr 4,November,25,25,2024,Qtr 4,November,26,2024-11-25T21:33:00-Flr-001,Solar Flare,21,GOES-P: EXIS 1.0-8.0,11,No Note,2024,Qtr 4,November,26,S18E36,2024
13901,2024,Qtr 4,November,26,M1.9,2024,Qtr 4,November,25,25,2024,Qtr 4,November,26,2024-11-25T20:24:00-Flr-001,Solar Flare,20,GOES-P: EXIS 1.0-8.0,11,No Note,2024,Qtr 4,November,26,S12W25,2024
0,2024,Qtr 4,November,27,C3.5,2024,Qtr 4,November,27,27,2024,Qtr 4,November,27,2024-11-27T02:21:00-Flr-001,Solar Flare,2,GOES-P: EXIS 1.0-8.0,11,No Numbered Active Region At The Location Of This Flare As Seen In Goes Suvi 131. Some Simultaneous Brightening From Ar 13807 (S22W30). There Is No Simultaneous Brightening Seen At Ar 13901 (S10W50). Brightening Observed In Goes Suvi 131; Outage In Sdo Affecting Timestamps Starting At About 2024-11-26T23:52Z.,2024,Qtr 4,November,27,S20W75,2024
13901,2024,Qtr 4,November,27,M1.0,2024,Qtr 4,November,27,27,2024,Qtr 4,November,27,2024-11-27T12:27:00-Flr-001,Solar Flare,12,GOES-P: EXIS 1.0-8.0,11,No Note,2024,Qtr 4,November,27,S05W50,2024
13917,2024,Qtr 4,December,4,M2.3,2024,Qtr 4,December,4,4,2024,Qtr 4,December,4,2024-12-04T09:52:00-Flr-001,Solar Flare,9,GOES-P: EXIS 1.0-8.0,12,This Flare Was Observed From An Active Region That Was Unnumbered At The Time Of The Event But Has Since Been Numbered As Active Region 13917.,2024,Qtr 4,December,4,S09E90,2024
13917,2024,Qtr 4,December,5,M1.0,2024,Qtr 4,December,5,5,2024,Qtr 4,December,5,2024-12-05T06:56:00-Flr-001,Solar Flare,6,GOES-P: EXIS 1.0-8.0,12,No Note,2024,Qtr 4,December,5,S09E57,2024
13906,2024,Qtr 4,December,5,M1.1,2024,Qtr 4,December,5,5,2024,Qtr 4,December,5,2024-12-05T08:12:00-Flr-001,Solar Flare,8,GOES-P: EXIS 1.0-8.0,12,No Note,2024,Qtr 4,December,5,S17W90,2024
13916,2024,Qtr 4,December,5,M1.3,2024,Qtr 4,December,4,4,2024,Qtr 4,December,5,2024-12-04T20:31:00-Flr-001,Solar Flare,20,GOES-P: EXIS 1.0-8.0,12,Sympathetic Flaring Was Also Observed From An Unnumbered Active Region Northeast Of Active Region 13916.,2024,Qtr 4,December,5,S16E56,2024
13917,2024,Qtr 4,December,5,M1.4,2024,Qtr 4,December,4,4,2024,Qtr 4,December,5,2024-12-04T20:57:00-Flr-001,Solar Flare,20,GOES-P: EXIS 1.0-8.0,12,This Flare Was Observed From An Active Region That Was Unnumbered At The Time Of The Event But Has Since Been Numbered As Active Region 13917.,2024,Qtr 4,December,5,S06E71,2024
13906,2024,Qtr 4,December,5,M2.5,2024,Qtr 4,December,5,5,2024,Qtr 4,December,5,2024-12-05T10:32:00-Flr-001,Solar Flare,10,GOES-P: EXIS 1.0-8.0,12,No Note,2024,Qtr 4,December,5,S17W90,2024
13917,2024,Qtr 4,December,6,M1.4,2024,Qtr 4,December,6,6,2024,Qtr 4,December,6,2024-12-06T09:06:00-Flr-001,Solar Flare,9,GOES-P: EXIS 1.0-8.0,12,"Goes X-Ray Flux Has Three ""Bumps"" In The M-Class Flaring Range Included In This Time-Frame. After Close Inspection Of The Goes Suvi 131 Imagery, It Appears This Flaring Is All From The Same Active Region In Close Succession. The Initial Peak Of M1.2 Occurs At 2024-12-06T09:20Z With An Additional Increase In X-Ray Flux To M1.4 After A Small Deviation In Flux.",2024,Qtr 4,December,6,S08E47,2024
13917,2024,Qtr 4,December,7,M2.3,2024,Qtr 4,December,7,7,2024,Qtr 4,December,7,2024-12-07T13:00:00-Flr-001,Solar Flare,13,GOES-P: EXIS 1.0-8.0,12,No Note,2024,Qtr 4,December,7,S07E32,2024
13912,2024,Qtr 4,December,8,M1.5,2024,Qtr 4,December,8,8,2024,Qtr 4,December,8,2024-12-08T16:00:00-Flr-001,Solar Flare,16,GOES-P: EXIS 1.0-8.0,12,No Note,2024,Qtr 4,December,8,S07W56,2024
13917,2024,Qtr 4,December,8,M3.2,2024,Qtr 4,December,7,7,2024,Qtr 4,December,8,2024-12-07T21:53:00-Flr-001,Solar Flare,21,GOES-P: EXIS 1.0-8.0,12,Overlapping With The Simultaneous Flare From Behind The Nw Limb.,2024,Qtr 4,December,8,S08E25,2024
13912,2024,Qtr 4,December,8,X2.2,2024,Qtr 4,December,8,8,2024,Qtr 4,December,8,2024-12-08T08:50:00-Flr-001,Solar Flare,8,GOES-P: EXIS 1.0-8.0,12,No Note,2024,Qtr 4,December,8,S07W52,2024
13920,2024,Qtr 4,December,10,C2.8,2024,Qtr 4,December,10,10,2024,Qtr 4,December,10,2024-12-10T14:36:00-Flr-001,Solar Flare,14,GOES-P: EXIS 1.0-8.0,12,No Note,2024,Qtr 4,December,10,N22E27,2024
13922,2024,Qtr 4,December,10,C9.7,2024,Qtr 4,December,10,10,2024,Qtr 4,December,10,2024-12-10T03:12:00-Flr-001,Solar Flare,3,GOES-P: EXIS 1.0-8.0,12,No Note,2024,Qtr 4,December,10,S18E77,2024
13922,2024,Qtr 4,December,10,M1.4,2024,Qtr 4,December,10,10,2024,Qtr 4,December,10,2024-12-10T07:03:00-Flr-001,Solar Flare,7,GOES-P: EXIS 1.0-8.0,12,Accompanied By Sympathetic Flaring From The West Limb.,2024,Qtr 4,December,10,S18E72,2024
13922,2024,Qtr 4,December,10,M1.5,2024,Qtr 4,December,10,10,2024,Qtr 4,December,10,2024-12-10T10:55:00-Flr-001,Solar Flare,10,GOES-P: EXIS 1.0-8.0,12,No Note,2024,Qtr 4,December,10,S18E72,2024
13922,2024,Qtr 4,December,10,M1.6,2024,Qtr 4,December,10,10,2024,Qtr 4,December,10,2024-12-10T17:54:00-Flr-001,Solar Flare,17,GOES-P: EXIS 1.0-8.0,12,No Note,2024,Qtr 4,December,10,S18E70,2024
13922,2024,Qtr 4,December,10,M6.4,2024,Qtr 4,December,10,10,2024,Qtr 4,December,10,2024-12-10T06:36:00-Flr-001,Solar Flare,6,GOES-P: EXIS 1.0-8.0,12,No Note,2024,Qtr 4,December,10,S18E72,2024
13920,2024,Qtr 4,December,11,C2.7,2024,Qtr 4,December,11,11,2024,Qtr 4,December,11,2024-12-11T06:55:00-Flr-001,Solar Flare,6,GOES-P: EXIS 1.0-8.0,12,No Note,2024,Qtr 4,December,11,N22E21,2024
13922,2024,Qtr 4,December,11,M1.9,2024,Qtr 4,December,11,11,2024,Qtr 4,December,11,2024-12-11T05:54:00-Flr-001,Solar Flare,5,GOES-P: EXIS 1.0-8.0,12,No Note,2024,Qtr 4,December,11,S17E55,2024
13920,2024,Qtr 4,December,11,M2.7,2024,Qtr 4,December,11,11,2024,Qtr 4,December,11,2024-12-11T10:03:00-Flr-001,Solar Flare,10,GOES-P: EXIS 1.0-8.0,12,No Note,2024,Qtr 4,December,11,N19E16,2024
13912,2024,Qtr 4,December,11,M6.7,2024,Qtr 4,December,11,11,2024,Qtr 4,December,11,2024-12-11T15:32:00-Flr-001,Solar Flare,15,GOES-P: EXIS 1.0-8.0,12,This Occulted Flare Was Observed Near Or Slightly Beyond The West Limb And Is Likely Associated With Former Active Region 13912 Which Rotated Off The Earth-Facing Disk On 2024-12-11.,2024,Qtr 4,December,11,S10W90,2024
13922,2024,Qtr 4,December,12,M2.2,2024,Qtr 4,December,12,12,2024,Qtr 4,December,12,2024-12-12T17:31:00-Flr-001,Solar Flare,17,GOES-P: EXIS 1.0-8.0,12,No Note,2024,Qtr 4,December,12,S18E38,2024
13916,2024,Qtr 4,December,13,C2.1,2024,Qtr 4,December,13,13,2024,Qtr 4,December,13,2024-12-13T02:21:00-Flr-001,Solar Flare,2,GOES-P: EXIS 1.0-8.0,12,"This Flare Is Double Peaked, And Directly Precedes A C2.2 Flare With Start Time: 2024-12-13T02:24Z, Peak Time: 2024-12-13T02:39Z, End Time: 2024-12-13T02:43Z. This Initial C2.1 Flare Is Believed To Be Linked To The Associated Cme.",2024,Qtr 4,December,13,S15W55,2024
13922,2024,Qtr 4,December,13,M1.0,2024,Qtr 4,December,13,13,2024,Qtr 4,December,13,2024-12-13T03:11:00-Flr-001,Solar Flare,3,GOES-P: EXIS 1.0-8.0,12,No Note,2024,Qtr 4,December,13,S18E37,2024
13922,2024,Qtr 4,December,13,M1.0,2024,Qtr 4,December,13,13,2024,Qtr 4,December,13,2024-12-13T14:15:00-Flr-001,Solar Flare,14,GOES-P: EXIS 1.0-8.0,12,No Note,2024,Qtr 4,December,13,S18E27,2024
13922,2024,Qtr 4,December,13,M1.6,2024,Qtr 4,December,12,12,2024,Qtr 4,December,13,2024-12-12T20:58:00-Flr-001,Solar Flare,20,GOES-P: EXIS 1.0-8.0,12,No Note,2024,Qtr 4,December,13,S18E35,2024
13917,2024,Qtr 4,December,13,M2.0,2024,Qtr 4,December,13,13,2024,Qtr 4,December,13,2024-12-13T11:13:00-Flr-001,Solar Flare,11,GOES-P: EXIS 1.0-8.0,12,No Note,2024,Qtr 4,December,13,S08W47,2024
13916,2024,Qtr 4,December,14,C3.7,2024,Qtr 4,December,14,14,2024,Qtr 4,December,14,2024-12-14T06:20:00-Flr-001,Solar Flare,6,GOES-P: EXIS 1.0-8.0,12,No Note,2024,Qtr 4,December,14,S15W69,2024
13916,2024,Qtr 4,December,15,C7.2,2024,Qtr 4,December,15,15,2024,Qtr 4,December,15,2024-12-15T09:27:00-Flr-001,Solar Flare,9,GOES-P: EXIS 1.0-8.0,12,This Ar Decayed Into A Plage By The Time Of The Flaring Activity.,2024,Qtr 4,December,15,S15W85,2024
13920,2024,Qtr 4,December,16,M3.1,2024,Qtr 4,December,15,15,2024,Qtr 4,December,16,2024-12-15T20:15:00-Flr-001,Solar Flare,20,GOES-P: EXIS 1.0-8.0,12,No Note,2024,Qtr 4,December,16,N22W40,2024
13924,2024,Qtr 4,December,19,M1.6,2024,Qtr 4,December,19,19,2024,Qtr 4,December,19,2024-12-19T10:21:00-Flr-001,Solar Flare,10,GOES-P: EXIS 1.0-8.0,12,No Note,2024,Qtr 4,December,19,S20W75,2024
13928,2024,Qtr 4,December,19,M3.8,2024,Qtr 4,December,19,19,2024,Qtr 4,December,19,2024-12-19T15:27:00-Flr-001,Solar Flare,15,GOES-P: EXIS 1.0-8.0,12,No Note,2024,Qtr 4,December,19,S14E68,2024
13932,2024,Qtr 4,December,20,C9.4,2024,Qtr 4,December,20,20,2024,Qtr 4,December,20,2024-12-20T10:03:00-Flr-001,Solar Flare,10,GOES-P: EXIS 1.0-8.0,12,No Note,2024,Qtr 4,December,20,S18E75,2024
13928,2024,Qtr 4,December,20,M1.7,2024,Qtr 4,December,19,19,2024,Qtr 4,December,20,2024-12-19T18:56:00-Flr-001,Solar Flare,18,GOES-P: EXIS 1.0-8.0,12,No Note,2024,Qtr 4,December,20,S14E75,2024
13924,2024,Qtr 4,December,20,M2.1,2024,Qtr 4,December,20,20,2024,Qtr 4,December,20,2024-12-20T07:20:00-Flr-001,Solar Flare,7,GOES-P: EXIS 1.0-8.0,12,No Note,2024,Qtr 4,December,20,S20W86,2024
13928,2024,Qtr 4,December,20,M2.5,2024,Qtr 4,December,20,20,2024,Qtr 4,December,20,2024-12-20T11:15:00-Flr-001,Solar Flare,11,GOES-P: EXIS 1.0-8.0,12,No Note,2024,Qtr 4,December,20,S14E70,2024
13932,2024,Qtr 4,December,21,M1.9,2024,Qtr 4,December,21,21,2024,Qtr 4,December,21,2024-12-21T00:33:00-Flr-001,Solar Flare,0,GOES-P: EXIS 1.0-8.0,12,No Note,2024,Qtr 4,December,21,S15E61,2024
13932,2024,Qtr 4,December,22,C9.5,2024,Qtr 4,December,21,21,2024,Qtr 4,December,22,2024-12-21T22:58:00-Flr-001,Solar Flare,22,GOES-P: EXIS 1.0-8.0,12,No Note,2024,Qtr 4,December,22,S18E49,2024
13932,2024,Qtr 4,December,22,M1.0,2024,Qtr 4,December,22,22,2024,Qtr 4,December,22,2024-12-22T04:03:00-Flr-001,Solar Flare,4,GOES-P: EXIS 1.0-8.0,12,No Note,2024,Qtr 4,December,22,S17E48,2024
13930,2024,Qtr 4,December,22,M1.1,2024,Qtr 4,December,22,22,2024,Qtr 4,December,22,2024-12-22T14:06:00-Flr-001,Solar Flare,14,GOES-P: EXIS 1.0-8.0,12,No Note,2024,Qtr 4,December,22,S20W60,2024
13938,2024,Qtr 4,December,23,M1.0,2024,Qtr 4,December,23,23,2024,Qtr 4,December,23,2024-12-23T02:10:00-Flr-001,Solar Flare,2,GOES-S: EXIS 1.0-8.0,12,"The Source May Be Just On The Ne Limb Or Slightly Occulted Just Beyond It. At This Time, The Goes-P Json Data Source Is Delayed, So Goes-S Timestamps Are Technically Used Even With Both Spacecraft Appearing To Be In Sync Upon Timeline Inspection. This Is Likely From Ar 3938, Numbered On 2024-12-24.",2024,Qtr 4,December,23,N19E90,2024
13928,2024,Qtr 4,December,23,M1.0,2024,Qtr 4,December,23,23,2024,Qtr 4,December,23,2024-12-23T06:24:00-Flr-001,Solar Flare,6,GOES-P: EXIS 1.0-8.0,12,No Note,2024,Qtr 4,December,23,S10E14,2024
13932,2024,Qtr 4,December,23,M1.1,2024,Qtr 4,December,22,22,2024,Qtr 4,December,23,2024-12-22T20:39:00-Flr-001,Solar Flare,20,GOES-S: EXIS 1.0-8.0,12,"At This Time, The Goes-P Json Data Source Is Delayed, So Goes-S Timestamps Are Technically Used Even With Both Spacecraft Appearing To Be In Sync Upon Timeline Inspection.",2024,Qtr 4,December,23,S16E37,2024
13932,2024,Qtr 4,December,23,M8.9,2024,Qtr 4,December,23,23,2024,Qtr 4,December,23,2024-12-23T11:06:00-Flr-001,Solar Flare,11,GOES-P: EXIS 1.0-8.0,12,No Note,2024,Qtr 4,December,23,S18E30,2024
13933,2024,Qtr 4,December,24,M1.0,2024,Qtr 4,December,24,24,2024,Qtr 4,December,24,2024-12-24T01:50:00-Flr-001,Solar Flare,1,GOES-S: EXIS 1.0-8.0,12,No Note,2024,Qtr 4,December,24,S02E05,2024
13932,2024,Qtr 4,December,24,M1.0,2024,Qtr 4,December,24,24,2024,Qtr 4,December,25,2024-12-24T18:20:00-Flr-001,Solar Flare,18,GOES-S: EXIS 1.0-8.0,12,No Note,2024,Qtr 4,December,24,S15E20,2024
13932,2024,Qtr 4,December,24,M1.1,2024,Qtr 4,December,24,24,2024,Qtr 4,December,24,2024-12-24T14:02:00-Flr-001,Solar Flare,14,GOES-P: EXIS 1.0-8.0,12,No Note,2024,Qtr 4,December,24,S16E14,2024
13932,2024,Qtr 4,December,24,M1.3,2024,Qtr 4,December,24,24,2024,Qtr 4,December,24,2024-12-24T16:25:00-Flr-001,Solar Flare,16,GOES-P: EXIS 1.0-8.0,12,No Note,2024,Qtr 4,December,24,S18E21,2024
13932,2024,Qtr 4,December,24,M4.1,2024,Qtr 4,December,24,24,2024,Qtr 4,December,24,2024-12-24T08:28:00-Flr-001,Solar Flare,8,GOES-P: EXIS 1.0-8.0,12,No Note,2024,Qtr 4,December,24,S17E17,2024
13932,2024,Qtr 4,December,24,M4.7,2024,Qtr 4,December,24,24,2024,Qtr 4,December,24,2024-12-24T00:14:00-Flr-001,Solar Flare,0,GOES-S: EXIS 1.0-8.0,12,Simultaneous Flaring From Unnumbered Region In The Ne Near N24E90.,2024,Qtr 4,December,24,S15E20,2024
13930,2024,Qtr 4,December,25,M1.0,2024,Qtr 4,December,24,24,2024,Qtr 4,December,25,2024-12-24T20:15:00-Flr-001,Solar Flare,20,GOES-P: EXIS 1.0-8.0,12,No Note,2024,Qtr 4,December,25,S23W87,2024
13938,2024,Qtr 4,December,25,M1.2,2024,Qtr 4,December,24,24,2024,Qtr 4,December,25,2024-12-24T22:24:00-Flr-001,Solar Flare,22,GOES-P: EXIS 1.0-8.0,12,No Note,2024,Qtr 4,December,25,N22E63,2024
13938,2024,Qtr 4,December,25,M2.8,2024,Qtr 4,December,25,25,2024,Qtr 4,December,25,2024-12-25T04:14:00-Flr-001,Solar Flare,4,GOES-S: EXIS 1.0-8.0,12,No Note,2024,Qtr 4,December,25,N20E63,2024
13932,2024,Qtr 4,December,25,M4.9,2024,Qtr 4,December,25,25,2024,Qtr 4,December,25,2024-12-25T04:46:00-Flr-001,Solar Flare,4,GOES-S: EXIS 1.0-8.0,12,No Note,2024,Qtr 4,December,25,S18E10,2024
0,2024,Qtr 4,December,26,C9.6,2024,Qtr 4,December,26,26,2024,Qtr 4,December,27,2024-12-26T18:28:00-Flr-001,Solar Flare,18,GOES-P: EXIS 1.0-8.0,12,No Note,2024,Qtr 4,December,27,S05E73,2024
13938,2024,Qtr 4,December,26,M3.1,2024,Qtr 4,December,25,25,2024,Qtr 4,December,26,2024-12-25T23:59:00-Flr-001,Solar Flare,23,GOES-P: EXIS 1.0-8.0,12,Simultaneous Flaring From Ar 3938 (N20E52) And Ar 3936 (N13E11); Ar 3938 Appears To Be Brighter Based On Goes Suvi Imagery,2024,Qtr 4,December,26,N20E52,2024
13938,2024,Qtr 4,December,26,M7.4,2024,Qtr 4,December,26,26,2024,Qtr 4,December,26,2024-12-26T02:52:00-Flr-001,Solar Flare,2,GOES-P: EXIS 1.0-8.0,12,Simultaneous Flaring From Ar 3938 (N20E51) And Ar 3933 (S08W23); Ar 3938 Appears To Be Brighter.,2024,Qtr 4,December,26,N20E51,2024
13928,2024,Qtr 4,December,27,M1.2,2024,Qtr 4,December,27,27,2024,Qtr 4,December,27,2024-12-27T15:27:00-Flr-001,Solar Flare,15,GOES-P: EXIS 1.0-8.0,12,No Note,2024,Qtr 4,December,27,S14W43,2024
13932,2024,Qtr 4,December,28,M1.3,2024,Qtr 4,December,28,28,2024,Qtr 4,December,28,2024-12-28T15:14:00-Flr-001,Solar Flare,15,GOES-P: EXIS 1.0-8.0,12,No Note,2024,Qtr 4,December,28,S16W31,2024
13938,2024,Qtr 4,December,28,M3.3,2024,Qtr 4,December,27,27,2024,Qtr 4,December,28,2024-12-27T20:29:00-Flr-001,Solar Flare,20,GOES-P: EXIS 1.0-8.0,12,No Note,2024,Qtr 4,December,28,N21E29,2024
13932,2024,Qtr 4,December,28,M4.5,2024,Qtr 4,December,28,28,2024,Qtr 4,December,28,2024-12-28T11:12:00-Flr-001,Solar Flare,11,GOES-P: EXIS 1.0-8.0,12,"Simultaneous Flaring Between Ar 3932 (S15W27) Attributed As The Main, Brighter Source Via Goes Suvi 131 Imagery, And Ar 3933 (S07W57).",2024,Qtr 4,December,28,S15W27,2024
13929,2024,Qtr 4,December,29,M1.0,2024,Qtr 4,December,29,29,2024,Qtr 4,December,29,2024-12-29T02:28:00-Flr-001,Solar Flare,2,GOES-P: EXIS 1.0-8.0,12,No Note,2024,Qtr 4,December,29,N17W81,2024
13933,2024,Qtr 4,December,29,M1.2,2024,Qtr 4,December,28,28,2024,Qtr 4,December,29,2024-12-28T22:04:00-Flr-001,Solar Flare,22,GOES-P: EXIS 1.0-8.0,12,No Note,2024,Qtr 4,December,29,S07W60,2024
13940,2024,Qtr 4,December,29,M1.2,2024,Qtr 4,December,29,29,2024,Qtr 4,December,29,2024-12-29T03:56:00-Flr-001,Solar Flare,3,GOES-P: EXIS 1.0-8.0,12,Simultaneous Flaring Is Also Observed Near Active Region 13929 At The Time Of This Event.,2024,Qtr 4,December,29,S04E40,2024
13932,2024,Qtr 4,December,29,M1.2,2024,Qtr 4,December,29,29,2024,Qtr 4,December,29,2024-12-29T17:46:00-Flr-001,Solar Flare,17,GOES-P: EXIS 1.0-8.0,12,No Note,2024,Qtr 4,December,29,S11W48,2024
13936,2024,Qtr 4,December,29,M1.3,2024,Qtr 4,December,29,29,2024,Qtr 4,December,29,2024-12-29T02:38:00-Flr-001,Solar Flare,2,GOES-P: EXIS 1.0-8.0,12,"Simultaneous Flaring From Ar 3929, Around N17W80.",2024,Qtr 4,December,29,N15W26,2024
13936,2024,Qtr 4,December,29,M1.3,2024,Qtr 4,December,29,29,2024,Qtr 4,December,29,2024-12-29T09:41:00-Flr-001,Solar Flare,9,GOES-P: EXIS 1.0-8.0,12,No Note,2024,Qtr 4,December,29,N13W35,2024
13936,2024,Qtr 4,December,29,M1.3,2024,Qtr 4,December,29,29,2024,Qtr 4,December,29,2024-12-29T12:50:00-Flr-001,Solar Flare,12,GOES-P: EXIS 1.0-8.0,12,No Note,2024,Qtr 4,December,29,N14W36,2024
13940,2024,Qtr 4,December,29,M1.4,2024,Qtr 4,December,29,29,2024,Qtr 4,December,29,2024-12-29T17:58:00-Flr-001,Solar Flare,17,GOES-P: EXIS 1.0-8.0,12,Simultaneous Flaring Is Also Observed From Active Region 13933 At The Time Of This Event.,2024,Qtr 4,December,29,S02E29,2024
13936,2024,Qtr 4,December,29,M1.6,2024,Qtr 4,December,29,29,2024,Qtr 4,December,29,2024-12-29T12:15:00-Flr-001,Solar Flare,12,GOES-P: EXIS 1.0-8.0,12,No Note,2024,Qtr 4,December,29,N14W36,2024
13939,2024,Qtr 4,December,29,M2.0,2024,Qtr 4,December,29,29,2024,Qtr 4,December,29,2024-12-29T04:18:00-Flr-001,Solar Flare,4,GOES-P: EXIS 1.0-8.0,12,No Note,2024,Qtr 4,December,29,S15E30,2024
13932,2024,Qtr 4,December,29,M2.6,2024,Qtr 4,December,29,29,2024,Qtr 4,December,29,2024-12-29T10:26:00-Flr-001,Solar Flare,10,GOES-P: EXIS 1.0-8.0,12,Simultaneous Flaring From Ars 3938 (N19E06) And 3929 (N17W85) Around This Time.,2024,Qtr 4,December,29,S17W41,2024
13936,2024,Qtr 4,December,29,M3.0,2024,Qtr 4,December,29,29,2024,Qtr 4,December,29,2024-12-29T06:48:00-Flr-001,Solar Flare,6,GOES-P: EXIS 1.0-8.0,12,No Note,2024,Qtr 4,December,29,N13W37,2024
13933,2024,Qtr 4,December,29,M3.1,2024,Qtr 4,December,29,29,2024,Qtr 4,December,29,2024-12-29T05:12:00-Flr-001,Solar Flare,5,GOES-P: EXIS 1.0-8.0,12,"Simultaneous, But Less Intense, Flaring Is Also Observed From Active Regions 13932 And 13936 At The Time Of This Event.",2024,Qtr 4,December,29,S08W66,2024
13939,2024,Qtr 4,December,29,M3.3,2024,Qtr 4,December,29,29,2024,Qtr 4,December,29,2024-12-29T16:56:00-Flr-001,Solar Flare,16,GOES-P: EXIS 1.0-8.0,12,No Note,2024,Qtr 4,December,29,S12E23,2024
13936,2024,Qtr 4,December,29,M3.3,2024,Qtr 4,December,29,29,2024,Qtr 4,December,30,2024-12-29T18:27:00-Flr-001,Solar Flare,18,GOES-P: EXIS 1.0-8.0,12,No Note,2024,Qtr 4,December,30,N13W40,2024
13929,2024,Qtr 4,December,29,M3.5,2024,Qtr 4,December,29,29,2024,Qtr 4,December,29,2024-12-29T05:41:00-Flr-001,Solar Flare,5,GOES-P: EXIS 1.0-8.0,12,Simultaneous Flaring Is Observed From Active Region 13939 At The Time Of This Event.,2024,Qtr 4,December,29,N18W88,2024
13936,2024,Qtr 4,December,29,M4.1,2024,Qtr 4,December,29,29,2024,Qtr 4,December,29,2024-12-29T07:54:00-Flr-001,Solar Flare,7,GOES-P: EXIS 1.0-8.0,12,No Note,2024,Qtr 4,December,29,N13W35,2024
13936,2024,Qtr 4,December,29,M7.1,2024,Qtr 4,December,29,29,2024,Qtr 4,December,29,2024-12-29T15:02:00-Flr-001,Solar Flare,15,GOES-P: EXIS 1.0-8.0,12,No Note,2024,Qtr 4,December,29,N13W39,2024
13936,2024,Qtr 4,December,29,X1.1,2024,Qtr 4,December,29,29,2024,Qtr 4,December,29,2024-12-29T07:08:00-Flr-001,Solar Flare,7,GOES-P: EXIS 1.0-8.0,12,No Note,2024,Qtr 4,December,29,N13W35,2024
13936,2024,Qtr 4,December,30,M1.1,2024,Qtr 4,December,29,29,2024,Qtr 4,December,30,2024-12-29T20:31:00-Flr-001,Solar Flare,20,GOES-P: EXIS 1.0-8.0,12,No Note,2024,Qtr 4,December,30,N13W42,2024
13936,2024,Qtr 4,December,30,M1.2,2024,Qtr 4,December,30,30,2024,Qtr 4,December,30,2024-12-30T17:14:00-Flr-001,Solar Flare,17,GOES-P: EXIS 1.0-8.0,12,No Note,2024,Qtr 4,December,30,N13W51,2024
13933,2024,Qtr 4,December,30,M1.4,2024,Qtr 4,December,30,30,2024,Qtr 4,December,30,2024-12-30T08:34:00-Flr-001,Solar Flare,8,GOES-P: EXIS 1.0-8.0,12,No Note,2024,Qtr 4,December,30,S08W80,2024
13936,2024,Qtr 4,December,30,M1.5,2024,Qtr 4,December,29,29,2024,Qtr 4,December,30,2024-12-29T21:42:00-Flr-001,Solar Flare,21,GOES-P: EXIS 1.0-8.0,12,No Note,2024,Qtr 4,December,30,N13W43,2024
13936,2024,Qtr 4,December,30,M1.6,2024,Qtr 4,December,30,30,2024,Qtr 4,December,30,2024-12-30T17:36:00-Flr-001,Solar Flare,17,GOES-P: EXIS 1.0-8.0,12,No Note,2024,Qtr 4,December,30,N13W51,2024
13936,2024,Qtr 4,December,30,M1.6,2024,Qtr 4,December,30,30,2024,Qtr 4,December,30,2024-12-30T18:14:00-Flr-001,Solar Flare,18,GOES-P: EXIS 1.0-8.0,12,No Note,2024,Qtr 4,December,30,N13W51,2024
13939,2024,Qtr 4,December,30,M1.7,2024,Qtr 4,December,30,30,2024,Qtr 4,December,30,2024-12-30T00:33:00-Flr-001,Solar Flare,0,GOES-P: EXIS 1.0-8.0,12,No Note,2024,Qtr 4,December,30,S17E15,2024
13941,2024,Qtr 4,December,30,M1.7,2024,Qtr 4,December,30,30,2024,Qtr 4,December,30,2024-12-30T02:50:00-Flr-001,Solar Flare,2,GOES-P: EXIS 1.0-8.0,12,With A Contribution From Ar 3929 (N18W92).,2024,Qtr 4,December,30,S06E24,2024
13933,2024,Qtr 4,December,30,M1.7,2024,Qtr 4,December,30,30,2024,Qtr 4,December,30,2024-12-30T08:44:00-Flr-001,Solar Flare,8,GOES-P: EXIS 1.0-8.0,12,No Note,2024,Qtr 4,December,30,S08W80,2024
13933,2024,Qtr 4,December,30,M1.7,2024,Qtr 4,December,30,30,2024,Qtr 4,December,30,2024-12-30T10:00:00-Flr-001,Solar Flare,10,GOES-P: EXIS 1.0-8.0,12,There Is Also Sympathetic Flaring From Active Region 3939 At The Time.,2024,Qtr 4,December,30,S08W81,2024
13936,2024,Qtr 4,December,30,M1.7,2024,Qtr 4,December,30,30,2024,Qtr 4,December,31,2024-12-30T18:27:00-Flr-001,Solar Flare,18,GOES-P: EXIS 1.0-8.0,12,No Note,2024,Qtr 4,December,31,N13W51,2024
13936,2024,Qtr 4,December,30,M1.8,2024,Qtr 4,December,29,29,2024,Qtr 4,December,30,2024-12-29T21:57:00-Flr-001,Solar Flare,21,GOES-P: EXIS 1.0-8.0,12,No Note,2024,Qtr 4,December,30,N13W43,2024
13936,2024,Qtr 4,December,30,M1.9,2024,Qtr 4,December,29,29,2024,Qtr 4,December,30,2024-12-29T23:20:00-Flr-001,Solar Flare,23,GOES-P: EXIS 1.0-8.0,12,No Note,2024,Qtr 4,December,30,N13W43,2024
13939,2024,Qtr 4,December,30,M3.5,2024,Qtr 4,December,30,30,2024,Qtr 4,December,30,2024-12-30T06:13:00-Flr-001,Solar Flare,6,GOES-P: EXIS 1.0-8.0,12,There Is A Simultaneous Sympathetic Flare In Active Region 3936.,2024,Qtr 4,December,30,S17E15,2024
13936,2024,Qtr 4,December,30,M3.5,2024,Qtr 4,December,30,30,2024,Qtr 4,December,30,2024-12-30T14:34:00-Flr-001,Solar Flare,14,GOES-P: EXIS 1.0-8.0,12,No Note,2024,Qtr 4,December,30,N13W49,2024
13941,2024,Qtr 4,December,30,M4.2,2024,Qtr 4,December,30,30,2024,Qtr 4,December,30,2024-12-30T16:56:00-Flr-001,Solar Flare,16,GOES-P: EXIS 1.0-8.0,12,Simultaneous Flaring From Ar 3936. This Flare Is Directly Preceded By A M5.0 Flare Peaking At 2024-12-30T16:54Z From Ar 3936.,2024,Qtr 4,December,30,S02E15,2024
13936,2024,Qtr 4,December,30,M5.0,2024,Qtr 4,December,30,30,2024,Qtr 4,December,30,2024-12-30T16:45:00-Flr-001,Solar Flare,16,GOES-P: EXIS 1.0-8.0,12,Simultaneous Flaring From Ar 3941 (Approx. S05E16) During This Time.,2024,Qtr 4,December,30,N13W50,2024
13932,2024,Qtr 4,December,30,X1.1,2024,Qtr 4,December,30,30,2024,Qtr 4,December,30,2024-12-30T04:29:00-Flr-001,Solar Flare,4,GOES-P: EXIS 1.0-8.0,12,No Note,2024,Qtr 4,December,30,S17W53,2024
13936,2024,Qtr 4,December,30,X1.5,2024,Qtr 4,December,30,30,2024,Qtr 4,December,30,2024-12-30T04:01:00-Flr-001,Solar Flare,4,GOES-P: EXIS 1.0-8.0,12,No Note,2024,Qtr 4,December,30,N13W46,2024
13939,2024,Qtr 4,December,31,M1.0,2024,Qtr 4,December,30,30,2024,Qtr 4,December,31,2024-12-30T22:35:00-Flr-001,Solar Flare,22,GOES-P: EXIS 1.0-8.0,12,No Note,2024,Qtr 4,December,31,S14E06,2024
13932,2024,Qtr 4,December,31,M1.0,2024,Qtr 4,December,31,31,2024,Qtr 4,December,31,2024-12-31T04:50:00-Flr-001,Solar Flare,4,GOES-P: EXIS 1.0-8.0,12,No Note,2024,Qtr 4,December,31,S19W63,2024
13936,2025,Qtr 1,January,1,M1.0,2025,Qtr 1,January,1,1,2025,Qtr 1,January,1,2025-01-01T15:12:00-Flr-001,Solar Flare,15,GOES-P: EXIS 1.0-8.0,1,No Note,2025,Qtr 1,January,1,N13W78,2025
13936,2025,Qtr 1,January,1,M1.1,2025,Qtr 1,January,1,1,2025,Qtr 1,January,1,2025-01-01T04:35:00-Flr-001,Solar Flare,4,GOES-P: EXIS 1.0-8.0,1,No Note,2025,Qtr 1,January,1,N13W72,2025
13936,2025,Qtr 1,January,1,M1.2,2025,Qtr 1,January,1,1,2025,Qtr 1,January,1,2025-01-01T18:05:00-Flr-001,Solar Flare,18,GOES-P: EXIS 1.0-8.0,1,No Note,2025,Qtr 1,January,1,N13W79,2025
13936,2025,Qtr 1,January,1,M2.0,2024,Qtr 4,December,31,31,2025,Qtr 1,January,1,2024-12-31T21:09:00-Flr-001,Solar Flare,21,GOES-P: EXIS 1.0-8.0,12,No Note,2025,Qtr 1,January,1,N15W74,2024
13936,2025,Qtr 1,January,1,M2.7,2024,Qtr 4,December,31,31,2025,Qtr 1,January,1,2024-12-31T22:02:00-Flr-001,Solar Flare,22,GOES-P: EXIS 1.0-8.0,12,No Note,2025,Qtr 1,January,1,N15W70,2024
13938,2025,Qtr 1,January,1,M2.9,2024,Qtr 4,December,31,31,2025,Qtr 1,January,1,2024-12-31T22:46:00-Flr-001,Solar Flare,22,GOES-P: EXIS 1.0-8.0,12,No Note,2025,Qtr 1,January,1,N21W30,2024
13936,2025,Qtr 1,January,2,M1.1,2025,Qtr 1,January,1,1,2025,Qtr 1,January,2,2025-01-01T21:32:00-Flr-001,Solar Flare,21,GOES-P: EXIS 1.0-8.0,1,No Note,2025,Qtr 1,January,2,N13W90,2025
13939,2025,Qtr 1,January,2,M1.1,2025,Qtr 1,January,2,2,2025,Qtr 1,January,2,2025-01-02T17:18:00-Flr-001,Solar Flare,17,GOES-P: EXIS 1.0-8.0,1,No Note,2025,Qtr 1,January,2,S11W29,2025
13947,2025,Qtr 1,January,3,X1.2,2025,Qtr 1,January,3,3,2025,Qtr 1,January,3,2025-01-03T11:29:00-Flr-001,Solar Flare,11,GOES-P: EXIS 1.0-8.0,1,No Note,2025,Qtr 1,January,3,N10E64,2025
13939,2025,Qtr 1,January,4,C9.3,2025,Qtr 1,January,4,4,2025,Qtr 1,January,4,2025-01-04T14:24:00-Flr-001,Solar Flare,14,GOES-P: EXIS 1.0-8.0,1,No Note,2025,Qtr 1,January,4,S17W55,2025
13947,2025,Qtr 1,January,4,M1.5,2025,Qtr 1,January,4,4,2025,Qtr 1,January,4,2025-01-04T00:34:00-Flr-001,Solar Flare,0,GOES-P: EXIS 1.0-8.0,1,No Note,2025,Qtr 1,January,4,N11E58,2025
13947,2025,Qtr 1,January,4,M1.9,2025,Qtr 1,January,3,3,2025,Qtr 1,January,4,2025-01-03T23:14:00-Flr-001,Solar Flare,23,GOES-P: EXIS 1.0-8.0,1,No Note,2025,Qtr 1,January,4,N12E59,2025
13947,2025,Qtr 1,January,4,M2.3,2025,Qtr 1,January,3,3,2025,Qtr 1,January,4,2025-01-03T21:54:00-Flr-001,Solar Flare,21,GOES-P: EXIS 1.0-8.0,1,No Note,2025,Qtr 1,January,4,N12E58,2025
13947,2025,Qtr 1,January,4,M5.8,2025,Qtr 1,January,3,3,2025,Qtr 1,January,4,2025-01-03T23:50:00-Flr-001,Solar Flare,23,GOES-P: EXIS 1.0-8.0,1,No Note,2025,Qtr 1,January,4,N11E58,2025
13947,2025,Qtr 1,January,4,M7.6,2025,Qtr 1,January,4,4,2025,Qtr 1,January,4,2025-01-04T04:58:00-Flr-001,Solar Flare,4,GOES-P: EXIS 1.0-8.0,1,No Note,2025,Qtr 1,January,4,N12E54,2025
13947,2025,Qtr 1,January,4,X1.1,2025,Qtr 1,January,3,3,2025,Qtr 1,January,4,2025-01-03T22:32:00-Flr-001,Solar Flare,22,GOES-P: EXIS 1.0-8.0,1,No Note,2025,Qtr 1,January,4,N11E60,2025
13947,2025,Qtr 1,January,4,X1.8,2025,Qtr 1,January,4,4,2025,Qtr 1,January,4,2025-01-04T12:34:00-Flr-001,Solar Flare,12,GOES-P: EXIS 1.0-8.0,1,No Note,2025,Qtr 1,January,4,N12E50,2025
13939,2025,Qtr 1,January,5,C7.6,2025,Qtr 1,January,4,4,2025,Qtr 1,January,5,2025-01-04T18:46:00-Flr-001,Solar Flare,18,GOES-P: EXIS 1.0-8.0,1,No Note,2025,Qtr 1,January,5,S17W57,2025
13947,2025,Qtr 1,January,5,M1.1,2025,Qtr 1,January,4,4,2025,Qtr 1,January,5,2025-01-04T23:57:00-Flr-001,Solar Flare,23,GOES-P: EXIS 1.0-8.0,1,No Note,2025,Qtr 1,January,5,N10E42,2025
13947,2025,Qtr 1,January,5,M2.1,2025,Qtr 1,January,4,4,2025,Qtr 1,January,5,2025-01-04T23:08:00-Flr-001,Solar Flare,23,GOES-P: EXIS 1.0-8.0,1,No Note,2025,Qtr 1,January,5,N11E44,2025
13947,2025,Qtr 1,January,5,M2.1,2025,Qtr 1,January,5,5,2025,Qtr 1,January,5,2025-01-05T07:04:00-Flr-001,Solar Flare,7,GOES-P: EXIS 1.0-8.0,1,No Note,2025,Qtr 1,January,5,N12E41,2025
13947,2025,Qtr 1,January,5,M2.4,2025,Qtr 1,January,5,5,2025,Qtr 1,January,5,2025-01-05T15:20:00-Flr-001,Solar Flare,15,GOES-P: EXIS 1.0-8.0,1,No Note,2025,Qtr 1,January,5,N12E40,2025
13947,2025,Qtr 1,January,5,M4.1,2025,Qtr 1,January,5,5,2025,Qtr 1,January,5,2025-01-05T02:14:00-Flr-001,Solar Flare,2,GOES-P: EXIS 1.0-8.0,1,No Note,2025,Qtr 1,January,5,N10E40,2025
13947,2025,Qtr 1,January,5,M4.1,2025,Qtr 1,January,5,5,2025,Qtr 1,January,5,2025-01-05T09:09:00-Flr-001,Solar Flare,9,GOES-P: EXIS 1.0-8.0,1,No Note,2025,Qtr 1,January,5,N12E41,2025
13947,2025,Qtr 1,January,6,M1.4,2025,Qtr 1,January,6,6,2025,Qtr 1,January,6,2025-01-06T03:36:00-Flr-001,Solar Flare,3,GOES-P: EXIS 1.0-8.0,1,No Note,2025,Qtr 1,January,6,N15E30,2025
13947,2025,Qtr 1,January,6,M3.1,2025,Qtr 1,January,6,6,2025,Qtr 1,January,6,2025-01-06T01:29:00-Flr-001,Solar Flare,1,GOES-P: EXIS 1.0-8.0,1,No Note,2025,Qtr 1,January,6,N11E28,2025
13947,2025,Qtr 1,January,6,M4.8,2025,Qtr 1,January,6,6,2025,Qtr 1,January,6,2025-01-06T16:12:00-Flr-001,Solar Flare,16,GOES-P: EXIS 1.0-8.0,1,No Note,2025,Qtr 1,January,6,N15E26,2025
13951,2025,Qtr 1,January,7,C2.5,2025,Qtr 1,January,7,7,2025,Qtr 1,January,7,2025-01-07T09:19:00-Flr-001,Solar Flare,9,GOES-P: EXIS 1.0-8.0,1,No Note,2025,Qtr 1,January,7,S15W08,2025
13941,2025,Qtr 1,January,7,C2.7,2025,Qtr 1,January,6,6,2025,Qtr 1,January,7,2025-01-06T21:58:00-Flr-001,Solar Flare,21,GOES-P: EXIS 1.0-8.0,1,No Note,2025,Qtr 1,January,7,S06W79,2025
13939,2025,Qtr 1,January,8,M1.1,2025,Qtr 1,January,7,7,2025,Qtr 1,January,8,2025-01-07T22:35:00-Flr-001,Solar Flare,22,GOES-P: EXIS 1.0-8.0,1,"Long-Duration Flare. Associated With Large Eruption And Brightening Seen From Just Beyond The Southwest Limb In Goes Suvi Imagery. There Is Some Uncertainty In The Exact Location Since This Is Not Directly On The Disk, But Very Likely Associated With Active Region 13939 Which Is Estimated To Have Been Located At Roughly S17W99 At The Peak Time Of The Flare (2025-01-07T23:05Z).",2025,Qtr 1,January,8,S17W99,2025
13947,2025,Qtr 1,January,9,M1.1,2025,Qtr 1,January,9,9,2025,Qtr 1,January,9,2025-01-09T00:18:00-Flr-001,Solar Flare,0,GOES-P: EXIS 1.0-8.0,1,No Note,2025,Qtr 1,January,9,N15W09,2025
13951,2025,Qtr 1,January,10,C6.1,2025,Qtr 1,January,10,10,2025,Qtr 1,January,10,2025-01-10T09:24:00-Flr-001,Solar Flare,9,GOES-P: EXIS 1.0-8.0,1,No Note,2025,Qtr 1,January,10,S15W49,2025
13954,2025,Qtr 1,January,11,C2.8,2025,Qtr 1,January,11,11,2025,Qtr 1,January,11,2025-01-11T08:35:00-Flr-001,Solar Flare,8,GOES-P: EXIS 1.0-8.0,1,Simultaneous Brightening From Recently-Decayed Active Region 13954 (N24W76) As Well As An Unnumbered Region Just Beyond The E Limb Located At An Estimated N19E90-N19E100.,2025,Qtr 1,January,11,N24W80,2025
13961,2025,Qtr 1,January,17,M1.1,2025,Qtr 1,January,17,17,2025,Qtr 1,January,17,2025-01-17T03:08:00-Flr-001,Solar Flare,3,GOES-P: EXIS 1.0-8.0,1,No Note,2025,Qtr 1,January,17,S10E43,2025
13964,2025,Qtr 1,January,17,M1.3,2025,Qtr 1,January,17,17,2025,Qtr 1,January,17,2025-01-17T02:01:00-Flr-001,Solar Flare,2,GOES-P: EXIS 1.0-8.0,1,No Note,2025,Qtr 1,January,17,N07W23,2025
13964,2025,Qtr 1,January,17,M1.5,2025,Qtr 1,January,17,17,2025,Qtr 1,January,17,2025-01-17T11:19:00-Flr-001,Solar Flare,11,GOES-P: EXIS 1.0-8.0,1,No Note,2025,Qtr 1,January,17,N07W29,2025
13964,2025,Qtr 1,January,17,M2.0,2025,Qtr 1,January,17,17,2025,Qtr 1,January,17,2025-01-17T09:10:00-Flr-001,Solar Flare,9,GOES-P: EXIS 1.0-8.0,1,No Note,2025,Qtr 1,January,17,N07W28,2025
13964,2025,Qtr 1,January,17,M7.4,2025,Qtr 1,January,17,17,2025,Qtr 1,January,17,2025-01-17T13:24:00-Flr-001,Solar Flare,13,GOES-P: EXIS 1.0-8.0,1,No Note,2025,Qtr 1,January,17,N07W30,2025
13964,2025,Qtr 1,January,18,M1.0,2025,Qtr 1,January,17,17,2025,Qtr 1,January,18,2025-01-17T22:00:00-Flr-001,Solar Flare,22,GOES-P: EXIS 1.0-8.0,1,No Note,2025,Qtr 1,January,18,N05W35,2025
13964,2025,Qtr 1,January,18,M1.1,2025,Qtr 1,January,17,17,2025,Qtr 1,January,18,2025-01-17T19:59:00-Flr-001,Solar Flare,19,GOES-P: EXIS 1.0-8.0,1,No Note,2025,Qtr 1,January,18,N06W29,2025
13964,2025,Qtr 1,January,18,M1.1,2025,Qtr 1,January,18,18,2025,Qtr 1,January,18,2025-01-18T03:00:00-Flr-001,Solar Flare,3,GOES-P: EXIS 1.0-8.0,1,No Note,2025,Qtr 1,January,18,N08W36,2025
13964,2025,Qtr 1,January,18,M1.7,2025,Qtr 1,January,18,18,2025,Qtr 1,January,18,2025-01-18T00:44:00-Flr-001,Solar Flare,0,GOES-P: EXIS 1.0-8.0,1,No Note,2025,Qtr 1,January,18,N06W34,2025
13964,2025,Qtr 1,January,18,M1.8,2025,Qtr 1,January,17,17,2025,Qtr 1,January,18,2025-01-17T19:44:00-Flr-001,Solar Flare,19,GOES-P: EXIS 1.0-8.0,1,No Note,2025,Qtr 1,January,18,N05W35,2025
13964,2025,Qtr 1,January,18,M2.1,2025,Qtr 1,January,17,17,2025,Qtr 1,January,18,2025-01-17T18:42:00-Flr-001,Solar Flare,18,GOES-P: EXIS 1.0-8.0,1,No Note,2025,Qtr 1,January,18,N07W32,2025
13964,2025,Qtr 1,January,19,M2.4,2025,Qtr 1,January,19,19,2025,Qtr 1,January,19,2025-01-19T03:28:00-Flr-001,Solar Flare,3,GOES-P: EXIS 1.0-8.0,1,No Note,2025,Qtr 1,January,19,N06W49,2025
13967,2025,Qtr 1,January,21,M3.3,2025,Qtr 1,January,21,21,2025,Qtr 1,January,21,2025-01-21T10:08:00-Flr-001,Solar Flare,10,GOES-P: EXIS 1.0-8.0,1,No Note,2025,Qtr 1,January,21,S18E23,2025
13961,2025,Qtr 1,January,22,M1.3,2025,Qtr 1,January,22,22,2025,Qtr 1,January,22,2025-01-22T10:44:00-Flr-001,Solar Flare,10,GOES-P: EXIS 1.0-8.0,1,"On The Outskirts Of Active Region 13961, Which Was Centered At About S10W28 At The Peak Time Of This Flare, However This Active Region Spans A Very Large Area (Very Roughly 25 Degrees Of Longitude (W15-W40) And 20 Degrees Of Latitude (S00-S20)).",2025,Qtr 1,January,22,S15W17,2025
0,2025,Qtr 1,January,24,C9.8,2025,Qtr 1,January,24,24,2025,Qtr 1,January,24,2025-01-24T11:43:00-Flr-001,Solar Flare,11,GOES-P: EXIS 1.0-8.0,1,"This Flare, Which Was Slightly Occulted, Originated From A Currently Unnumbered Region Located Beyond The Southeast Limb.",2025,Qtr 1,January,24,S20E90,2025
13961,2025,Qtr 1,January,25,C3.7,2025,Qtr 1,January,25,25,2025,Qtr 1,January,25,2025-01-25T02:52:00-Flr-001,Solar Flare,2,GOES-P: EXIS 1.0-8.0,1,No Note,2025,Qtr 1,January,25,S11W70,2025
13961,2025,Qtr 1,January,25,C4.6,2025,Qtr 1,January,25,25,2025,Qtr 1,January,25,2025-01-25T03:16:00-Flr-001,Solar Flare,3,GOES-P: EXIS 1.0-8.0,1,No Note,2025,Qtr 1,January,25,S11W70,2025
13961,2025,Qtr 1,January,25,C5.4,2025,Qtr 1,January,25,25,2025,Qtr 1,January,25,2025-01-25T17:16:00-Flr-001,Solar Flare,17,GOES-P: EXIS 1.0-8.0,1,No Note,2025,Qtr 1,January,25,S12W80,2025
13961,2025,Qtr 1,January,25,M2.7,2025,Qtr 1,January,24,24,2025,Qtr 1,January,25,2025-01-24T20:48:00-Flr-001,Solar Flare,20,GOES-P: EXIS 1.0-8.0,1,No Note,2025,Qtr 1,January,25,S05W70,2025
13976,2025,Qtr 1,January,27,M2.6,2025,Qtr 1,January,27,27,2025,Qtr 1,January,27,2025-01-27T07:52:00-Flr-001,Solar Flare,7,GOES-P: EXIS 1.0-8.0,1,No Note,2025,Qtr 1,January,27,N10E90,2025
13977,2025,Qtr 1,January,29,M1.0,2025,Qtr 1,January,29,29,2025,Qtr 1,January,29,2025-01-29T03:36:00-Flr-001,Solar Flare,3,GOES-P: EXIS 1.0-8.0,1,With Simultaneous Flaring From Active Region 3967 (S17W92).,2025,Qtr 1,January,29,N22E65,2025
13977,2025,Qtr 1,January,29,M1.7,2025,Qtr 1,January,28,28,2025,Qtr 1,January,29,2025-01-28T19:41:00-Flr-001,Solar Flare,19,GOES-P: EXIS 1.0-8.0,1,No Note,2025,Qtr 1,January,29,N19E70,2025
13976,2025,Qtr 1,January,31,M1.0,2025,Qtr 1,January,31,31,2025,Qtr 1,January,31,2025-01-31T05:48:00-Flr-001,Solar Flare,5,GOES-P: EXIS 1.0-8.0,1,No Note,2025,Qtr 1,January,31,N13E39,2025
13978,2025,Qtr 1,January,31,M6.7,2025,Qtr 1,January,31,31,2025,Qtr 1,January,31,2025-01-31T13:40:00-Flr-001,Solar Flare,13,GOES-P: EXIS 1.0-8.0,1,No Note,2025,Qtr 1,January,31,N14E43,2025
13977,2025,Qtr 1,February,1,M1.8,2025,Qtr 1,January,31,31,2025,Qtr 1,February,1,2025-01-31T20:14:00-Flr-001,Solar Flare,20,GOES-P: EXIS 1.0-8.0,1,No Note,2025,Qtr 1,February,1,N19E27,2025
13977,2025,Qtr 1,February,1,M2.4,2025,Qtr 1,February,1,1,2025,Qtr 1,February,1,2025-02-01T13:14:00-Flr-001,Solar Flare,13,GOES-P: EXIS 1.0-8.0,2,No Note,2025,Qtr 1,February,1,N19E17,2025
13981,2025,Qtr 1,February,2,M1.2,2025,Qtr 1,February,2,2,2025,Qtr 1,February,2,2025-02-02T15:08:00-Flr-001,Solar Flare,15,GOES-P: EXIS 1.0-8.0,2,"Simultaneous Flaring Was Also Observed From Active Region 13977 At The Time Of This Event, However Based On The Sdo Aia 131 Imagery We Believe That Active Region 13981 Was The Major Contributor To This Flare.",2025,Qtr 1,February,2,N04E29,2025
13981,2025,Qtr 1,February,2,M1.4,2025,Qtr 1,February,2,2,2025,Qtr 1,February,2,2025-02-02T12:41:00-Flr-001,Solar Flare,12,GOES-P: EXIS 1.0-8.0,2,No Note,2025,Qtr 1,February,2,N04E31,2025
13981,2025,Qtr 1,February,2,M2.7,2025,Qtr 1,February,2,2,2025,Qtr 1,February,2,2025-02-02T15:21:00-Flr-001,Solar Flare,15,GOES-P: EXIS 1.0-8.0,2,No Note,2025,Qtr 1,February,2,N05E30,2025
13981,2025,Qtr 1,February,2,M3.0,2025,Qtr 1,February,2,2,2025,Qtr 1,February,2,2025-02-02T10:01:00-Flr-001,Solar Flare,10,GOES-P: EXIS 1.0-8.0,2,No Note,2025,Qtr 1,February,2,N05E32,2025
13977,2025,Qtr 1,February,2,M5.1,2025,Qtr 1,February,2,2,2025,Qtr 1,February,2,2025-02-02T13:58:00-Flr-001,Solar Flare,13,GOES-P: EXIS 1.0-8.0,2,No Note,2025,Qtr 1,February,2,N20E03,2025
13981,2025,Qtr 1,February,3,M1.0,2025,Qtr 1,February,3,3,2025,Qtr 1,February,3,2025-02-03T03:34:00-Flr-001,Solar Flare,3,GOES-P: EXIS 1.0-8.0,2,No Note,2025,Qtr 1,February,3,N05E20,2025
13981,2025,Qtr 1,February,3,M1.0,2025,Qtr 1,February,3,3,2025,Qtr 1,February,3,2025-02-03T04:26:00-Flr-001,Solar Flare,4,GOES-P: EXIS 1.0-8.0,2,No Note,2025,Qtr 1,February,3,N05E22,2025
13981,2025,Qtr 1,February,3,M1.4,2025,Qtr 1,February,3,3,2025,Qtr 1,February,3,2025-02-03T09:09:00-Flr-001,Solar Flare,9,GOES-P: EXIS 1.0-8.0,2,No Note,2025,Qtr 1,February,3,N06E22,2025
13981,2025,Qtr 1,February,3,M2.5,2025,Qtr 1,February,3,3,2025,Qtr 1,February,3,2025-02-03T07:32:00-Flr-001,Solar Flare,7,GOES-P: EXIS 1.0-8.0,2,No Note,2025,Qtr 1,February,3,N05E20,2025
13981,2025,Qtr 1,February,3,M3.1,2025,Qtr 1,February,3,3,2025,Qtr 1,February,3,2025-02-03T05:37:00-Flr-001,Solar Flare,5,GOES-P: EXIS 1.0-8.0,2,No Note,2025,Qtr 1,February,3,N06E24,2025
13981,2025,Qtr 1,February,3,M4.1,2025,Qtr 1,February,2,2,2025,Qtr 1,February,3,2025-02-02T23:09:00-Flr-001,Solar Flare,23,GOES-P: EXIS 1.0-8.0,2,No Note,2025,Qtr 1,February,3,N05E25,2025
13981,2025,Qtr 1,February,3,M4.3,2025,Qtr 1,February,3,3,2025,Qtr 1,February,4,2025-02-03T18:25:00-Flr-001,Solar Flare,18,GOES-P: EXIS 1.0-8.0,2,No Note,2025,Qtr 1,February,4,N05E13,2025
13981,2025,Qtr 1,February,3,M6.1,2025,Qtr 1,February,3,3,2025,Qtr 1,February,3,2025-02-03T13:07:00-Flr-001,Solar Flare,13,GOES-P: EXIS 1.0-8.0,2,No Note,2025,Qtr 1,February,3,N05E16,2025
13981,2025,Qtr 1,February,3,M8.8,2025,Qtr 1,February,3,3,2025,Qtr 1,February,3,2025-02-03T03:52:00-Flr-001,Solar Flare,3,GOES-P: EXIS 1.0-8.0,2,No Note,2025,Qtr 1,February,3,N05E20,2025
13981,2025,Qtr 1,February,4,M1.0,2025,Qtr 1,February,4,4,2025,Qtr 1,February,4,2025-02-04T13:43:00-Flr-001,Solar Flare,13,GOES-P: EXIS 1.0-8.0,2,"This Flare Is Primarily Attributable To Ar 13981 (N05E06), But Residual Brightening From A Preceding Flare From Ar 13977 (N17W20) May Have Contributed To The Overall Full-Disk X-Ray Flux As Detected By Goes.",2025,Qtr 1,February,4,N05E06,2025
13981,2025,Qtr 1,February,4,M1.2,2025,Qtr 1,February,4,4,2025,Qtr 1,February,4,2025-02-04T00:43:00-Flr-001,Solar Flare,0,GOES-P: EXIS 1.0-8.0,2,No Note,2025,Qtr 1,February,4,N05E10,2025
13977,2025,Qtr 1,February,4,M1.2,2025,Qtr 1,February,4,4,2025,Qtr 1,February,4,2025-02-04T05:07:00-Flr-001,Solar Flare,5,GOES-P: EXIS 1.0-8.0,2,No Note,2025,Qtr 1,February,4,N18W18,2025
13981,2025,Qtr 1,February,4,M1.4,2025,Qtr 1,February,3,3,2025,Qtr 1,February,4,2025-02-03T21:04:00-Flr-001,Solar Flare,21,GOES-P: EXIS 1.0-8.0,2,No Note,2025,Qtr 1,February,4,N03E12,2025
13981,2025,Qtr 1,February,4,M1.4,2025,Qtr 1,February,3,3,2025,Qtr 1,February,4,2025-02-03T23:14:00-Flr-001,Solar Flare,23,GOES-P: EXIS 1.0-8.0,2,No Note,2025,Qtr 1,February,4,N05E15,2025
13981,2025,Qtr 1,February,4,M1.9,2025,Qtr 1,February,4,4,2025,Qtr 1,February,4,2025-02-04T11:27:00-Flr-001,Solar Flare,11,GOES-P: EXIS 1.0-8.0,2,"Simultaneous, But Lesser Brightening From Ar 13977 (N11W12) As Seen In Sdo Aia 131 And Goes Suvi 131 Likely Contributed To This Additional Peak In X-Ray Flux During The Declining Phase Of An M4.7 Flare From Ar 13981 (N06E08).",2025,Qtr 1,February,4,N05E07,2025
13981,2025,Qtr 1,February,4,M2.6,2025,Qtr 1,February,4,4,2025,Qtr 1,February,4,2025-02-04T01:35:00-Flr-001,Solar Flare,1,GOES-P: EXIS 1.0-8.0,2,No Note,2025,Qtr 1,February,4,N05E10,2025
13977,2025,Qtr 1,February,4,M3.2,2025,Qtr 1,February,4,4,2025,Qtr 1,February,4,2025-02-04T12:54:00-Flr-001,Solar Flare,12,GOES-P: EXIS 1.0-8.0,2,No Note,2025,Qtr 1,February,4,N17W11,2025
13981,2025,Qtr 1,February,4,M4.7,2025,Qtr 1,February,4,4,2025,Qtr 1,February,4,2025-02-04T11:09:00-Flr-001,Solar Flare,11,GOES-P: EXIS 1.0-8.0,2,No Note,2025,Qtr 1,February,4,N06E08,2025
13981,2025,Qtr 1,February,5,M1.2,2025,Qtr 1,February,5,5,2025,Qtr 1,February,5,2025-02-05T03:12:00-Flr-001,Solar Flare,3,GOES-P: EXIS 1.0-8.0,2,"This Is A Double Peaked Flare, But There Is No Additional Brightening Visible In Sdo Aia 131.",2025,Qtr 1,February,5,N07W05,2025
13977,2025,Qtr 1,February,5,M2.7,2025,Qtr 1,February,5,5,2025,Qtr 1,February,5,2025-02-05T07:44:00-Flr-001,Solar Flare,7,GOES-P: EXIS 1.0-8.0,2,No Note,2025,Qtr 1,February,5,N18W31,2025
13981,2025,Qtr 1,February,6,M7.6,2025,Qtr 1,February,6,6,2025,Qtr 1,February,6,2025-02-06T10:47:00-Flr-001,Solar Flare,10,GOES-P: EXIS 1.0-8.0,2,No Note,2025,Qtr 1,February,6,N05W16,2025
13981,2025,Qtr 1,February,7,M1.1,2025,Qtr 1,February,7,7,2025,Qtr 1,February,7,2025-02-07T06:41:00-Flr-001,Solar Flare,6,GOES-P: EXIS 1.0-8.0,2,No Note,2025,Qtr 1,February,7,N05W35,2025
13977,2025,Qtr 1,February,7,M1.2,2025,Qtr 1,February,7,7,2025,Qtr 1,February,7,2025-02-07T07:49:00-Flr-001,Solar Flare,7,GOES-P: EXIS 1.0-8.0,2,No Note,2025,Qtr 1,February,7,N18W58,2025
13981,2025,Qtr 1,February,7,M1.6,2025,Qtr 1,February,7,7,2025,Qtr 1,February,7,2025-02-07T06:18:00-Flr-001,Solar Flare,6,GOES-P: EXIS 1.0-8.0,2,No Note,2025,Qtr 1,February,7,N05W35,2025
13978,2025,Qtr 1,February,7,M2.3,2025,Qtr 1,February,6,6,2025,Qtr 1,February,7,2025-02-06T23:12:00-Flr-001,Solar Flare,23,GOES-P: EXIS 1.0-8.0,2,No Note,2025,Qtr 1,February,7,N12W35,2025
13981,2025,Qtr 1,February,7,M3.2,2025,Qtr 1,February,7,7,2025,Qtr 1,February,7,2025-02-07T07:12:00-Flr-001,Solar Flare,7,GOES-P: EXIS 1.0-8.0,2,No Note,2025,Qtr 1,February,7,N06W27,2025
13981,2025,Qtr 1,February,7,M7.5,2025,Qtr 1,February,7,7,2025,Qtr 1,February,7,2025-02-07T08:59:00-Flr-001,Solar Flare,8,GOES-P: EXIS 1.0-8.0,2,No Note,2025,Qtr 1,February,7,N10W38,2025
13981,2025,Qtr 1,February,8,M2.0,2025,Qtr 1,February,8,8,2025,Qtr 1,February,8,2025-02-08T08:57:00-Flr-001,Solar Flare,8,GOES-P: EXIS 1.0-8.0,2,"There Is Simultaneous, But Lesser Flaring From Active Region 13984 (N12W60) With Peak Time At 2025-02-08T09:08Z, And Associated Brightening In Goes Suvi 131 And Sdo Aia 131 Imagery Seen Ending At Approximately 2025-02-08T09:16Z.",2025,Qtr 1,February,8,N06W41,2025
13981,2025,Qtr 1,February,10,M1.0,2025,Qtr 1,February,10,10,2025,Qtr 1,February,10,2025-02-10T00:30:00-Flr-001,Solar Flare,0,GOES-P: EXIS 1.0-8.0,2,No Note,2025,Qtr 1,February,10,N05W69,2025
0,2025,Qtr 1,February,11,C7.2,2025,Qtr 1,February,11,11,2025,Qtr 1,February,12,2025-02-11T18:05:00-Flr-001,Solar Flare,18,GOES-P: EXIS 1.0-8.0,2,No Note,2025,Qtr 1,February,11,S09E89,2025
13981,2025,Qtr 1,February,11,M1.6,2025,Qtr 1,February,11,11,2025,Qtr 1,February,11,2025-02-11T05:22:00-Flr-001,Solar Flare,5,GOES-P: EXIS 1.0-8.0,2,No Note,2025,Qtr 1,February,11,N05W87,2025
13992,2025,Qtr 1,February,13,M1.0,2025,Qtr 1,February,13,13,2025,Qtr 1,February,13,2025-02-13T11:05:00-Flr-001,Solar Flare,11,GOES-P: EXIS 1.0-8.0,2,No Note,2025,Qtr 1,February,13,S06W21,2025
13994,2025,Qtr 1,February,14,C6.6,2025,Qtr 1,February,14,14,2025,Qtr 1,February,14,2025-02-14T07:31:00-Flr-001,Solar Flare,7,GOES-P: EXIS 1.0-8.0,2,No Note,2025,Qtr 1,February,14,S21E06,2025
13996,2025,Qtr 1,February,14,M1.2,2025,Qtr 1,February,14,14,2025,Qtr 1,February,14,2025-02-14T02:13:00-Flr-001,Solar Flare,2,GOES-P: EXIS 1.0-8.0,2,"This Flare Was Originally Observed From An Unnumbered Region Beyond The Southeast Limb. However, This Region Has Since Been Numbered And Can Likely Be Attributed To Active Region 13996.",2025,Qtr 1,February,14,S17E90,2025
13990,2025,Qtr 1,February,14,M1.2,2025,Qtr 1,February,14,14,2025,Qtr 1,February,14,2025-02-14T09:48:00-Flr-001,Solar Flare,9,GOES-P: EXIS 1.0-8.0,2,With Simultaneous Flaring/Contribution From Ar 13994 (S21E04),2025,Qtr 1,February,14,S09E20,2025
0,2025,Qtr 1,February,15,C1.9,2025,Qtr 1,February,15,15,2025,Qtr 1,February,15,2025-02-15T00:50:00-Flr-001,Solar Flare,0,GOES-P: EXIS 1.0-8.0,2,No Note,2025,Qtr 1,February,15,N11E31,2025
13990,2025,Qtr 1,February,15,M1.8,2025,Qtr 1,February,14,14,2025,Qtr 1,February,15,2025-02-14T20:45:00-Flr-001,Solar Flare,20,GOES-P: EXIS 1.0-8.0,2,No Note,2025,Qtr 1,February,15,S12E13,2025
13983,2025,Qtr 1,February,16,C3.6,2025,Qtr 1,February,15,15,2025,Qtr 1,February,16,2025-02-15T19:22:00-Flr-001,Solar Flare,19,GOES-P: EXIS 1.0-8.0,2,No Note,2025,Qtr 1,February,16,N06W90,2025
13992,2025,Qtr 1,February,17,M1.0,2025,Qtr 1,February,17,17,2025,Qtr 1,February,17,2025-02-17T15:07:00-Flr-001,Solar Flare,15,GOES-P: EXIS 1.0-8.0,2,No Note,2025,Qtr 1,February,17,S05W75,2025
13991,2025,Qtr 1,February,20,C8.1,2025,Qtr 1,February,19,19,2025,Qtr 1,February,20,2025-02-19T23:23:00-Flr-001,Solar Flare,23,GOES-P: EXIS 1.0-8.0,2,No Note,2025,Qtr 1,February,20,S12W34,2025
14000,2025,Qtr 1,February,21,M1.4,2025,Qtr 1,February,21,21,2025,Qtr 1,February,21,2025-02-21T14:31:00-Flr-001,Solar Flare,14,GOES-P: EXIS 1.0-8.0,2,No Note,2025,Qtr 1,February,21,N17E15,2025
14000,2025,Qtr 1,February,21,M3.3,2025,Qtr 1,February,21,21,2025,Qtr 1,February,21,2025-02-21T12:05:00-Flr-001,Solar Flare,12,GOES-P: EXIS 1.0-8.0,2,No Note,2025,Qtr 1,February,21,N17E16,2025
14001,2025,Qtr 1,February,23,C8.3,2025,Qtr 1,February,22,22,2025,Qtr 1,February,23,2025-02-22T20:55:00-Flr-001,Solar Flare,20,GOES-P: EXIS 1.0-8.0,2,No Note,2025,Qtr 1,February,23,N24W76,2025
13998,2025,Qtr 1,February,23,M1.0,2025,Qtr 1,February,23,23,2025,Qtr 1,February,23,2025-02-23T09:54:00-Flr-001,Solar Flare,9,GOES-P: EXIS 1.0-8.0,2,No Note,2025,Qtr 1,February,23,S13W21,2025
13998,2025,Qtr 1,February,23,M1.0,2025,Qtr 1,February,23,23,2025,Qtr 1,February,23,2025-02-23T16:18:00-Flr-001,Solar Flare,16,GOES-P: EXIS 1.0-8.0,2,No Note,2025,Qtr 1,February,23,S12W23,2025
14001,2025,Qtr 1,February,23,M1.6,2025,Qtr 1,February,23,23,2025,Qtr 1,February,23,2025-02-23T11:47:00-Flr-001,Solar Flare,11,GOES-P: EXIS 1.0-8.0,2,No Note,2025,Qtr 1,February,23,N24W86,2025
14001,2025,Qtr 1,February,23,M4.9,2025,Qtr 1,February,23,23,2025,Qtr 1,February,23,2025-02-23T02:00:00-Flr-001,Solar Flare,2,GOES-P: EXIS 1.0-8.0,2,No Note,2025,Qtr 1,February,23,N25W82,2025
14001,2025,Qtr 1,February,24,M1.3,2025,Qtr 1,February,24,24,2025,Qtr 1,February,24,2025-02-24T01:33:00-Flr-001,Solar Flare,1,GOES-P: EXIS 1.0-8.0,2,With A Small Contribution/Brightening From Active Region 14004 (S15E59).,2025,Qtr 1,February,24,N24W88,2025
14000,2025,Qtr 1,February,24,M3.3,2025,Qtr 1,February,24,24,2025,Qtr 1,February,24,2025-02-24T06:53:00-Flr-001,Solar Flare,6,GOES-P: EXIS 1.0-8.0,2,No Note,2025,Qtr 1,February,24,N17W21,2025
14001,2025,Qtr 1,February,24,X2.0,2025,Qtr 1,February,23,23,2025,Qtr 1,February,24,2025-02-23T19:22:00-Flr-001,Solar Flare,19,GOES-P: EXIS 1.0-8.0,2,No Note,2025,Qtr 1,February,24,N24W87,2025
13998,2025,Qtr 1,February,25,M1.3,2025,Qtr 1,February,25,25,2025,Qtr 1,February,25,2025-02-25T02:43:00-Flr-001,Solar Flare,2,GOES-P: EXIS 1.0-8.0,2,No Note,2025,Qtr 1,February,25,S10W43,2025
14000,2025,Qtr 1,February,25,M1.5,2025,Qtr 1,February,24,24,2025,Qtr 1,February,25,2025-02-24T20:51:00-Flr-001,Solar Flare,20,GOES-P: EXIS 1.0-8.0,2,No Note,2025,Qtr 1,February,25,N17W30,2025
13998,2025,Qtr 1,February,25,M3.6,2025,Qtr 1,February,25,25,2025,Qtr 1,February,25,2025-02-25T11:20:00-Flr-001,Solar Flare,11,GOES-P: EXIS 1.0-8.0,2,No Note,2025,Qtr 1,February,25,S15W55,2025
13990,2025,Qtr 1,February,25,M3.9,2025,Qtr 1,February,24,24,2025,Qtr 1,February,25,2025-02-24T21:50:00-Flr-001,Solar Flare,21,GOES-P: EXIS 1.0-8.0,2,This Is An Occulted Flare Likely From Former Ar 13990. The Very Beginning Of The Flare Can Be Seen In Sta Euvi Imagery Immediately Before The End Of A Downlink Period. There Is Also Some Simultaneous Flaring From Ar 14001.,2025,Qtr 1,February,25,S13W120,2025
13996,2025,Qtr 1,February,27,C3.5,2025,Qtr 1,February,26,26,2025,Qtr 1,February,27,2025-02-26T22:37:00-Flr-001,Solar Flare,22,GOES-P: EXIS 1.0-8.0,2,No Note,2025,Qtr 1,February,27,S16W86,2025
14006,2025,Qtr 1,February,28,C5.2,2025,Qtr 1,February,28,28,2025,Qtr 1,February,28,2025-02-28T16:18:00-Flr-001,Solar Flare,16,GOES-P: EXIS 1.0-8.0,2,No Note,2025,Qtr 1,February,28,N18W02,2025
14011,2025,Qtr 1,March,2,C1.1,2025,Qtr 1,March,2,2,2025,Qtr 1,March,2,2025-03-02T05:46:00-Flr-001,Solar Flare,5,GOES-P: EXIS 1.0-8.0,3,No Note,2025,Qtr 1,March,2,S18E57,2025
14011,2025,Qtr 1,March,2,C2.4,2025,Qtr 1,March,2,2,2025,Qtr 1,March,2,2025-03-02T03:37:00-Flr-001,Solar Flare,3,GOES-P: EXIS 1.0-8.0,3,No Note,2025,Qtr 1,March,2,S18E58,2025
14011,2025,Qtr 1,March,2,C2.9,2025,Qtr 1,March,2,2,2025,Qtr 1,March,2,2025-03-02T09:26:00-Flr-001,Solar Flare,9,GOES-P: EXIS 1.0-8.0,3,No Note,2025,Qtr 1,March,2,S18E54,2025
14016,2025,Qtr 1,March,2,C9.5,2025,Qtr 1,March,1,1,2025,Qtr 1,March,2,2025-03-01T22:44:00-Flr-001,Solar Flare,22,GOES-P: EXIS 1.0-8.0,3,Region From Beyond The Se Limb As Seen In Sdo/Aia 131 Imagery. This Flare Appears To Be Partially Occulted. Ar 14016 Was Numbered On 2025-03-04.,2025,Qtr 1,March,2,S26E90,2025
14016,2025,Qtr 1,March,5,M1.7,2025,Qtr 1,March,5,5,2025,Qtr 1,March,5,2025-03-05T11:45:00-Flr-001,Solar Flare,11,GOES-P: EXIS 1.0-8.0,3,No Note,2025,Qtr 1,March,5,S26E43,2025
14016,2025,Qtr 1,March,8,M1.6,2025,Qtr 1,March,7,7,2025,Qtr 1,March,8,2025-03-07T20:54:00-Flr-001,Solar Flare,20,GOES-P: EXIS 1.0-8.0,3,No Note,2025,Qtr 1,March,8,S26E10,2025
14024,2025,Qtr 1,March,11,M1.1,2025,Qtr 1,March,11,11,2025,Qtr 1,March,11,2025-03-11T13:03:00-Flr-001,Solar Flare,13,GOES-P: EXIS 1.0-8.0,3,No Note,2025,Qtr 1,March,11,N05W47,2025
14024,2025,Qtr 1,March,12,C9.6,2025,Qtr 1,March,11,11,2025,Qtr 1,March,12,2025-03-11T21:19:00-Flr-001,Solar Flare,21,GOES-P: EXIS 1.0-8.0,3,No Note,2025,Qtr 1,March,12,N07W56,2025
14030,2025,Qtr 1,March,15,M1.1,2025,Qtr 1,March,14,14,2025,Qtr 1,March,15,2025-03-14T22:18:00-Flr-001,Solar Flare,22,GOES-P: EXIS 1.0-8.0,3,Source Location Based On Sdo Aia Imagery.,2025,Qtr 1,March,15,S19E80,2025
14033,2025,Qtr 1,March,18,C9.8,2025,Qtr 1,March,17,17,2025,Qtr 1,March,18,2025-03-17T19:04:00-Flr-001,Solar Flare,19,GOES-P: EXIS 1.0-8.0,3,No Note,2025,Qtr 1,March,18,N25E40,2025
14033,2025,Qtr 1,March,18,M1.0,2025,Qtr 1,March,17,17,2025,Qtr 1,March,18,2025-03-17T19:25:00-Flr-001,Solar Flare,19,GOES-P: EXIS 1.0-8.0,3,No Note,2025,Qtr 1,March,18,N25E40,2025
14022,2025,Qtr 1,March,20,C4.4,2025,Qtr 1,March,20,20,2025,Qtr 1,March,20,2025-03-20T16:49:00-Flr-001,Solar Flare,16,GOES-P: EXIS 1.0-8.0,3,No Note,2025,Qtr 1,March,20,N05W75,2025
0,2025,Qtr 1,March,20,C6.0,2025,Qtr 1,March,19,19,2025,Qtr 1,March,20,2025-03-19T23:04:00-Flr-001,Solar Flare,23,GOES-P: EXIS 1.0-8.0,3,"Occluded Flare From Behind The Southwest Limb, Possibly From Former Active Region 14018(S21W100).",2025,Qtr 1,March,20,S23W90,2025
14031,2025,Qtr 1,March,20,M1.5,2025,Qtr 1,March,19,19,2025,Qtr 1,March,20,2025-03-19T20:21:00-Flr-001,Solar Flare,20,GOES-P: EXIS 1.0-8.0,3,There Is Also Sympathetic Flaring In Ar 4035 (N15E45).,2025,Qtr 1,March,20,N16W36,2025
14028,2025,Qtr 1,March,21,M1.2,2025,Qtr 1,March,21,21,2025,Qtr 1,March,21,2025-03-21T15:34:00-Flr-001,Solar Flare,15,GOES-P: EXIS 1.0-8.0,3,No Note,2025,Qtr 1,March,21,S17W33,2025
14028,2025,Qtr 1,March,25,C4.4,2025,Qtr 1,March,25,25,2025,Qtr 1,March,25,2025-03-25T09:42:00-Flr-001,Solar Flare,9,GOES-P: EXIS 1.0-8.0,3,No Note,2025,Qtr 1,March,25,S16W86,2025
14028,2025,Qtr 1,March,25,C9.5,2025,Qtr 1,March,25,25,2025,Qtr 1,March,25,2025-03-25T12:16:00-Flr-001,Solar Flare,12,GOES-P: EXIS 1.0-8.0,3,No Note,2025,Qtr 1,March,25,S16W86,2025
14028,2025,Qtr 1,March,26,C6.5,2025,Qtr 1,March,26,26,2025,Qtr 1,March,26,2025-03-26T09:07:00-Flr-001,Solar Flare,9,GOES-P: EXIS 1.0-8.0,3,No Note,2025,Qtr 1,March,26,S16W99,2025
14043,2025,Qtr 1,March,26,M1.0,2025,Qtr 1,March,26,26,2025,Qtr 1,March,26,2025-03-26T07:44:00-Flr-001,Solar Flare,7,GOES-P: EXIS 1.0-8.0,3,No Note,2025,Qtr 1,March,26,N14E55,2025
14043,2025,Qtr 1,March,27,C3.9,2025,Qtr 1,March,27,27,2025,Qtr 1,March,27,2025-03-27T02:49:00-Flr-001,Solar Flare,2,GOES-P: EXIS 1.0-8.0,3,The Flare Is Centered Somewhat Northwest Of Ar 4043 (~N15E40).,2025,Qtr 1,March,27,N15E40,2025
14043,2025,Qtr 1,March,27,M2.0,2025,Qtr 1,March,27,27,2025,Qtr 1,March,27,2025-03-27T00:18:00-Flr-001,Solar Flare,0,GOES-P: EXIS 1.0-8.0,3,No Note,2025,Qtr 1,March,27,N13E41,2025
14046,2025,Qtr 1,March,28,M1.0,2025,Qtr 1,March,28,28,2025,Qtr 1,March,28,2025-03-28T17:54:00-Flr-001,Solar Flare,17,GOES-P: EXIS 1.0-8.0,3,No Note,2025,Qtr 1,March,28,N02E76,2025
14046,2025,Qtr 1,March,28,X1.1,2025,Qtr 1,March,28,28,2025,Qtr 1,March,28,2025-03-28T15:03:00-Flr-001,Solar Flare,15,GOES-P: EXIS 1.0-8.0,3,No Note,2025,Qtr 1,March,28,N06E80,2025
14048,2025,Qtr 1,March,29,M1.1,2025,Qtr 1,March,28,28,2025,Qtr 1,March,29,2025-03-28T19:14:00-Flr-001,Solar Flare,19,GOES-P: EXIS 1.0-8.0,3,No Note,2025,Qtr 1,March,29,S18E90,2025
14048,2025,Qtr 1,March,29,M1.7,2025,Qtr 1,March,28,28,2025,Qtr 1,March,29,2025-03-28T23:20:00-Flr-001,Solar Flare,23,GOES-P: EXIS 1.0-8.0,3,No Note,2025,Qtr 1,March,29,S18E90,2025
14048,2025,Qtr 1,March,30,C3.5,2025,Qtr 1,March,30,30,2025,Qtr 1,March,30,2025-03-30T03:50:00-Flr-001,Solar Flare,3,GOES-S: EXIS 1.0-8.0,3,Flare Observed In Goes-S Due To Eclipse In Goes-P From 2025-03-30T03:34Z-05:40Z.,2025,Qtr 1,March,30,S20E70,2025
14043,2025,Qtr 1,March,30,M1.4,2025,Qtr 1,March,29,29,2025,Qtr 1,March,30,2025-03-29T21:19:00-Flr-001,Solar Flare,21,GOES-P: EXIS 1.0-8.0,3,"Simultaneous Significant Brightening Occurs At Active Region 14048, Centered At S13E85.",2025,Qtr 1,March,30,N13E03,2025
14048,2025,Qtr 1,March,30,M1.4,2025,Qtr 1,March,30,30,2025,Qtr 1,March,30,2025-03-30T17:00:00-Flr-001,Solar Flare,17,GOES-P: EXIS 1.0-8.0,3,No Note,2025,Qtr 1,March,30,S16E69,2025
14048,2025,Qtr 1,March,30,M1.5,2025,Qtr 1,March,30,30,2025,Qtr 1,March,30,2025-03-30T01:19:00-Flr-001,Solar Flare,1,GOES-P: EXIS 1.0-8.0,3,No Note,2025,Qtr 1,March,30,S15E80,2025
14048,2025,Qtr 1,March,30,M1.6,2025,Qtr 1,March,30,30,2025,Qtr 1,March,30,2025-03-30T16:27:00-Flr-001,Solar Flare,16,GOES-P: EXIS 1.0-8.0,3,No Note,2025,Qtr 1,March,30,S16E69,2025
14048,2025,Qtr 1,March,30,M1.9,2025,Qtr 1,March,29,29,2025,Qtr 1,March,30,2025-03-29T22:38:00-Flr-001,Solar Flare,22,GOES-P: EXIS 1.0-8.0,3,No Note,2025,Qtr 1,March,30,S15E85,2025
14048,2025,Qtr 1,March,31,M1.0,2025,Qtr 1,March,30,30,2025,Qtr 1,March,31,2025-03-30T23:41:00-Flr-001,Solar Flare,23,GOES-P: EXIS 1.0-8.0,3,No Note,2025,Qtr 1,March,31,S15E65,2025
14048,2025,Qtr 1,March,31,M1.2,2025,Qtr 1,March,31,31,2025,Qtr 1,March,31,2025-03-31T10:16:00-Flr-001,Solar Flare,10,GOES-P: EXIS 1.0-8.0,3,No Note,2025,Qtr 1,March,31,S18E63,2025
14048,2025,Qtr 1,March,31,M1.4,2025,Qtr 1,March,30,30,2025,Qtr 1,March,31,2025-03-30T22:43:00-Flr-001,Solar Flare,22,GOES-P: EXIS 1.0-8.0,3,No Note,2025,Qtr 1,March,31,S15E65,2025
14048,2025,Qtr 1,March,31,M1.5,2025,Qtr 1,March,30,30,2025,Qtr 1,March,31,2025-03-30T23:10:00-Flr-001,Solar Flare,23,GOES-P: EXIS 1.0-8.0,3,No Note,2025,Qtr 1,March,31,S15E65,2025
14046,2025,Qtr 2,April,1,M5.6,2025,Qtr 2,April,1,1,2025,Qtr 2,April,1,2025-04-01T06:37:00-Flr-001,Solar Flare,6,GOES-P: EXIS 1.0-8.0,4,No Note,2025,Qtr 2,April,1,N03E29,2025
14048,2025,Qtr 2,April,2,M2.5,2025,Qtr 2,April,1,1,2025,Qtr 2,April,2,2025-04-01T22:18:00-Flr-001,Solar Flare,22,GOES-P: EXIS 1.0-8.0,4,No Note,2025,Qtr 2,April,2,S18E46,2025
14052,2025,Qtr 2,April,4,C4.4,2025,Qtr 2,April,4,4,2025,Qtr 2,April,4,2025-04-04T14:34:00-Flr-001,Solar Flare,14,GOES-P: EXIS 1.0-8.0,4,No Note,2025,Qtr 2,April,4,S23W28,2025
14048,2025,Qtr 2,April,6,M1.0,2025,Qtr 2,April,5,5,2025,Qtr 2,April,6,2025-04-05T19:54:00-Flr-001,Solar Flare,19,GOES-P: EXIS 1.0-8.0,4,Simultaneous Flaring From Ar 14046 And Ar 14048.,2025,Qtr 2,April,6,S18W15,2025
14057,2025,Qtr 2,April,8,C3.0,2025,Qtr 2,April,8,8,2025,Qtr 2,April,8,2025-04-08T05:42:00-Flr-001,Solar Flare,5,GOES-P: EXIS 1.0-8.0,4,No Note,2025,Qtr 2,April,8,N10E55,2025
14048,2025,Qtr 2,April,9,M1.5,2025,Qtr 2,April,8,8,2025,Qtr 2,April,9,2025-04-08T22:08:00-Flr-001,Solar Flare,22,GOES-P: EXIS 1.0-8.0,4,No Note,2025,Qtr 2,April,9,S16W53,2025
14055,2025,Qtr 2,April,11,M1.0,2025,Qtr 2,April,11,11,2025,Qtr 2,April,11,2025-04-11T16:40:00-Flr-001,Solar Flare,16,GOES-P: EXIS 1.0-8.0,4,No Note,2025,Qtr 2,April,11,N08W46,2025
14055,2025,Qtr 2,April,12,M1.0,2025,Qtr 2,April,11,11,2025,Qtr 2,April,12,2025-04-11T22:08:00-Flr-001,Solar Flare,22,GOES-P: EXIS 1.0-8.0,4,"Simultaneous Brightening Is Seen From Ar 14054 (S12W70) Beginning At 2025-04-11T22:18Z And Ending At 2025-04-11T22:30Z, Which Contributes To The Total Brightness Of This Flare, But The Primary Contributor Is Ar 4055 (N08W51).",2025,Qtr 2,April,12,N08W51,2025
14055,2025,Qtr 2,April,12,M1.0,2025,Qtr 2,April,12,12,2025,Qtr 2,April,12,2025-04-12T07:11:00-Flr-001,Solar Flare,7,GOES-P: EXIS 1.0-8.0,4,No Note,2025,Qtr 2,April,12,N07W55,2025
14055,2025,Qtr 2,April,12,M1.1,2025,Qtr 2,April,12,12,2025,Qtr 2,April,12,2025-04-12T04:41:00-Flr-001,Solar Flare,4,GOES-P: EXIS 1.0-8.0,4,No Note,2025,Qtr 2,April,12,N07W53,2025
14055,2025,Qtr 2,April,12,M1.2,2025,Qtr 2,April,12,12,2025,Qtr 2,April,12,2025-04-12T05:36:00-Flr-001,Solar Flare,5,GOES-P: EXIS 1.0-8.0,4,No Note,2025,Qtr 2,April,12,N07W54,2025
14055,2025,Qtr 2,April,12,M1.3,2025,Qtr 2,April,12,12,2025,Qtr 2,April,12,2025-04-12T15:00:00-Flr-001,Solar Flare,15,GOES-P: EXIS 1.0-8.0,4,No Note,2025,Qtr 2,April,12,N07W60,2025
14055,2025,Qtr 2,April,12,M2.0,2025,Qtr 2,April,12,12,2025,Qtr 2,April,12,2025-04-12T11:05:00-Flr-001,Solar Flare,11,GOES-P: EXIS 1.0-8.0,4,No Note,2025,Qtr 2,April,12,N07W57,2025
14055,2025,Qtr 2,April,12,M2.3,2025,Qtr 2,April,12,12,2025,Qtr 2,April,12,2025-04-12T12:33:00-Flr-001,Solar Flare,12,GOES-P: EXIS 1.0-8.0,4,No Note,2025,Qtr 2,April,12,N07W59,2025
14055,2025,Qtr 2,April,12,M2.7,2025,Qtr 2,April,12,12,2025,Qtr 2,April,12,2025-04-12T11:35:00-Flr-001,Solar Flare,11,GOES-P: EXIS 1.0-8.0,4,No Note,2025,Qtr 2,April,12,N07W58,2025
14055,2025,Qtr 2,April,13,M1.0,2025,Qtr 2,April,13,13,2025,Qtr 2,April,13,2025-04-13T01:21:00-Flr-001,Solar Flare,1,GOES-P: EXIS 1.0-8.0,4,No Note,2025,Qtr 2,April,13,N06W65,2025
14055,2025,Qtr 2,April,13,M1.0,2025,Qtr 2,April,13,13,2025,Qtr 2,April,13,2025-04-13T06:38:00-Flr-001,Solar Flare,6,GOES-P: EXIS 1.0-8.0,4,No Note,2025,Qtr 2,April,13,N09W65,2025
14055,2025,Qtr 2,April,13,M1.1,2025,Qtr 2,April,13,13,2025,Qtr 2,April,13,2025-04-13T04:01:00-Flr-001,Solar Flare,4,GOES-P: EXIS 1.0-8.0,4,No Note,2025,Qtr 2,April,13,N06W64,2025
14055,2025,Qtr 2,April,13,M1.1,2025,Qtr 2,April,13,13,2025,Qtr 2,April,13,2025-04-13T04:25:00-Flr-001,Solar Flare,4,GOES-P: EXIS 1.0-8.0,4,No Note,2025,Qtr 2,April,13,N08W65,2025
14055,2025,Qtr 2,April,13,M1.2,2025,Qtr 2,April,13,13,2025,Qtr 2,April,13,2025-04-13T10:03:00-Flr-001,Solar Flare,10,GOES-P: EXIS 1.0-8.0,4,No Note,2025,Qtr 2,April,13,N08W73,2025
14055,2025,Qtr 2,April,13,M1.2,2025,Qtr 2,April,13,13,2025,Qtr 2,April,13,2025-04-13T15:28:00-Flr-001,Solar Flare,15,GOES-P: EXIS 1.0-8.0,4,No Note,2025,Qtr 2,April,13,N08W75,2025
14045,2025,Qtr 2,April,13,M1.3,2025,Qtr 2,April,12,12,2025,Qtr 2,April,13,2025-04-12T23:34:00-Flr-001,Solar Flare,23,GOES-P: EXIS 1.0-8.0,4,No Note,2025,Qtr 2,April,13,N04W65,2025
14055,2025,Qtr 2,April,13,M1.4,2025,Qtr 2,April,13,13,2025,Qtr 2,April,13,2025-04-13T09:43:00-Flr-001,Solar Flare,9,GOES-P: EXIS 1.0-8.0,4,No Note,2025,Qtr 2,April,13,N06W71,2025
14055,2025,Qtr 2,April,13,M1.6,2025,Qtr 2,April,12,12,2025,Qtr 2,April,13,2025-04-12T21:21:00-Flr-001,Solar Flare,21,GOES-P: EXIS 1.0-8.0,4,No Note,2025,Qtr 2,April,13,N09W65,2025
14055,2025,Qtr 2,April,13,M2.3,2025,Qtr 2,April,13,13,2025,Qtr 2,April,13,2025-04-13T04:48:00-Flr-001,Solar Flare,4,GOES-P: EXIS 1.0-8.0,4,No Note,2025,Qtr 2,April,13,N06W68,2025
14055,2025,Qtr 2,April,14,M1.4,2025,Qtr 2,April,14,14,2025,Qtr 2,April,14,2025-04-14T06:00:00-Flr-001,Solar Flare,6,GOES-P: EXIS 1.0-8.0,4,No Note,2025,Qtr 2,April,14,N08W85,2025
14055,2025,Qtr 2,April,14,M1.6,2025,Qtr 2,April,13,13,2025,Qtr 2,April,14,2025-04-13T21:55:00-Flr-001,Solar Flare,21,GOES-P: EXIS 1.0-8.0,4,No Note,2025,Qtr 2,April,14,N09W80,2025
14055,2025,Qtr 2,April,14,M3.2,2025,Qtr 2,April,13,13,2025,Qtr 2,April,14,2025-04-13T18:38:00-Flr-001,Solar Flare,18,GOES-P: EXIS 1.0-8.0,4,"There Is Also Simultaneous Significant Flaring From Behind The Southwest Limb, Likely From Active Region 14053 (S15W95).",2025,Qtr 2,April,14,N09W77,2025
14055,2025,Qtr 2,April,14,M4.2,2025,Qtr 2,April,14,14,2025,Qtr 2,April,14,2025-04-14T06:36:00-Flr-001,Solar Flare,6,GOES-P: EXIS 1.0-8.0,4,No Note,2025,Qtr 2,April,14,N07W85,2025
14055,2025,Qtr 2,April,15,M1.3,2025,Qtr 2,April,15,15,2025,Qtr 2,April,15,2025-04-15T17:57:00-Flr-001,Solar Flare,17,GOES-P: EXIS 1.0-8.0,4,No Note,2025,Qtr 2,April,15,N05W98,2025
14055,2025,Qtr 2,April,15,M1.5,2025,Qtr 2,April,15,15,2025,Qtr 2,April,15,2025-04-15T10:04:00-Flr-001,Solar Flare,10,GOES-P: EXIS 1.0-8.0,4,"This Event Is Observed Beyond The Western Limb And May Be An Occulted Flare From Former Active Region 14055, Which Rotated Off The Earth-Facing Disk On 2025-04-15.",2025,Qtr 2,April,15,N08W90,2025
14068,2025,Qtr 2,April,19,M4.4,2025,Qtr 2,April,18,18,2025,Qtr 2,April,19,2025-04-18T23:08:00-Flr-001,Solar Flare,23,GOES-P: EXIS 1.0-8.0,4,No Note,2025,Qtr 2,April,19,S29E90,2025
14068,2025,Qtr 2,April,20,M1.0,2025,Qtr 2,April,20,20,2025,Qtr 2,April,20,2025-04-20T11:37:00-Flr-001,Solar Flare,11,GOES-P: EXIS 1.0-8.0,4,Ar 14068 Was Numbered On 2025-04-21.,2025,Qtr 2,April,20,S28E85,2025
14062,2025,Qtr 2,April,21,M1.9,2025,Qtr 2,April,21,21,2025,Qtr 2,April,22,2025-04-21T18:24:00-Flr-001,Solar Flare,18,GOES-P: EXIS 1.0-8.0,4,No Note,2025,Qtr 2,April,22,N00W13,2025
14060,2025,Qtr 2,April,22,M1.3,2025,Qtr 2,April,22,22,2025,Qtr 2,April,22,2025-04-22T08:38:00-Flr-001,Solar Flare,8,GOES-P: EXIS 1.0-8.0,4,Long-Duration Flare Associated With Post-Eruptive Arcades From Active Region 14060 (N08W90).,2025,Qtr 2,April,22,N05W90,2025
14078,2025,Qtr 2,April,29,M1.3,2025,Qtr 2,April,29,29,2025,Qtr 2,April,29,2025-04-29T09:45:00-Flr-001,Solar Flare,9,GOES-P: EXIS 1.0-8.0,4,No Note,2025,Qtr 2,April,29,N16W54,2025
14078,2025,Qtr 2,April,29,M1.6,2025,Qtr 2,April,29,29,2025,Qtr 2,April,29,2025-04-29T10:49:00-Flr-001,Solar Flare,10,GOES-P: EXIS 1.0-8.0,4,No Note,2025,Qtr 2,April,29,N16W54,2025
14079,2025,Qtr 2,April,29,M1.7,2025,Qtr 2,April,29,29,2025,Qtr 2,April,29,2025-04-29T05:10:00-Flr-001,Solar Flare,5,GOES-P: EXIS 1.0-8.0,4,Likely The Former Active Region Ar 14055.,2025,Qtr 2,April,29,N08E82,2025
14065,2025,Qtr 2,April,30,C7.3,2025,Qtr 2,April,29,29,2025,Qtr 2,April,30,2025-04-29T23:11:00-Flr-001,Solar Flare,23,GOES-P: EXIS 1.0-8.0,4,No Note,2025,Qtr 2,April,30,S31W91,2025
14079,2025,Qtr 2,April,30,M2.0,2025,Qtr 2,April,30,30,2025,Qtr 2,April,30,2025-04-30T07:41:00-Flr-001,Solar Flare,7,GOES-P: EXIS 1.0-8.0,4,No Note,2025,Qtr 2,April,30,N10E62,2025
14082,2025,Qtr 2,May,4,C5.4,2025,Qtr 2,May,4,4,2025,Qtr 2,May,4,2025-05-04T12:26:00-Flr-001,Solar Flare,12,GOES-P: EXIS 1.0-8.0,5,No Note,2025,Qtr 2,May,4,S12E70,2025
14079,2025,Qtr 2,May,8,C1.6,2025,Qtr 2,May,8,8,2025,Qtr 2,May,8,2025-05-08T10:21:00-Flr-001,Solar Flare,10,GOES-P: EXIS 1.0-8.0,5,No Note,2025,Qtr 2,May,8,N08W46,2025
14079,2025,Qtr 2,May,8,C3.6,2025,Qtr 2,May,8,8,2025,Qtr 2,May,8,2025-05-08T06:54:00-Flr-001,Solar Flare,6,GOES-P: EXIS 1.0-8.0,5,No Note,2025,Qtr 2,May,8,N08W46,2025
14079,2025,Qtr 2,May,12,M1.9,2025,Qtr 2,May,11,11,2025,Qtr 2,May,12,2025-05-11T23:55:00-Flr-001,Solar Flare,23,GOES-P: EXIS 1.0-8.0,5,No Note,2025,Qtr 2,May,12,N08W90,2025
14086,2025,Qtr 2,May,13,X1.2,2025,Qtr 2,May,13,13,2025,Qtr 2,May,13,2025-05-13T15:25:00-Flr-001,Solar Flare,15,GOES-P: EXIS 1.0-8.0,5,No Note,2025,Qtr 2,May,13,N07W80,2025
14087,2025,Qtr 2,May,14,M1.2,2025,Qtr 2,May,14,14,2025,Qtr 2,May,14,2025-05-14T07:36:00-Flr-001,Solar Flare,7,GOES-P: EXIS 1.0-8.0,5,"This Flare Originates Near The Eastern Limb And It Is Difficult To Determine If The Source Is Active Region 14087 Or An Unnumbered Region Closer To The East Limb. At The Time Of This Event, Active Region 14087 Is The Closest Region To This Flare.",2025,Qtr 2,May,14,N17E88,2025
14087,2025,Qtr 2,May,14,M4.7,2025,Qtr 2,May,14,14,2025,Qtr 2,May,14,2025-05-14T17:59:00-Flr-001,Solar Flare,17,GOES-P: EXIS 1.0-8.0,5,No Note,2025,Qtr 2,May,14,N18E60,2025
14087,2025,Qtr 2,May,14,M5.3,2025,Qtr 2,May,14,14,2025,Qtr 2,May,14,2025-05-14T03:05:00-Flr-001,Solar Flare,3,GOES-P: EXIS 1.0-8.0,5,No Note,2025,Qtr 2,May,14,N16E65,2025
14087,2025,Qtr 2,May,14,M7.7,2025,Qtr 2,May,14,14,2025,Qtr 2,May,14,2025-05-14T11:04:00-Flr-001,Solar Flare,11,GOES-P: EXIS 1.0-8.0,5,No Note,2025,Qtr 2,May,14,N16E62,2025
14087,2025,Qtr 2,May,14,X2.7,2025,Qtr 2,May,14,14,2025,Qtr 2,May,14,2025-05-14T08:04:00-Flr-001,Solar Flare,8,GOES-P: EXIS 1.0-8.0,5,No Note,2025,Qtr 2,May,14,N16E64,2025
14087,2025,Qtr 2,May,15,M2.1,2025,Qtr 2,May,15,15,2025,Qtr 2,May,15,2025-05-15T17:08:00-Flr-001,Solar Flare,17,GOES-P: EXIS 1.0-8.0,5,No Note,2025,Qtr 2,May,15,N17E47,2025
14094,2025,Qtr 2,May,19,M3.2,2025,Qtr 2,May,19,19,2025,Qtr 2,May,19,2025-05-19T08:13:00-Flr-001,Solar Flare,8,GOES-P: EXIS 1.0-8.0,5,This Active Region Was Numbered On 2025-05-21.,2025,Qtr 2,May,19,N25E90,2025
14087,2025,Qtr 2,May,21,M1.2,2025,Qtr 2,May,21,21,2025,Qtr 2,May,21,2025-05-21T00:01:00-Flr-001,Solar Flare,0,GOES-P: EXIS 1.0-8.0,5,No Note,2025,Qtr 2,May,21,N17W22,2025
14098,2025,Qtr 2,May,24,C5.3,2025,Qtr 2,May,24,24,2025,Qtr 2,May,24,2025-05-24T16:39:00-Flr-001,Solar Flare,16,GOES-P: EXIS 1.0-8.0,5,No Note,2025,Qtr 2,May,24,S05W40,2025
14098,2025,Qtr 2,May,24,C5.9,2025,Qtr 2,May,24,24,2025,Qtr 2,May,24,2025-05-24T10:27:00-Flr-001,Solar Flare,10,GOES-P: EXIS 1.0-8.0,5,No Note,2025,Qtr 2,May,24,S05W35,2025
0,2025,Qtr 2,May,25,C5.3,2025,Qtr 2,May,25,25,2025,Qtr 2,May,25,2025-05-25T02:50:00-Flr-001,Solar Flare,2,GOES-P: EXIS 1.0-8.0,5,No Note,2025,Qtr 2,May,25,N03E89,2025
0,2025,Qtr 2,May,25,C6.4,2025,Qtr 2,May,25,25,2025,Qtr 2,May,25,2025-05-25T03:01:00-Flr-001,Solar Flare,3,GOES-P: EXIS 1.0-8.0,5,No Note,2025,Qtr 2,May,25,N02E89,2025
14098,2025,Qtr 2,May,25,M1.7,2025,Qtr 2,May,25,25,2025,Qtr 2,May,25,2025-05-25T06:27:00-Flr-001,Solar Flare,6,GOES-P: EXIS 1.0-8.0,5,No Note,2025,Qtr 2,May,25,S05W47,2025
14098,2025,Qtr 2,May,25,M2.1,2025,Qtr 2,May,24,24,2025,Qtr 2,May,25,2025-05-24T20:14:00-Flr-001,Solar Flare,20,GOES-P: EXIS 1.0-8.0,5,No Note,2025,Qtr 2,May,25,S05W40,2025
14098,2025,Qtr 2,May,25,M3.4,2025,Qtr 2,May,25,25,2025,Qtr 2,May,25,2025-05-25T10:05:00-Flr-001,Solar Flare,10,GOES-P: EXIS 1.0-8.0,5,No Note,2025,Qtr 2,May,25,S05W50,2025
14098,2025,Qtr 2,May,25,M8.9,2025,Qtr 2,May,25,25,2025,Qtr 2,May,25,2025-05-25T16:18:00-Flr-001,Solar Flare,16,GOES-P: EXIS 1.0-8.0,5,No Note,2025,Qtr 2,May,25,S05W55,2025
14098,2025,Qtr 2,May,25,X1.1,2025,Qtr 2,May,25,25,2025,Qtr 2,May,25,2025-05-25T01:46:00-Flr-001,Solar Flare,1,GOES-P: EXIS 1.0-8.0,5,No Note,2025,Qtr 2,May,25,S06W45,2025
14100,2025,Qtr 2,May,26,M1.4,2025,Qtr 2,May,26,26,2025,Qtr 2,May,26,2025-05-26T13:27:00-Flr-001,Solar Flare,13,GOES-P: EXIS 1.0-8.0,5,No Note,2025,Qtr 2,May,26,N12E70,2025
14098,2025,Qtr 2,May,26,M2.9,2025,Qtr 2,May,26,26,2025,Qtr 2,May,26,2025-05-26T12:50:00-Flr-001,Solar Flare,12,GOES-P: EXIS 1.0-8.0,5,No Note,2025,Qtr 2,May,26,S04W64,2025
14100,2025,Qtr 2,May,27,C4.5,2025,Qtr 2,May,27,27,2025,Qtr 2,May,27,2025-05-27T10:31:00-Flr-001,Solar Flare,10,GOES-P: EXIS 1.0-8.0,5,This Minor Increase In Brightening Is Associated With A Brief Post-Eruptive Arcade Seen From Active Region 14100 And Is Accompanied By A Long-Duration Post-Eruptive Brightening From The Surrounding Area Near And Around Active Region 14100.,2025,Qtr 2,May,27,N07E60,2025
14100,2025,Qtr 2,May,27,C5.0,2025,Qtr 2,May,27,27,2025,Qtr 2,May,27,2025-05-27T10:04:00-Flr-001,Solar Flare,10,GOES-P: EXIS 1.0-8.0,5,This Minor Increase In Brightening Is Associated With A Brief Post-Eruptive Arcade Seen From Active Region 14100 And Is Accompanied By A Long-Duration Post-Eruptive Brightening From The Surrounding Area Near And Around Active Region 14100.,2025,Qtr 2,May,27,N07E60,2025
14104,2025,Qtr 2,May,30,M1.6,2025,Qtr 2,May,30,30,2025,Qtr 2,May,31,2025-05-30T18:22:00-Flr-001,Solar Flare,18,GOES-P: EXIS 1.0-8.0,5,"This Flare Maintains M1.6 Class For Several Minutes And, Within That Time, Experiences A Very Slight Second Peak Resulting From A Decrease From M1.66 At Peak Time 2025-05-30T18:39Z To M1.63 Before Intensifying Again To M1.69 At 2025-05-30T18:45Z. Both Peaks Of Brightening Are Sourced From The Same Location, Active Region 14104.",2025,Qtr 2,May,31,N06E46,2025
14100,2025,Qtr 2,May,30,M3.4,2025,Qtr 2,May,30,30,2025,Qtr 2,May,30,2025-05-30T05:56:00-Flr-001,Solar Flare,5,GOES-P: EXIS 1.0-8.0,5,No Note,2025,Qtr 2,May,30,N05E21,2025
14100,2025,Qtr 2,May,31,M1.0,2025,Qtr 2,May,31,31,2025,Qtr 2,May,31,2025-05-31T03:49:00-Flr-001,Solar Flare,3,GOES-P: EXIS 1.0-8.0,5,No Note,2025,Qtr 2,May,31,N10E07,2025
14100,2025,Qtr 2,May,31,M2.4,2025,Qtr 2,May,31,31,2025,Qtr 2,May,31,2025-05-31T05:12:00-Flr-001,Solar Flare,5,GOES-P: EXIS 1.0-8.0,5,No Note,2025,Qtr 2,May,31,N10E05,2025
14100,2025,Qtr 2,May,31,M2.9,2025,Qtr 2,May,31,31,2025,Qtr 2,May,31,2025-05-31T15:36:00-Flr-001,Solar Flare,15,GOES-P: EXIS 1.0-8.0,5,No Note,2025,Qtr 2,May,31,N06E02,2025
14100,2025,Qtr 2,May,31,M4.5,2025,Qtr 2,May,31,31,2025,Qtr 2,May,31,2025-05-31T08:08:00-Flr-001,Solar Flare,8,GOES-P: EXIS 1.0-8.0,5,No Note,2025,Qtr 2,May,31,N10E02,2025
14100,2025,Qtr 2,May,31,M8.1,2025,Qtr 2,May,30,30,2025,Qtr 2,May,31,2025-05-30T23:31:00-Flr-001,Solar Flare,23,GOES-P: EXIS 1.0-8.0,5,Associated With Large On-Disk Eruption.,2025,Qtr 2,May,31,N12E12,2025
14100,2025,Qtr 2,June,2,M3.3,2025,Qtr 2,June,2,2,2025,Qtr 2,June,2,2025-06-02T10:59:00-Flr-001,Solar Flare,10,GOES-P: EXIS 1.0-8.0,6,No Note,2025,Qtr 2,June,2,N10W20,2025
14100,2025,Qtr 2,June,3,M1.1,2025,Qtr 2,June,2,2,2025,Qtr 2,June,3,2025-06-02T21:35:00-Flr-001,Solar Flare,21,GOES-P: EXIS 1.0-8.0,6,No Note,2025,Qtr 2,June,3,N08W30,2025
14105,2025,Qtr 2,June,3,M1.4,2025,Qtr 2,June,3,3,2025,Qtr 2,June,3,2025-06-03T12:52:00-Flr-001,Solar Flare,12,GOES-P: EXIS 1.0-8.0,6,Update To Add Newly Assigned Active Region Number.,2025,Qtr 2,June,3,S15E90,2025
14100,2025,Qtr 2,June,5,M1.1,2025,Qtr 2,June,4,4,2025,Qtr 2,June,5,2025-06-04T23:06:00-Flr-001,Solar Flare,23,GOES-P: EXIS 1.0-8.0,6,No Note,2025,Qtr 2,June,5,N15W52,2025
14114,2025,Qtr 2,June,14,C4.9,2025,Qtr 2,June,14,14,2025,Qtr 2,June,14,2025-06-14T14:34:00-Flr-001,Solar Flare,14,GOES-P: EXIS 1.0-8.0,6,No Note,2025,Qtr 2,June,14,N18E30,2025
14105,2025,Qtr 2,June,14,M1.0,2025,Qtr 2,June,14,14,2025,Qtr 2,June,14,2025-06-14T17:52:00-Flr-001,Solar Flare,17,GOES-P: EXIS 1.0-8.0,6,No Note,2025,Qtr 2,June,14,S17W73,2025
14105,2025,Qtr 2,June,14,M1.2,2025,Qtr 2,June,13,13,2025,Qtr 2,June,14,2025-06-13T20:49:00-Flr-001,Solar Flare,20,GOES-P: EXIS 1.0-8.0,6,No Note,2025,Qtr 2,June,14,S15W58,2025
14114,2025,Qtr 2,June,15,C7.6,2025,Qtr 2,June,15,15,2025,Qtr 2,June,15,2025-06-15T02:58:00-Flr-001,Solar Flare,2,GOES-P: EXIS 1.0-8.0,6,No Note,2025,Qtr 2,June,15,N18E24,2025
14105,2025,Qtr 2,June,15,M1.9,2025,Qtr 2,June,15,15,2025,Qtr 2,June,15,2025-06-15T10:32:00-Flr-001,Solar Flare,10,GOES-P: EXIS 1.0-8.0,6,No Note,2025,Qtr 2,June,15,S16W85,2025
14105,2025,Qtr 2,June,15,M2.2,2025,Qtr 2,June,15,15,2025,Qtr 2,June,15,2025-06-15T07:45:00-Flr-001,Solar Flare,7,GOES-P: EXIS 1.0-8.0,6,No Note,2025,Qtr 2,June,15,S15W70,2025
14105,2025,Qtr 2,June,15,M6.8,2025,Qtr 2,June,14,14,2025,Qtr 2,June,15,2025-06-14T22:51:00-Flr-001,Solar Flare,22,GOES-P: EXIS 1.0-8.0,6,No Note,2025,Qtr 2,June,15,S17W73,2025
14114,2025,Qtr 2,June,15,M8.4,2025,Qtr 2,June,15,15,2025,Qtr 2,June,15,2025-06-15T17:45:00-Flr-001,Solar Flare,17,GOES-P: EXIS 1.0-8.0,6,No Note,2025,Qtr 2,June,15,N18E15,2025
14109,2025,Qtr 2,June,16,C6.5,2025,Qtr 2,June,16,16,2025,Qtr 2,June,16,2025-06-16T01:41:00-Flr-001,Solar Flare,1,GOES-P: EXIS 1.0-8.0,6,No Note,2025,Qtr 2,June,16,S16W77,2025
14105,2025,Qtr 2,June,16,M1.1,2025,Qtr 2,June,16,16,2025,Qtr 2,June,16,2025-06-16T14:43:00-Flr-001,Solar Flare,14,GOES-P: EXIS 1.0-8.0,6,No Note,2025,Qtr 2,June,16,S18W92,2025
14114,2025,Qtr 2,June,16,M1.2,2025,Qtr 2,June,15,15,2025,Qtr 2,June,16,2025-06-15T23:43:00-Flr-001,Solar Flare,23,GOES-P: EXIS 1.0-8.0,6,No Note,2025,Qtr 2,June,16,N18E13,2025
14105,2025,Qtr 2,June,16,M1.4,2025,Qtr 2,June,16,16,2025,Qtr 2,June,16,2025-06-16T11:27:00-Flr-001,Solar Flare,11,GOES-P: EXIS 1.0-8.0,6,No Note,2025,Qtr 2,June,16,S17W90,2025
14114,2025,Qtr 2,June,16,M1.8,2025,Qtr 2,June,16,16,2025,Qtr 2,June,16,2025-06-16T04:08:00-Flr-001,Solar Flare,4,GOES-P: EXIS 1.0-8.0,6,No Note,2025,Qtr 2,June,16,N19E09,2025
14114,2025,Qtr 2,June,16,M6.3,2025,Qtr 2,June,16,16,2025,Qtr 2,June,16,2025-06-16T09:17:00-Flr-001,Solar Flare,9,GOES-P: EXIS 1.0-8.0,6,No Note,2025,Qtr 2,June,16,N17E07,2025
14114,2025,Qtr 2,June,17,C5.5,2025,Qtr 2,June,16,16,2025,Qtr 2,June,17,2025-06-16T23:53:00-Flr-001,Solar Flare,23,GOES-P: EXIS 1.0-8.0,6,No Note,2025,Qtr 2,June,17,N21E20,2025
14117,2025,Qtr 2,June,17,C5.5,2025,Qtr 2,June,17,17,2025,Qtr 2,June,17,2025-06-17T08:06:00-Flr-001,Solar Flare,8,GOES-P: EXIS 1.0-8.0,6,No Note,2025,Qtr 2,June,17,S15E90,2025
14117,2025,Qtr 2,June,18,M1.5,2025,Qtr 2,June,17,17,2025,Qtr 2,June,18,2025-06-17T23:44:00-Flr-001,Solar Flare,23,GOES-P: EXIS 1.0-8.0,6,No Note,2025,Qtr 2,June,18,S13E89,2025
14114,2025,Qtr 2,June,18,X1.2,2025,Qtr 2,June,17,17,2025,Qtr 2,June,18,2025-06-17T21:38:00-Flr-001,Solar Flare,21,GOES-P: EXIS 1.0-8.0,6,No Note,2025,Qtr 2,June,18,N19W11,2025
14118,2025,Qtr 2,June,20,M1.0,2025,Qtr 2,June,20,20,2025,Qtr 2,June,20,2025-06-20T17:21:00-Flr-001,Solar Flare,17,GOES-P: EXIS 1.0-8.0,6,No Note,2025,Qtr 2,June,20,S12E45,2025
14114,2025,Qtr 2,June,20,M4.6,2025,Qtr 2,June,20,20,2025,Qtr 2,June,20,2025-06-20T00:02:00-Flr-001,Solar Flare,0,GOES-P: EXIS 1.0-8.0,6,Small Peak On Declining Phase Of X1.9 Flare From Ar 14114 With Peak Time 2025-06-19T23:50Z And End Time 2025-06-19T23:54Z.,2025,Qtr 2,June,20,N19W39,2025
14114,2025,Qtr 2,June,20,X1.9,2025,Qtr 2,June,19,19,2025,Qtr 2,June,20,2025-06-19T23:37:00-Flr-001,Solar Flare,23,GOES-P: EXIS 1.0-8.0,6,Flare Is Situated Between Ar 14114 And Ar 14115.,2025,Qtr 2,June,20,N19W38,2025
14113,2025,Qtr 2,June,22,C1.5,2025,Qtr 2,June,22,22,2025,Qtr 2,June,22,2025-06-22T17:34:00-Flr-001,Solar Flare,17,GOES-P: EXIS 1.0-8.0,6,No Note,2025,Qtr 2,June,22,N10W89,2025
14117,2025,Qtr 2,June,24,C3.1,2025,Qtr 2,June,24,24,2025,Qtr 2,June,24,2025-06-24T15:24:00-Flr-001,Solar Flare,15,GOES-P: EXIS 1.0-8.0,6,No Note,2025,Qtr 2,June,24,S12W08,2025
14126,2025,Qtr 2,June,29,C4.0,2025,Qtr 2,June,28,28,2025,Qtr 2,June,29,2025-06-28T19:40:00-Flr-001,Solar Flare,19,GOES-P: EXIS 1.0-8.0,6,No Note,2025,Qtr 2,June,29,N07W22,2025
14136,2025,Qtr 3,July,8,M2.4,2025,Qtr 3,July,8,8,2025,Qtr 3,July,8,2025-07-08T03:42:00-Flr-001,Solar Flare,3,GOES-P: EXIS 1.0-8.0,7,"At The Time Of This Event, This Flare Originated From An Unnumbered Region Near The Northeast Limb. This Region Has Since Been Numbered As Active Region 14136.",2025,Qtr 3,July,8,N22E90,2025
14136,2025,Qtr 3,July,9,M1.3,2025,Qtr 3,July,9,9,2025,Qtr 3,July,9,2025-07-09T04:10:00-Flr-001,Solar Flare,4,GOES-P: EXIS 1.0-8.0,7,No Note,2025,Qtr 3,July,9,N22E75,2025
